scenario,time,cell_x,cell_z,count,density,mean_speed,mean_vx,mean_vz
Burst,0.48,0,0,0,0.0000,0.0000,0.0000,0.0000
Burst,0.48,0,1,0,0.0000,0.0000,0.0000,0.0000
Burst,0.48,0,2,0,0.0000,0.0000,0.0000,0.0000
Burst,0.48,1,0,0,0.0000,0.0000,0.0000,0.0000
Burst,0.48,1,1,0,0.0000,0.0000,0.0000,0.0000
Burst,0.48,1,2,0,0.0000,0.0000,0.0000,0.0000
Burst,0.48,2,0,0,0.0000,0.0000,0.0000,0.0000
Burst,0.48,2,1,0,0.0000,0.0000,0.0000,0.0000
Burst,0.48,2,2,0,0.0000,0.0000,0.0000,0.0000
Burst,0.48,3,0,0,0.0000,0.0000,0.0000,0.0000
Burst,0.48,3,1,0,0.0000,0.0000,0.0000,0.0000
Burst,0.48,3,2,0,0.0000,0.0000,0.0000,0.0000
Burst,0.48,4,0,0,0.0000,0.0000,0.0000,0.0000
Burst,0.48,4,1,0,0.0000,0.0000,0.0000,0.0000
Burst,0.48,4,2,0,0.0000,0.0000,0.0000,0.0000
Burst,0.48,5,0,0,0.0000,0.0000,0.0000,0.0000
Burst,0.48,5,1,0,0.0000,0.0000,0.0000,0.0000
Burst,0.48,5,2,0,0.0000,0.0000,0.0000,0.0000
Burst,0.48,6,0,0,0.0000,0.0000,0.0000,0.0000
Burst,0.48,6,1,0,0.0000,0.0000,0.0000,0.0000
Burst,0.48,6,2,0,0.0000,0.0000,0.0000,0.0000
Burst,0.48,7,0,0,0.0000,0.0000,0.0000,0.0000
Burst,0.48,7,1,0,0.0000,0.0000,0.0000,0.0000
Burst,0.48,7,2,0,0.0000,0.0000,0.0000,0.0000
Burst,0.48,8,0,0,0.0000,0.0000,0.0000,0.0000
Burst,0.48,8,1,0,0.0000,0.0000,0.0000,0.0000
Burst,0.48,8,2,0,0.0000,0.0000,0.0000,0.0000
Burst,0.48,9,0,0,0.0000,0.0000,0.0000,0.0000
Burst,0.48,9,1,0,0.0000,0.0000,0.0000,0.0000
Burst,0.48,9,2,0,0.0000,0.0000,0.0000,0.0000
Burst,0.48,10,0,0,0.0000,0.0000,0.0000,0.0000
Burst,0.48,10,1,0,0.0000,0.0000,0.0000,0.0000
Burst,0.48,10,2,0,0.0000,0.0000,0.0000,0.0000
Burst,0.48,11,0,0,0.0000,0.0000,0.0000,0.0000
Burst,0.48,11,1,0,0.0000,0.0000,0.0000,0.0000
Burst,0.48,11,2,0,0.0000,0.0000,0.0000,0.0000
Burst,0.48,12,0,0,0.0000,0.0000,0.0000,0.0000
Burst,0.48,12,1,0,0.0000,0.0000,0.0000,0.0000
Burst,0.48,12,2,0,0.0000,0.0000,0.0000,0.0000
Burst,0.48,13,0,0,0.0000,0.0000,0.0000,0.0000
Burst,0.48,13,1,0,0.0000,0.0000,0.0000,0.0000
Burst,0.48,13,2,0,0.0000,0.0000,0.0000,0.0000
Burst,0.48,14,0,0,0.0000,0.0000,0.0000,0.0000
Burst,0.48,14,1,0,0.0000,0.0000,0.0000,0.0000
Burst,0.48,14,2,0,0.0000,0.0000,0.0000,0.0000
Burst,0.48,15,0,0,0.0000,0.0000,0.0000,0.0000
Burst,0.48,15,1,0,0.0000,0.0000,0.0000,0.0000
Burst,0.48,15,2,0,0.0000,0.0000,0.0000,0.0000
Burst,0.48,16,0,0,0.0000,0.0000,0.0000,0.0000
Burst,0.48,16,1,0,0.0000,0.0000,0.0000,0.0000
Burst,0.48,16,2,0,0.0000,0.0000,0.0000,0.0000
Burst,0.48,17,0,0,0.0000,0.0000,0.0000,0.0000
Burst,0.48,17,1,0,0.0000,0.0000,0.0000,0.0000
Burst,0.48,17,2,0,0.0000,0.0000,0.0000,0.0000
Burst,0.48,18,0,0,0.0000,0.0000,0.0000,0.0000
Burst,0.48,18,1,0,0.0000,0.0000,0.0000,0.0000
Burst,0.48,18,2,0,0.0000,0.0000,0.0000,0.0000
Burst,0.48,19,0,0,0.0000,0.0000,0.0000,0.0000
Burst,0.48,19,1,0,0.0000,0.0000,0.0000,0.0000
Burst,0.48,19,2,0,0.0000,0.0000,0.0000,0.0000
Burst,0.48,20,0,0,0.0000,0.0000,0.0000,0.0000
Burst,0.48,20,1,0,0.0000,0.0000,0.0000,0.0000
Burst,0.48,20,2,0,0.0000,0.0000,0.0000,0.0000
Burst,0.48,21,0,0,0.0000,0.0000,0.0000,0.0000
Burst,0.48,21,1,0,0.0000,0.0000,0.0000,0.0000
Burst,0.48,21,2,0,0.0000,0.0000,0.0000,0.0000
Burst,0.48,22,0,0,0.0000,0.0000,0.0000,0.0000
Burst,0.48,22,1,0,0.0000,0.0000,0.0000,0.0000
Burst,0.48,22,2,0,0.0000,0.0000,0.0000,0.0000
Burst,0.48,23,0,0,0.0000,0.0000,0.0000,0.0000
Burst,0.48,23,1,0,0.0000,0.0000,0.0000,0.0000
Burst,0.48,23,2,0,0.0000,0.0000,0.0000,0.0000
Burst,0.48,24,0,0,0.0000,0.0000,0.0000,0.0000
Burst,0.48,24,1,0,0.0000,0.0000,0.0000,0.0000
Burst,0.48,24,2,0,0.0000,0.0000,0.0000,0.0000
Burst,0.48,25,0,0,0.0000,0.0000,0.0000,0.0000
Burst,0.48,25,1,0,0.0000,0.0000,0.0000,0.0000
Burst,0.48,25,2,0,0.0000,0.0000,0.0000,0.0000
Burst,0.48,26,0,0,0.0000,0.0000,0.0000,0.0000
Burst,0.48,26,1,0,0.0000,0.0000,0.0000,0.0000
Burst,0.48,26,2,0,0.0000,0.0000,0.0000,0.0000
Burst,0.48,27,0,0,0.0000,0.0000,0.0000,0.0000
Burst,0.48,27,1,0,0.0000,0.0000,0.0000,0.0000
Burst,0.48,27,2,0,0.0000,0.0000,0.0000,0.0000
Burst,0.48,28,0,0,0.0000,0.0000,0.0000,0.0000
Burst,0.48,28,1,0,0.0000,0.0000,0.0000,0.0000
Burst,0.48,28,2,0,0.0000,0.0000,0.0000,0.0000
Burst,0.48,29,0,0,0.0000,0.0000,0.0000,0.0000
Burst,0.48,29,1,0,0.0000,0.0000,0.0000,0.0000
Burst,0.48,29,2,0,0.0000,0.0000,0.0000,0.0000
Burst,0.98,0,0,0,0.0000,0.0000,0.0000,0.0000
Burst,0.98,0,1,0,0.0000,0.0000,0.0000,0.0000
Burst,0.98,0,2,0,0.0000,0.0000,0.0000,0.0000
Burst,0.98,1,0,0,0.0000,0.0000,0.0000,0.0000
Burst,0.98,1,1,0,0.0000,0.0000,0.0000,0.0000
Burst,0.98,1,2,0,0.0000,0.0000,0.0000,0.0000
Burst,0.98,2,0,0,0.0000,0.0000,0.0000,0.0000
Burst,0.98,2,1,0,0.0000,0.0000,0.0000,0.0000
Burst,0.98,2,2,0,0.0000,0.0000,0.0000,0.0000
Burst,0.98,3,0,0,0.0000,0.0000,0.0000,0.0000
Burst,0.98,3,1,0,0.0000,0.0000,0.0000,0.0000
Burst,0.98,3,2,0,0.0000,0.0000,0.0000,0.0000
Burst,0.98,4,0,0,0.0000,0.0000,0.0000,0.0000
Burst,0.98,4,1,0,0.0000,0.0000,0.0000,0.0000
Burst,0.98,4,2,0,0.0000,0.0000,0.0000,0.0000
Burst,0.98,5,0,0,0.0000,0.0000,0.0000,0.0000
Burst,0.98,5,1,0,0.0000,0.0000,0.0000,0.0000
Burst,0.98,5,2,0,0.0000,0.0000,0.0000,0.0000
Burst,0.98,6,0,0,0.0000,0.0000,0.0000,0.0000
Burst,0.98,6,1,0,0.0000,0.0000,0.0000,0.0000
Burst,0.98,6,2,0,0.0000,0.0000,0.0000,0.0000
Burst,0.98,7,0,0,0.0000,0.0000,0.0000,0.0000
Burst,0.98,7,1,0,0.0000,0.0000,0.0000,0.0000
Burst,0.98,7,2,0,0.0000,0.0000,0.0000,0.0000
Burst,0.98,8,0,0,0.0000,0.0000,0.0000,0.0000
Burst,0.98,8,1,0,0.0000,0.0000,0.0000,0.0000
Burst,0.98,8,2,0,0.0000,0.0000,0.0000,0.0000
Burst,0.98,9,0,0,0.0000,0.0000,0.0000,0.0000
Burst,0.98,9,1,0,0.0000,0.0000,0.0000,0.0000
Burst,0.98,9,2,0,0.0000,0.0000,0.0000,0.0000
Burst,0.98,10,0,0,0.0000,0.0000,0.0000,0.0000
Burst,0.98,10,1,0,0.0000,0.0000,0.0000,0.0000
Burst,0.98,10,2,0,0.0000,0.0000,0.0000,0.0000
Burst,0.98,11,0,0,0.0000,0.0000,0.0000,0.0000
Burst,0.98,11,1,0,0.0000,0.0000,0.0000,0.0000
Burst,0.98,11,2,0,0.0000,0.0000,0.0000,0.0000
Burst,0.98,12,0,0,0.0000,0.0000,0.0000,0.0000
Burst,0.98,12,1,0,0.0000,0.0000,0.0000,0.0000
Burst,0.98,12,2,0,0.0000,0.0000,0.0000,0.0000
Burst,0.98,13,0,0,0.0000,0.0000,0.0000,0.0000
Burst,0.98,13,1,0,0.0000,0.0000,0.0000,0.0000
Burst,0.98,13,2,0,0.0000,0.0000,0.0000,0.0000
Burst,0.98,14,0,0,0.0000,0.0000,0.0000,0.0000
Burst,0.98,14,1,0,0.0000,0.0000,0.0000,0.0000
Burst,0.98,14,2,0,0.0000,0.0000,0.0000,0.0000
Burst,0.98,15,0,0,0.0000,0.0000,0.0000,0.0000
Burst,0.98,15,1,0,0.0000,0.0000,0.0000,0.0000
Burst,0.98,15,2,0,0.0000,0.0000,0.0000,0.0000
Burst,0.98,16,0,0,0.0000,0.0000,0.0000,0.0000
Burst,0.98,16,1,0,0.0000,0.0000,0.0000,0.0000
Burst,0.98,16,2,0,0.0000,0.0000,0.0000,0.0000
Burst,0.98,17,0,0,0.0000,0.0000,0.0000,0.0000
Burst,0.98,17,1,0,0.0000,0.0000,0.0000,0.0000
Burst,0.98,17,2,0,0.0000,0.0000,0.0000,0.0000
Burst,0.98,18,0,0,0.0000,0.0000,0.0000,0.0000
Burst,0.98,18,1,0,0.0000,0.0000,0.0000,0.0000
Burst,0.98,18,2,0,0.0000,0.0000,0.0000,0.0000
Burst,0.98,19,0,0,0.0000,0.0000,0.0000,0.0000
Burst,0.98,19,1,0,0.0000,0.0000,0.0000,0.0000
Burst,0.98,19,2,0,0.0000,0.0000,0.0000,0.0000
Burst,0.98,20,0,0,0.0000,0.0000,0.0000,0.0000
Burst,0.98,20,1,0,0.0000,0.0000,0.0000,0.0000
Burst,0.98,20,2,0,0.0000,0.0000,0.0000,0.0000
Burst,0.98,21,0,0,0.0000,0.0000,0.0000,0.0000
Burst,0.98,21,1,0,0.0000,0.0000,0.0000,0.0000
Burst,0.98,21,2,0,0.0000,0.0000,0.0000,0.0000
Burst,0.98,22,0,0,0.0000,0.0000,0.0000,0.0000
Burst,0.98,22,1,0,0.0000,0.0000,0.0000,0.0000
Burst,0.98,22,2,0,0.0000,0.0000,0.0000,0.0000
Burst,0.98,23,0,0,0.0000,0.0000,0.0000,0.0000
Burst,0.98,23,1,0,0.0000,0.0000,0.0000,0.0000
Burst,0.98,23,2,0,0.0000,0.0000,0.0000,0.0000
Burst,0.98,24,0,0,0.0000,0.0000,0.0000,0.0000
Burst,0.98,24,1,0,0.0000,0.0000,0.0000,0.0000
Burst,0.98,24,2,0,0.0000,0.0000,0.0000,0.0000
Burst,0.98,25,0,0,0.0000,0.0000,0.0000,0.0000
Burst,0.98,25,1,0,0.0000,0.0000,0.0000,0.0000
Burst,0.98,25,2,0,0.0000,0.0000,0.0000,0.0000
Burst,0.98,26,0,0,0.0000,0.0000,0.0000,0.0000
Burst,0.98,26,1,0,0.0000,0.0000,0.0000,0.0000
Burst,0.98,26,2,0,0.0000,0.0000,0.0000,0.0000
Burst,0.98,27,0,0,0.0000,0.0000,0.0000,0.0000
Burst,0.98,27,1,0,0.0000,0.0000,0.0000,0.0000
Burst,0.98,27,2,0,0.0000,0.0000,0.0000,0.0000
Burst,0.98,28,0,0,0.0000,0.0000,0.0000,0.0000
Burst,0.98,28,1,0,0.0000,0.0000,0.0000,0.0000
Burst,0.98,28,2,0,0.0000,0.0000,0.0000,0.0000
Burst,0.98,29,0,0,0.0000,0.0000,0.0000,0.0000
Burst,0.98,29,1,0,0.0000,0.0000,0.0000,0.0000
Burst,0.98,29,2,0,0.0000,0.0000,0.0000,0.0000
Burst,1.48,0,0,0,0.0000,0.0000,0.0000,0.0000
Burst,1.48,0,1,0,0.0000,0.0000,0.0000,0.0000
Burst,1.48,0,2,0,0.0000,0.0000,0.0000,0.0000
Burst,1.48,1,0,0,0.0000,0.0000,0.0000,0.0000
Burst,1.48,1,1,0,0.0000,0.0000,0.0000,0.0000
Burst,1.48,1,2,0,0.0000,0.0000,0.0000,0.0000
Burst,1.48,2,0,0,0.0000,0.0000,0.0000,0.0000
Burst,1.48,2,1,0,0.0000,0.0000,0.0000,0.0000
Burst,1.48,2,2,0,0.0000,0.0000,0.0000,0.0000
Burst,1.48,3,0,0,0.0000,0.0000,0.0000,0.0000
Burst,1.48,3,1,0,0.0000,0.0000,0.0000,0.0000
Burst,1.48,3,2,0,0.0000,0.0000,0.0000,0.0000
Burst,1.48,4,0,0,0.0000,0.0000,0.0000,0.0000
Burst,1.48,4,1,0,0.0000,0.0000,0.0000,0.0000
Burst,1.48,4,2,0,0.0000,0.0000,0.0000,0.0000
Burst,1.48,5,0,0,0.0000,0.0000,0.0000,0.0000
Burst,1.48,5,1,0,0.0000,0.0000,0.0000,0.0000
Burst,1.48,5,2,0,0.0000,0.0000,0.0000,0.0000
Burst,1.48,6,0,0,0.0000,0.0000,0.0000,0.0000
Burst,1.48,6,1,0,0.0000,0.0000,0.0000,0.0000
Burst,1.48,6,2,0,0.0000,0.0000,0.0000,0.0000
Burst,1.48,7,0,0,0.0000,0.0000,0.0000,0.0000
Burst,1.48,7,1,0,0.0000,0.0000,0.0000,0.0000
Burst,1.48,7,2,0,0.0000,0.0000,0.0000,0.0000
Burst,1.48,8,0,0,0.0000,0.0000,0.0000,0.0000
Burst,1.48,8,1,0,0.0000,0.0000,0.0000,0.0000
Burst,1.48,8,2,0,0.0000,0.0000,0.0000,0.0000
Burst,1.48,9,0,0,0.0000,0.0000,0.0000,0.0000
Burst,1.48,9,1,0,0.0000,0.0000,0.0000,0.0000
Burst,1.48,9,2,0,0.0000,0.0000,0.0000,0.0000
Burst,1.48,10,0,0,0.0000,0.0000,0.0000,0.0000
Burst,1.48,10,1,0,0.0000,0.0000,0.0000,0.0000
Burst,1.48,10,2,0,0.0000,0.0000,0.0000,0.0000
Burst,1.48,11,0,0,0.0000,0.0000,0.0000,0.0000
Burst,1.48,11,1,0,0.0000,0.0000,0.0000,0.0000
Burst,1.48,11,2,0,0.0000,0.0000,0.0000,0.0000
Burst,1.48,12,0,0,0.0000,0.0000,0.0000,0.0000
Burst,1.48,12,1,0,0.0000,0.0000,0.0000,0.0000
Burst,1.48,12,2,0,0.0000,0.0000,0.0000,0.0000
Burst,1.48,13,0,0,0.0000,0.0000,0.0000,0.0000
Burst,1.48,13,1,0,0.0000,0.0000,0.0000,0.0000
Burst,1.48,13,2,0,0.0000,0.0000,0.0000,0.0000
Burst,1.48,14,0,0,0.0000,0.0000,0.0000,0.0000
Burst,1.48,14,1,0,0.0000,0.0000,0.0000,0.0000
Burst,1.48,14,2,0,0.0000,0.0000,0.0000,0.0000
Burst,1.48,15,0,0,0.0000,0.0000,0.0000,0.0000
Burst,1.48,15,1,0,0.0000,0.0000,0.0000,0.0000
Burst,1.48,15,2,0,0.0000,0.0000,0.0000,0.0000
Burst,1.48,16,0,0,0.0000,0.0000,0.0000,0.0000
Burst,1.48,16,1,0,0.0000,0.0000,0.0000,0.0000
Burst,1.48,16,2,0,0.0000,0.0000,0.0000,0.0000
Burst,1.48,17,0,0,0.0000,0.0000,0.0000,0.0000
Burst,1.48,17,1,0,0.0000,0.0000,0.0000,0.0000
Burst,1.48,17,2,0,0.0000,0.0000,0.0000,0.0000
Burst,1.48,18,0,0,0.0000,0.0000,0.0000,0.0000
Burst,1.48,18,1,0,0.0000,0.0000,0.0000,0.0000
Burst,1.48,18,2,0,0.0000,0.0000,0.0000,0.0000
Burst,1.48,19,0,0,0.0000,0.0000,0.0000,0.0000
Burst,1.48,19,1,0,0.0000,0.0000,0.0000,0.0000
Burst,1.48,19,2,0,0.0000,0.0000,0.0000,0.0000
Burst,1.48,20,0,0,0.0000,0.0000,0.0000,0.0000
Burst,1.48,20,1,0,0.0000,0.0000,0.0000,0.0000
Burst,1.48,20,2,0,0.0000,0.0000,0.0000,0.0000
Burst,1.48,21,0,0,0.0000,0.0000,0.0000,0.0000
Burst,1.48,21,1,0,0.0000,0.0000,0.0000,0.0000
Burst,1.48,21,2,0,0.0000,0.0000,0.0000,0.0000
Burst,1.48,22,0,0,0.0000,0.0000,0.0000,0.0000
Burst,1.48,22,1,0,0.0000,0.0000,0.0000,0.0000
Burst,1.48,22,2,0,0.0000,0.0000,0.0000,0.0000
Burst,1.48,23,0,0,0.0000,0.0000,0.0000,0.0000
Burst,1.48,23,1,0,0.0000,0.0000,0.0000,0.0000
Burst,1.48,23,2,0,0.0000,0.0000,0.0000,0.0000
Burst,1.48,24,0,0,0.0000,0.0000,0.0000,0.0000
Burst,1.48,24,1,0,0.0000,0.0000,0.0000,0.0000
Burst,1.48,24,2,0,0.0000,0.0000,0.0000,0.0000
Burst,1.48,25,0,0,0.0000,0.0000,0.0000,0.0000
Burst,1.48,25,1,0,0.0000,0.0000,0.0000,0.0000
Burst,1.48,25,2,0,0.0000,0.0000,0.0000,0.0000
Burst,1.48,26,0,0,0.0000,0.0000,0.0000,0.0000
Burst,1.48,26,1,0,0.0000,0.0000,0.0000,0.0000
Burst,1.48,26,2,0,0.0000,0.0000,0.0000,0.0000
Burst,1.48,27,0,0,0.0000,0.0000,0.0000,0.0000
Burst,1.48,27,1,0,0.0000,0.0000,0.0000,0.0000
Burst,1.48,27,2,0,0.0000,0.0000,0.0000,0.0000
Burst,1.48,28,0,0,0.0000,0.0000,0.0000,0.0000
Burst,1.48,28,1,0,0.0000,0.0000,0.0000,0.0000
Burst,1.48,28,2,0,0.0000,0.0000,0.0000,0.0000
Burst,1.48,29,0,0,0.0000,0.0000,0.0000,0.0000
Burst,1.48,29,1,0,0.0000,0.0000,0.0000,0.0000
Burst,1.48,29,2,0,0.0000,0.0000,0.0000,0.0000
Burst,1.99,0,0,0,0.0000,0.0000,0.0000,0.0000
Burst,1.99,0,1,0,0.0000,0.0000,0.0000,0.0000
Burst,1.99,0,2,0,0.0000,0.0000,0.0000,0.0000
Burst,1.99,1,0,0,0.0000,0.0000,0.0000,0.0000
Burst,1.99,1,1,0,0.0000,0.0000,0.0000,0.0000
Burst,1.99,1,2,0,0.0000,0.0000,0.0000,0.0000
Burst,1.99,2,0,0,0.0000,0.0000,0.0000,0.0000
Burst,1.99,2,1,0,0.0000,0.0000,0.0000,0.0000
Burst,1.99,2,2,0,0.0000,0.0000,0.0000,0.0000
Burst,1.99,3,0,0,0.0000,0.0000,0.0000,0.0000
Burst,1.99,3,1,0,0.0000,0.0000,0.0000,0.0000
Burst,1.99,3,2,0,0.0000,0.0000,0.0000,0.0000
Burst,1.99,4,0,0,0.0000,0.0000,0.0000,0.0000
Burst,1.99,4,1,0,0.0000,0.0000,0.0000,0.0000
Burst,1.99,4,2,0,0.0000,0.0000,0.0000,0.0000
Burst,1.99,5,0,0,0.0000,0.0000,0.0000,0.0000
Burst,1.99,5,1,0,0.0000,0.0000,0.0000,0.0000
Burst,1.99,5,2,0,0.0000,0.0000,0.0000,0.0000
Burst,1.99,6,0,0,0.0000,0.0000,0.0000,0.0000
Burst,1.99,6,1,0,0.0000,0.0000,0.0000,0.0000
Burst,1.99,6,2,0,0.0000,0.0000,0.0000,0.0000
Burst,1.99,7,0,0,0.0000,0.0000,0.0000,0.0000
Burst,1.99,7,1,0,0.0000,0.0000,0.0000,0.0000
Burst,1.99,7,2,0,0.0000,0.0000,0.0000,0.0000
Burst,1.99,8,0,0,0.0000,0.0000,0.0000,0.0000
Burst,1.99,8,1,0,0.0000,0.0000,0.0000,0.0000
Burst,1.99,8,2,0,0.0000,0.0000,0.0000,0.0000
Burst,1.99,9,0,0,0.0000,0.0000,0.0000,0.0000
Burst,1.99,9,1,0,0.0000,0.0000,0.0000,0.0000
Burst,1.99,9,2,0,0.0000,0.0000,0.0000,0.0000
Burst,1.99,10,0,0,0.0000,0.0000,0.0000,0.0000
Burst,1.99,10,1,0,0.0000,0.0000,0.0000,0.0000
Burst,1.99,10,2,0,0.0000,0.0000,0.0000,0.0000
Burst,1.99,11,0,0,0.0000,0.0000,0.0000,0.0000
Burst,1.99,11,1,0,0.0000,0.0000,0.0000,0.0000
Burst,1.99,11,2,0,0.0000,0.0000,0.0000,0.0000
Burst,1.99,12,0,0,0.0000,0.0000,0.0000,0.0000
Burst,1.99,12,1,0,0.0000,0.0000,0.0000,0.0000
Burst,1.99,12,2,0,0.0000,0.0000,0.0000,0.0000
Burst,1.99,13,0,0,0.0000,0.0000,0.0000,0.0000
Burst,1.99,13,1,0,0.0000,0.0000,0.0000,0.0000
Burst,1.99,13,2,0,0.0000,0.0000,0.0000,0.0000
Burst,1.99,14,0,0,0.0000,0.0000,0.0000,0.0000
Burst,1.99,14,1,0,0.0000,0.0000,0.0000,0.0000
Burst,1.99,14,2,0,0.0000,0.0000,0.0000,0.0000
Burst,1.99,15,0,0,0.0000,0.0000,0.0000,0.0000
Burst,1.99,15,1,0,0.0000,0.0000,0.0000,0.0000
Burst,1.99,15,2,0,0.0000,0.0000,0.0000,0.0000
Burst,1.99,16,0,0,0.0000,0.0000,0.0000,0.0000
Burst,1.99,16,1,0,0.0000,0.0000,0.0000,0.0000
Burst,1.99,16,2,0,0.0000,0.0000,0.0000,0.0000
Burst,1.99,17,0,0,0.0000,0.0000,0.0000,0.0000
Burst,1.99,17,1,0,0.0000,0.0000,0.0000,0.0000
Burst,1.99,17,2,0,0.0000,0.0000,0.0000,0.0000
Burst,1.99,18,0,0,0.0000,0.0000,0.0000,0.0000
Burst,1.99,18,1,0,0.0000,0.0000,0.0000,0.0000
Burst,1.99,18,2,0,0.0000,0.0000,0.0000,0.0000
Burst,1.99,19,0,0,0.0000,0.0000,0.0000,0.0000
Burst,1.99,19,1,0,0.0000,0.0000,0.0000,0.0000
Burst,1.99,19,2,0,0.0000,0.0000,0.0000,0.0000
Burst,1.99,20,0,0,0.0000,0.0000,0.0000,0.0000
Burst,1.99,20,1,0,0.0000,0.0000,0.0000,0.0000
Burst,1.99,20,2,0,0.0000,0.0000,0.0000,0.0000
Burst,1.99,21,0,0,0.0000,0.0000,0.0000,0.0000
Burst,1.99,21,1,0,0.0000,0.0000,0.0000,0.0000
Burst,1.99,21,2,0,0.0000,0.0000,0.0000,0.0000
Burst,1.99,22,0,0,0.0000,0.0000,0.0000,0.0000
Burst,1.99,22,1,0,0.0000,0.0000,0.0000,0.0000
Burst,1.99,22,2,0,0.0000,0.0000,0.0000,0.0000
Burst,1.99,23,0,0,0.0000,0.0000,0.0000,0.0000
Burst,1.99,23,1,0,0.0000,0.0000,0.0000,0.0000
Burst,1.99,23,2,0,0.0000,0.0000,0.0000,0.0000
Burst,1.99,24,0,0,0.0000,0.0000,0.0000,0.0000
Burst,1.99,24,1,0,0.0000,0.0000,0.0000,0.0000
Burst,1.99,24,2,0,0.0000,0.0000,0.0000,0.0000
Burst,1.99,25,0,0,0.0000,0.0000,0.0000,0.0000
Burst,1.99,25,1,0,0.0000,0.0000,0.0000,0.0000
Burst,1.99,25,2,0,0.0000,0.0000,0.0000,0.0000
Burst,1.99,26,0,0,0.0000,0.0000,0.0000,0.0000
Burst,1.99,26,1,0,0.0000,0.0000,0.0000,0.0000
Burst,1.99,26,2,0,0.0000,0.0000,0.0000,0.0000
Burst,1.99,27,0,0,0.0000,0.0000,0.0000,0.0000
Burst,1.99,27,1,0,0.0000,0.0000,0.0000,0.0000
Burst,1.99,27,2,0,0.0000,0.0000,0.0000,0.0000
Burst,1.99,28,0,0,0.0000,0.0000,0.0000,0.0000
Burst,1.99,28,1,0,0.0000,0.0000,0.0000,0.0000
Burst,1.99,28,2,0,0.0000,0.0000,0.0000,0.0000
Burst,1.99,29,0,0,0.0000,0.0000,0.0000,0.0000
Burst,1.99,29,1,0,0.0000,0.0000,0.0000,0.0000
Burst,1.99,29,2,0,0.0000,0.0000,0.0000,0.0000
Burst,2.49,0,0,0,0.0000,0.0000,0.0000,0.0000
Burst,2.49,0,1,0,0.0000,0.0000,0.0000,0.0000
Burst,2.49,0,2,0,0.0000,0.0000,0.0000,0.0000
Burst,2.49,1,0,0,0.0000,0.0000,0.0000,0.0000
Burst,2.49,1,1,0,0.0000,0.0000,0.0000,0.0000
Burst,2.49,1,2,0,0.0000,0.0000,0.0000,0.0000
Burst,2.49,2,0,0,0.0000,0.0000,0.0000,0.0000
Burst,2.49,2,1,0,0.0000,0.0000,0.0000,0.0000
Burst,2.49,2,2,0,0.0000,0.0000,0.0000,0.0000
Burst,2.49,3,0,0,0.0000,0.0000,0.0000,0.0000
Burst,2.49,3,1,0,0.0000,0.0000,0.0000,0.0000
Burst,2.49,3,2,0,0.0000,0.0000,0.0000,0.0000
Burst,2.49,4,0,0,0.0000,0.0000,0.0000,0.0000
Burst,2.49,4,1,0,0.0000,0.0000,0.0000,0.0000
Burst,2.49,4,2,0,0.0000,0.0000,0.0000,0.0000
Burst,2.49,5,0,0,0.0000,0.0000,0.0000,0.0000
Burst,2.49,5,1,0,0.0000,0.0000,0.0000,0.0000
Burst,2.49,5,2,0,0.0000,0.0000,0.0000,0.0000
Burst,2.49,6,0,0,0.0000,0.0000,0.0000,0.0000
Burst,2.49,6,1,0,0.0000,0.0000,0.0000,0.0000
Burst,2.49,6,2,0,0.0000,0.0000,0.0000,0.0000
Burst,2.49,7,0,0,0.0000,0.0000,0.0000,0.0000
Burst,2.49,7,1,0,0.0000,0.0000,0.0000,0.0000
Burst,2.49,7,2,0,0.0000,0.0000,0.0000,0.0000
Burst,2.49,8,0,0,0.0000,0.0000,0.0000,0.0000
Burst,2.49,8,1,0,0.0000,0.0000,0.0000,0.0000
Burst,2.49,8,2,0,0.0000,0.0000,0.0000,0.0000
Burst,2.49,9,0,0,0.0000,0.0000,0.0000,0.0000
Burst,2.49,9,1,0,0.0000,0.0000,0.0000,0.0000
Burst,2.49,9,2,0,0.0000,0.0000,0.0000,0.0000
Burst,2.49,10,0,0,0.0000,0.0000,0.0000,0.0000
Burst,2.49,10,1,0,0.0000,0.0000,0.0000,0.0000
Burst,2.49,10,2,0,0.0000,0.0000,0.0000,0.0000
Burst,2.49,11,0,0,0.0000,0.0000,0.0000,0.0000
Burst,2.49,11,1,0,0.0000,0.0000,0.0000,0.0000
Burst,2.49,11,2,0,0.0000,0.0000,0.0000,0.0000
Burst,2.49,12,0,0,0.0000,0.0000,0.0000,0.0000
Burst,2.49,12,1,0,0.0000,0.0000,0.0000,0.0000
Burst,2.49,12,2,0,0.0000,0.0000,0.0000,0.0000
Burst,2.49,13,0,0,0.0000,0.0000,0.0000,0.0000
Burst,2.49,13,1,0,0.0000,0.0000,0.0000,0.0000
Burst,2.49,13,2,0,0.0000,0.0000,0.0000,0.0000
Burst,2.49,14,0,0,0.0000,0.0000,0.0000,0.0000
Burst,2.49,14,1,0,0.0000,0.0000,0.0000,0.0000
Burst,2.49,14,2,0,0.0000,0.0000,0.0000,0.0000
Burst,2.49,15,0,0,0.0000,0.0000,0.0000,0.0000
Burst,2.49,15,1,0,0.0000,0.0000,0.0000,0.0000
Burst,2.49,15,2,0,0.0000,0.0000,0.0000,0.0000
Burst,2.49,16,0,0,0.0000,0.0000,0.0000,0.0000
Burst,2.49,16,1,0,0.0000,0.0000,0.0000,0.0000
Burst,2.49,16,2,0,0.0000,0.0000,0.0000,0.0000
Burst,2.49,17,0,0,0.0000,0.0000,0.0000,0.0000
Burst,2.49,17,1,0,0.0000,0.0000,0.0000,0.0000
Burst,2.49,17,2,0,0.0000,0.0000,0.0000,0.0000
Burst,2.49,18,0,0,0.0000,0.0000,0.0000,0.0000
Burst,2.49,18,1,0,0.0000,0.0000,0.0000,0.0000
Burst,2.49,18,2,0,0.0000,0.0000,0.0000,0.0000
Burst,2.49,19,0,0,0.0000,0.0000,0.0000,0.0000
Burst,2.49,19,1,0,0.0000,0.0000,0.0000,0.0000
Burst,2.49,19,2,0,0.0000,0.0000,0.0000,0.0000
Burst,2.49,20,0,0,0.0000,0.0000,0.0000,0.0000
Burst,2.49,20,1,0,0.0000,0.0000,0.0000,0.0000
Burst,2.49,20,2,0,0.0000,0.0000,0.0000,0.0000
Burst,2.49,21,0,0,0.0000,0.0000,0.0000,0.0000
Burst,2.49,21,1,0,0.0000,0.0000,0.0000,0.0000
Burst,2.49,21,2,0,0.0000,0.0000,0.0000,0.0000
Burst,2.49,22,0,0,0.0000,0.0000,0.0000,0.0000
Burst,2.49,22,1,0,0.0000,0.0000,0.0000,0.0000
Burst,2.49,22,2,0,0.0000,0.0000,0.0000,0.0000
Burst,2.49,23,0,0,0.0000,0.0000,0.0000,0.0000
Burst,2.49,23,1,0,0.0000,0.0000,0.0000,0.0000
Burst,2.49,23,2,0,0.0000,0.0000,0.0000,0.0000
Burst,2.49,24,0,0,0.0000,0.0000,0.0000,0.0000
Burst,2.49,24,1,0,0.0000,0.0000,0.0000,0.0000
Burst,2.49,24,2,0,0.0000,0.0000,0.0000,0.0000
Burst,2.49,25,0,0,0.0000,0.0000,0.0000,0.0000
Burst,2.49,25,1,0,0.0000,0.0000,0.0000,0.0000
Burst,2.49,25,2,0,0.0000,0.0000,0.0000,0.0000
Burst,2.49,26,0,0,0.0000,0.0000,0.0000,0.0000
Burst,2.49,26,1,0,0.0000,0.0000,0.0000,0.0000
Burst,2.49,26,2,0,0.0000,0.0000,0.0000,0.0000
Burst,2.49,27,0,0,0.0000,0.0000,0.0000,0.0000
Burst,2.49,27,1,0,0.0000,0.0000,0.0000,0.0000
Burst,2.49,27,2,0,0.0000,0.0000,0.0000,0.0000
Burst,2.49,28,0,0,0.0000,0.0000,0.0000,0.0000
Burst,2.49,28,1,0,0.0000,0.0000,0.0000,0.0000
Burst,2.49,28,2,0,0.0000,0.0000,0.0000,0.0000
Burst,2.49,29,0,0,0.0000,0.0000,0.0000,0.0000
Burst,2.49,29,1,0,0.0000,0.0000,0.0000,0.0000
Burst,2.49,29,2,0,0.0000,0.0000,0.0000,0.0000
Burst,2.99,0,0,0,0.0000,0.0000,0.0000,0.0000
Burst,2.99,0,1,0,0.0000,0.0000,0.0000,0.0000
Burst,2.99,0,2,0,0.0000,0.0000,0.0000,0.0000
Burst,2.99,1,0,0,0.0000,0.0000,0.0000,0.0000
Burst,2.99,1,1,0,0.0000,0.0000,0.0000,0.0000
Burst,2.99,1,2,0,0.0000,0.0000,0.0000,0.0000
Burst,2.99,2,0,0,0.0000,0.0000,0.0000,0.0000
Burst,2.99,2,1,0,0.0000,0.0000,0.0000,0.0000
Burst,2.99,2,2,0,0.0000,0.0000,0.0000,0.0000
Burst,2.99,3,0,0,0.0000,0.0000,0.0000,0.0000
Burst,2.99,3,1,0,0.0000,0.0000,0.0000,0.0000
Burst,2.99,3,2,0,0.0000,0.0000,0.0000,0.0000
Burst,2.99,4,0,0,0.0000,0.0000,0.0000,0.0000
Burst,2.99,4,1,0,0.0000,0.0000,0.0000,0.0000
Burst,2.99,4,2,0,0.0000,0.0000,0.0000,0.0000
Burst,2.99,5,0,0,0.0000,0.0000,0.0000,0.0000
Burst,2.99,5,1,0,0.0000,0.0000,0.0000,0.0000
Burst,2.99,5,2,0,0.0000,0.0000,0.0000,0.0000
Burst,2.99,6,0,0,0.0000,0.0000,0.0000,0.0000
Burst,2.99,6,1,0,0.0000,0.0000,0.0000,0.0000
Burst,2.99,6,2,0,0.0000,0.0000,0.0000,0.0000
Burst,2.99,7,0,0,0.0000,0.0000,0.0000,0.0000
Burst,2.99,7,1,0,0.0000,0.0000,0.0000,0.0000
Burst,2.99,7,2,0,0.0000,0.0000,0.0000,0.0000
Burst,2.99,8,0,0,0.0000,0.0000,0.0000,0.0000
Burst,2.99,8,1,0,0.0000,0.0000,0.0000,0.0000
Burst,2.99,8,2,0,0.0000,0.0000,0.0000,0.0000
Burst,2.99,9,0,0,0.0000,0.0000,0.0000,0.0000
Burst,2.99,9,1,0,0.0000,0.0000,0.0000,0.0000
Burst,2.99,9,2,0,0.0000,0.0000,0.0000,0.0000
Burst,2.99,10,0,0,0.0000,0.0000,0.0000,0.0000
Burst,2.99,10,1,0,0.0000,0.0000,0.0000,0.0000
Burst,2.99,10,2,0,0.0000,0.0000,0.0000,0.0000
Burst,2.99,11,0,0,0.0000,0.0000,0.0000,0.0000
Burst,2.99,11,1,0,0.0000,0.0000,0.0000,0.0000
Burst,2.99,11,2,0,0.0000,0.0000,0.0000,0.0000
Burst,2.99,12,0,0,0.0000,0.0000,0.0000,0.0000
Burst,2.99,12,1,0,0.0000,0.0000,0.0000,0.0000
Burst,2.99,12,2,0,0.0000,0.0000,0.0000,0.0000
Burst,2.99,13,0,0,0.0000,0.0000,0.0000,0.0000
Burst,2.99,13,1,0,0.0000,0.0000,0.0000,0.0000
Burst,2.99,13,2,0,0.0000,0.0000,0.0000,0.0000
Burst,2.99,14,0,0,0.0000,0.0000,0.0000,0.0000
Burst,2.99,14,1,0,0.0000,0.0000,0.0000,0.0000
Burst,2.99,14,2,0,0.0000,0.0000,0.0000,0.0000
Burst,2.99,15,0,0,0.0000,0.0000,0.0000,0.0000
Burst,2.99,15,1,0,0.0000,0.0000,0.0000,0.0000
Burst,2.99,15,2,0,0.0000,0.0000,0.0000,0.0000
Burst,2.99,16,0,0,0.0000,0.0000,0.0000,0.0000
Burst,2.99,16,1,0,0.0000,0.0000,0.0000,0.0000
Burst,2.99,16,2,0,0.0000,0.0000,0.0000,0.0000
Burst,2.99,17,0,0,0.0000,0.0000,0.0000,0.0000
Burst,2.99,17,1,0,0.0000,0.0000,0.0000,0.0000
Burst,2.99,17,2,0,0.0000,0.0000,0.0000,0.0000
Burst,2.99,18,0,0,0.0000,0.0000,0.0000,0.0000
Burst,2.99,18,1,0,0.0000,0.0000,0.0000,0.0000
Burst,2.99,18,2,0,0.0000,0.0000,0.0000,0.0000
Burst,2.99,19,0,0,0.0000,0.0000,0.0000,0.0000
Burst,2.99,19,1,0,0.0000,0.0000,0.0000,0.0000
Burst,2.99,19,2,0,0.0000,0.0000,0.0000,0.0000
Burst,2.99,20,0,0,0.0000,0.0000,0.0000,0.0000
Burst,2.99,20,1,0,0.0000,0.0000,0.0000,0.0000
Burst,2.99,20,2,0,0.0000,0.0000,0.0000,0.0000
Burst,2.99,21,0,0,0.0000,0.0000,0.0000,0.0000
Burst,2.99,21,1,0,0.0000,0.0000,0.0000,0.0000
Burst,2.99,21,2,0,0.0000,0.0000,0.0000,0.0000
Burst,2.99,22,0,0,0.0000,0.0000,0.0000,0.0000
Burst,2.99,22,1,0,0.0000,0.0000,0.0000,0.0000
Burst,2.99,22,2,0,0.0000,0.0000,0.0000,0.0000
Burst,2.99,23,0,0,0.0000,0.0000,0.0000,0.0000
Burst,2.99,23,1,0,0.0000,0.0000,0.0000,0.0000
Burst,2.99,23,2,0,0.0000,0.0000,0.0000,0.0000
Burst,2.99,24,0,0,0.0000,0.0000,0.0000,0.0000
Burst,2.99,24,1,0,0.0000,0.0000,0.0000,0.0000
Burst,2.99,24,2,0,0.0000,0.0000,0.0000,0.0000
Burst,2.99,25,0,0,0.0000,0.0000,0.0000,0.0000
Burst,2.99,25,1,0,0.0000,0.0000,0.0000,0.0000
Burst,2.99,25,2,0,0.0000,0.0000,0.0000,0.0000
Burst,2.99,26,0,0,0.0000,0.0000,0.0000,0.0000
Burst,2.99,26,1,0,0.0000,0.0000,0.0000,0.0000
Burst,2.99,26,2,0,0.0000,0.0000,0.0000,0.0000
Burst,2.99,27,0,0,0.0000,0.0000,0.0000,0.0000
Burst,2.99,27,1,0,0.0000,0.0000,0.0000,0.0000
Burst,2.99,27,2,0,0.0000,0.0000,0.0000,0.0000
Burst,2.99,28,0,0,0.0000,0.0000,0.0000,0.0000
Burst,2.99,28,1,0,0.0000,0.0000,0.0000,0.0000
Burst,2.99,28,2,0,0.0000,0.0000,0.0000,0.0000
Burst,2.99,29,0,0,0.0000,0.0000,0.0000,0.0000
Burst,2.99,29,1,0,0.0000,0.0000,0.0000,0.0000
Burst,2.99,29,2,0,0.0000,0.0000,0.0000,0.0000
Burst,3.49,0,0,0,0.0000,0.0000,0.0000,0.0000
Burst,3.49,0,1,0,0.0000,0.0000,0.0000,0.0000
Burst,3.49,0,2,0,0.0000,0.0000,0.0000,0.0000
Burst,3.49,1,0,0,0.0000,0.0000,0.0000,0.0000
Burst,3.49,1,1,0,0.0000,0.0000,0.0000,0.0000
Burst,3.49,1,2,0,0.0000,0.0000,0.0000,0.0000
Burst,3.49,2,0,0,0.0000,0.0000,0.0000,0.0000
Burst,3.49,2,1,0,0.0000,0.0000,0.0000,0.0000
Burst,3.49,2,2,0,0.0000,0.0000,0.0000,0.0000
Burst,3.49,3,0,0,0.0000,0.0000,0.0000,0.0000
Burst,3.49,3,1,0,0.0000,0.0000,0.0000,0.0000
Burst,3.49,3,2,0,0.0000,0.0000,0.0000,0.0000
Burst,3.49,4,0,0,0.0000,0.0000,0.0000,0.0000
Burst,3.49,4,1,0,0.0000,0.0000,0.0000,0.0000
Burst,3.49,4,2,0,0.0000,0.0000,0.0000,0.0000
Burst,3.49,5,0,0,0.0000,0.0000,0.0000,0.0000
Burst,3.49,5,1,0,0.0000,0.0000,0.0000,0.0000
Burst,3.49,5,2,0,0.0000,0.0000,0.0000,0.0000
Burst,3.49,6,0,0,0.0000,0.0000,0.0000,0.0000
Burst,3.49,6,1,0,0.0000,0.0000,0.0000,0.0000
Burst,3.49,6,2,0,0.0000,0.0000,0.0000,0.0000
Burst,3.49,7,0,0,0.0000,0.0000,0.0000,0.0000
Burst,3.49,7,1,0,0.0000,0.0000,0.0000,0.0000
Burst,3.49,7,2,0,0.0000,0.0000,0.0000,0.0000
Burst,3.49,8,0,0,0.0000,0.0000,0.0000,0.0000
Burst,3.49,8,1,0,0.0000,0.0000,0.0000,0.0000
Burst,3.49,8,2,0,0.0000,0.0000,0.0000,0.0000
Burst,3.49,9,0,0,0.0000,0.0000,0.0000,0.0000
Burst,3.49,9,1,0,0.0000,0.0000,0.0000,0.0000
Burst,3.49,9,2,0,0.0000,0.0000,0.0000,0.0000
Burst,3.49,10,0,0,0.0000,0.0000,0.0000,0.0000
Burst,3.49,10,1,0,0.0000,0.0000,0.0000,0.0000
Burst,3.49,10,2,0,0.0000,0.0000,0.0000,0.0000
Burst,3.49,11,0,0,0.0000,0.0000,0.0000,0.0000
Burst,3.49,11,1,0,0.0000,0.0000,0.0000,0.0000
Burst,3.49,11,2,0,0.0000,0.0000,0.0000,0.0000
Burst,3.49,12,0,0,0.0000,0.0000,0.0000,0.0000
Burst,3.49,12,1,0,0.0000,0.0000,0.0000,0.0000
Burst,3.49,12,2,0,0.0000,0.0000,0.0000,0.0000
Burst,3.49,13,0,0,0.0000,0.0000,0.0000,0.0000
Burst,3.49,13,1,0,0.0000,0.0000,0.0000,0.0000
Burst,3.49,13,2,0,0.0000,0.0000,0.0000,0.0000
Burst,3.49,14,0,0,0.0000,0.0000,0.0000,0.0000
Burst,3.49,14,1,0,0.0000,0.0000,0.0000,0.0000
Burst,3.49,14,2,0,0.0000,0.0000,0.0000,0.0000
Burst,3.49,15,0,0,0.0000,0.0000,0.0000,0.0000
Burst,3.49,15,1,0,0.0000,0.0000,0.0000,0.0000
Burst,3.49,15,2,0,0.0000,0.0000,0.0000,0.0000
Burst,3.49,16,0,0,0.0000,0.0000,0.0000,0.0000
Burst,3.49,16,1,0,0.0000,0.0000,0.0000,0.0000
Burst,3.49,16,2,0,0.0000,0.0000,0.0000,0.0000
Burst,3.49,17,0,0,0.0000,0.0000,0.0000,0.0000
Burst,3.49,17,1,0,0.0000,0.0000,0.0000,0.0000
Burst,3.49,17,2,0,0.0000,0.0000,0.0000,0.0000
Burst,3.49,18,0,0,0.0000,0.0000,0.0000,0.0000
Burst,3.49,18,1,0,0.0000,0.0000,0.0000,0.0000
Burst,3.49,18,2,0,0.0000,0.0000,0.0000,0.0000
Burst,3.49,19,0,0,0.0000,0.0000,0.0000,0.0000
Burst,3.49,19,1,0,0.0000,0.0000,0.0000,0.0000
Burst,3.49,19,2,0,0.0000,0.0000,0.0000,0.0000
Burst,3.49,20,0,0,0.0000,0.0000,0.0000,0.0000
Burst,3.49,20,1,0,0.0000,0.0000,0.0000,0.0000
Burst,3.49,20,2,0,0.0000,0.0000,0.0000,0.0000
Burst,3.49,21,0,0,0.0000,0.0000,0.0000,0.0000
Burst,3.49,21,1,0,0.0000,0.0000,0.0000,0.0000
Burst,3.49,21,2,0,0.0000,0.0000,0.0000,0.0000
Burst,3.49,22,0,0,0.0000,0.0000,0.0000,0.0000
Burst,3.49,22,1,0,0.0000,0.0000,0.0000,0.0000
Burst,3.49,22,2,0,0.0000,0.0000,0.0000,0.0000
Burst,3.49,23,0,0,0.0000,0.0000,0.0000,0.0000
Burst,3.49,23,1,0,0.0000,0.0000,0.0000,0.0000
Burst,3.49,23,2,0,0.0000,0.0000,0.0000,0.0000
Burst,3.49,24,0,0,0.0000,0.0000,0.0000,0.0000
Burst,3.49,24,1,0,0.0000,0.0000,0.0000,0.0000
Burst,3.49,24,2,0,0.0000,0.0000,0.0000,0.0000
Burst,3.49,25,0,0,0.0000,0.0000,0.0000,0.0000
Burst,3.49,25,1,0,0.0000,0.0000,0.0000,0.0000
Burst,3.49,25,2,0,0.0000,0.0000,0.0000,0.0000
Burst,3.49,26,0,0,0.0000,0.0000,0.0000,0.0000
Burst,3.49,26,1,0,0.0000,0.0000,0.0000,0.0000
Burst,3.49,26,2,0,0.0000,0.0000,0.0000,0.0000
Burst,3.49,27,0,0,0.0000,0.0000,0.0000,0.0000
Burst,3.49,27,1,0,0.0000,0.0000,0.0000,0.0000
Burst,3.49,27,2,0,0.0000,0.0000,0.0000,0.0000
Burst,3.49,28,0,0,0.0000,0.0000,0.0000,0.0000
Burst,3.49,28,1,0,0.0000,0.0000,0.0000,0.0000
Burst,3.49,28,2,0,0.0000,0.0000,0.0000,0.0000
Burst,3.49,29,0,0,0.0000,0.0000,0.0000,0.0000
Burst,3.49,29,1,0,0.0000,0.0000,0.0000,0.0000
Burst,3.49,29,2,0,0.0000,0.0000,0.0000,0.0000
Burst,3.99,0,0,0,0.0000,0.0000,0.0000,0.0000
Burst,3.99,0,1,0,0.0000,0.0000,0.0000,0.0000
Burst,3.99,0,2,0,0.0000,0.0000,0.0000,0.0000
Burst,3.99,1,0,0,0.0000,0.0000,0.0000,0.0000
Burst,3.99,1,1,0,0.0000,0.0000,0.0000,0.0000
Burst,3.99,1,2,0,0.0000,0.0000,0.0000,0.0000
Burst,3.99,2,0,0,0.0000,0.0000,0.0000,0.0000
Burst,3.99,2,1,0,0.0000,0.0000,0.0000,0.0000
Burst,3.99,2,2,0,0.0000,0.0000,0.0000,0.0000
Burst,3.99,3,0,0,0.0000,0.0000,0.0000,0.0000
Burst,3.99,3,1,0,0.0000,0.0000,0.0000,0.0000
Burst,3.99,3,2,0,0.0000,0.0000,0.0000,0.0000
Burst,3.99,4,0,0,0.0000,0.0000,0.0000,0.0000
Burst,3.99,4,1,0,0.0000,0.0000,0.0000,0.0000
Burst,3.99,4,2,0,0.0000,0.0000,0.0000,0.0000
Burst,3.99,5,0,0,0.0000,0.0000,0.0000,0.0000
Burst,3.99,5,1,0,0.0000,0.0000,0.0000,0.0000
Burst,3.99,5,2,0,0.0000,0.0000,0.0000,0.0000
Burst,3.99,6,0,0,0.0000,0.0000,0.0000,0.0000
Burst,3.99,6,1,0,0.0000,0.0000,0.0000,0.0000
Burst,3.99,6,2,0,0.0000,0.0000,0.0000,0.0000
Burst,3.99,7,0,0,0.0000,0.0000,0.0000,0.0000
Burst,3.99,7,1,0,0.0000,0.0000,0.0000,0.0000
Burst,3.99,7,2,0,0.0000,0.0000,0.0000,0.0000
Burst,3.99,8,0,0,0.0000,0.0000,0.0000,0.0000
Burst,3.99,8,1,0,0.0000,0.0000,0.0000,0.0000
Burst,3.99,8,2,0,0.0000,0.0000,0.0000,0.0000
Burst,3.99,9,0,0,0.0000,0.0000,0.0000,0.0000
Burst,3.99,9,1,0,0.0000,0.0000,0.0000,0.0000
Burst,3.99,9,2,0,0.0000,0.0000,0.0000,0.0000
Burst,3.99,10,0,0,0.0000,0.0000,0.0000,0.0000
Burst,3.99,10,1,0,0.0000,0.0000,0.0000,0.0000
Burst,3.99,10,2,0,0.0000,0.0000,0.0000,0.0000
Burst,3.99,11,0,0,0.0000,0.0000,0.0000,0.0000
Burst,3.99,11,1,0,0.0000,0.0000,0.0000,0.0000
Burst,3.99,11,2,0,0.0000,0.0000,0.0000,0.0000
Burst,3.99,12,0,0,0.0000,0.0000,0.0000,0.0000
Burst,3.99,12,1,0,0.0000,0.0000,0.0000,0.0000
Burst,3.99,12,2,0,0.0000,0.0000,0.0000,0.0000
Burst,3.99,13,0,0,0.0000,0.0000,0.0000,0.0000
Burst,3.99,13,1,0,0.0000,0.0000,0.0000,0.0000
Burst,3.99,13,2,0,0.0000,0.0000,0.0000,0.0000
Burst,3.99,14,0,0,0.0000,0.0000,0.0000,0.0000
Burst,3.99,14,1,0,0.0000,0.0000,0.0000,0.0000
Burst,3.99,14,2,0,0.0000,0.0000,0.0000,0.0000
Burst,3.99,15,0,0,0.0000,0.0000,0.0000,0.0000
Burst,3.99,15,1,0,0.0000,0.0000,0.0000,0.0000
Burst,3.99,15,2,0,0.0000,0.0000,0.0000,0.0000
Burst,3.99,16,0,0,0.0000,0.0000,0.0000,0.0000
Burst,3.99,16,1,0,0.0000,0.0000,0.0000,0.0000
Burst,3.99,16,2,0,0.0000,0.0000,0.0000,0.0000
Burst,3.99,17,0,0,0.0000,0.0000,0.0000,0.0000
Burst,3.99,17,1,0,0.0000,0.0000,0.0000,0.0000
Burst,3.99,17,2,0,0.0000,0.0000,0.0000,0.0000
Burst,3.99,18,0,0,0.0000,0.0000,0.0000,0.0000
Burst,3.99,18,1,0,0.0000,0.0000,0.0000,0.0000
Burst,3.99,18,2,0,0.0000,0.0000,0.0000,0.0000
Burst,3.99,19,0,0,0.0000,0.0000,0.0000,0.0000
Burst,3.99,19,1,0,0.0000,0.0000,0.0000,0.0000
Burst,3.99,19,2,0,0.0000,0.0000,0.0000,0.0000
Burst,3.99,20,0,0,0.0000,0.0000,0.0000,0.0000
Burst,3.99,20,1,0,0.0000,0.0000,0.0000,0.0000
Burst,3.99,20,2,0,0.0000,0.0000,0.0000,0.0000
Burst,3.99,21,0,0,0.0000,0.0000,0.0000,0.0000
Burst,3.99,21,1,0,0.0000,0.0000,0.0000,0.0000
Burst,3.99,21,2,0,0.0000,0.0000,0.0000,0.0000
Burst,3.99,22,0,0,0.0000,0.0000,0.0000,0.0000
Burst,3.99,22,1,0,0.0000,0.0000,0.0000,0.0000
Burst,3.99,22,2,0,0.0000,0.0000,0.0000,0.0000
Burst,3.99,23,0,0,0.0000,0.0000,0.0000,0.0000
Burst,3.99,23,1,0,0.0000,0.0000,0.0000,0.0000
Burst,3.99,23,2,0,0.0000,0.0000,0.0000,0.0000
Burst,3.99,24,0,0,0.0000,0.0000,0.0000,0.0000
Burst,3.99,24,1,0,0.0000,0.0000,0.0000,0.0000
Burst,3.99,24,2,0,0.0000,0.0000,0.0000,0.0000
Burst,3.99,25,0,0,0.0000,0.0000,0.0000,0.0000
Burst,3.99,25,1,0,0.0000,0.0000,0.0000,0.0000
Burst,3.99,25,2,0,0.0000,0.0000,0.0000,0.0000
Burst,3.99,26,0,0,0.0000,0.0000,0.0000,0.0000
Burst,3.99,26,1,0,0.0000,0.0000,0.0000,0.0000
Burst,3.99,26,2,0,0.0000,0.0000,0.0000,0.0000
Burst,3.99,27,0,0,0.0000,0.0000,0.0000,0.0000
Burst,3.99,27,1,0,0.0000,0.0000,0.0000,0.0000
Burst,3.99,27,2,0,0.0000,0.0000,0.0000,0.0000
Burst,3.99,28,0,0,0.0000,0.0000,0.0000,0.0000
Burst,3.99,28,1,0,0.0000,0.0000,0.0000,0.0000
Burst,3.99,28,2,0,0.0000,0.0000,0.0000,0.0000
Burst,3.99,29,0,0,0.0000,0.0000,0.0000,0.0000
Burst,3.99,29,1,0,0.0000,0.0000,0.0000,0.0000
Burst,3.99,29,2,0,0.0000,0.0000,0.0000,0.0000
Burst,4.49,0,0,0,0.0000,0.0000,0.0000,0.0000
Burst,4.49,0,1,0,0.0000,0.0000,0.0000,0.0000
Burst,4.49,0,2,0,0.0000,0.0000,0.0000,0.0000
Burst,4.49,1,0,0,0.0000,0.0000,0.0000,0.0000
Burst,4.49,1,1,0,0.0000,0.0000,0.0000,0.0000
Burst,4.49,1,2,0,0.0000,0.0000,0.0000,0.0000
Burst,4.49,2,0,0,0.0000,0.0000,0.0000,0.0000
Burst,4.49,2,1,0,0.0000,0.0000,0.0000,0.0000
Burst,4.49,2,2,0,0.0000,0.0000,0.0000,0.0000
Burst,4.49,3,0,0,0.0000,0.0000,0.0000,0.0000
Burst,4.49,3,1,0,0.0000,0.0000,0.0000,0.0000
Burst,4.49,3,2,0,0.0000,0.0000,0.0000,0.0000
Burst,4.49,4,0,0,0.0000,0.0000,0.0000,0.0000
Burst,4.49,4,1,0,0.0000,0.0000,0.0000,0.0000
Burst,4.49,4,2,0,0.0000,0.0000,0.0000,0.0000
Burst,4.49,5,0,0,0.0000,0.0000,0.0000,0.0000
Burst,4.49,5,1,0,0.0000,0.0000,0.0000,0.0000
Burst,4.49,5,2,0,0.0000,0.0000,0.0000,0.0000
Burst,4.49,6,0,0,0.0000,0.0000,0.0000,0.0000
Burst,4.49,6,1,0,0.0000,0.0000,0.0000,0.0000
Burst,4.49,6,2,0,0.0000,0.0000,0.0000,0.0000
Burst,4.49,7,0,0,0.0000,0.0000,0.0000,0.0000
Burst,4.49,7,1,0,0.0000,0.0000,0.0000,0.0000
Burst,4.49,7,2,0,0.0000,0.0000,0.0000,0.0000
Burst,4.49,8,0,0,0.0000,0.0000,0.0000,0.0000
Burst,4.49,8,1,0,0.0000,0.0000,0.0000,0.0000
Burst,4.49,8,2,0,0.0000,0.0000,0.0000,0.0000
Burst,4.49,9,0,0,0.0000,0.0000,0.0000,0.0000
Burst,4.49,9,1,0,0.0000,0.0000,0.0000,0.0000
Burst,4.49,9,2,0,0.0000,0.0000,0.0000,0.0000
Burst,4.49,10,0,0,0.0000,0.0000,0.0000,0.0000
Burst,4.49,10,1,0,0.0000,0.0000,0.0000,0.0000
Burst,4.49,10,2,0,0.0000,0.0000,0.0000,0.0000
Burst,4.49,11,0,0,0.0000,0.0000,0.0000,0.0000
Burst,4.49,11,1,0,0.0000,0.0000,0.0000,0.0000
Burst,4.49,11,2,0,0.0000,0.0000,0.0000,0.0000
Burst,4.49,12,0,0,0.0000,0.0000,0.0000,0.0000
Burst,4.49,12,1,0,0.0000,0.0000,0.0000,0.0000
Burst,4.49,12,2,0,0.0000,0.0000,0.0000,0.0000
Burst,4.49,13,0,0,0.0000,0.0000,0.0000,0.0000
Burst,4.49,13,1,0,0.0000,0.0000,0.0000,0.0000
Burst,4.49,13,2,0,0.0000,0.0000,0.0000,0.0000
Burst,4.49,14,0,0,0.0000,0.0000,0.0000,0.0000
Burst,4.49,14,1,0,0.0000,0.0000,0.0000,0.0000
Burst,4.49,14,2,0,0.0000,0.0000,0.0000,0.0000
Burst,4.49,15,0,0,0.0000,0.0000,0.0000,0.0000
Burst,4.49,15,1,0,0.0000,0.0000,0.0000,0.0000
Burst,4.49,15,2,0,0.0000,0.0000,0.0000,0.0000
Burst,4.49,16,0,0,0.0000,0.0000,0.0000,0.0000
Burst,4.49,16,1,0,0.0000,0.0000,0.0000,0.0000
Burst,4.49,16,2,0,0.0000,0.0000,0.0000,0.0000
Burst,4.49,17,0,0,0.0000,0.0000,0.0000,0.0000
Burst,4.49,17,1,0,0.0000,0.0000,0.0000,0.0000
Burst,4.49,17,2,0,0.0000,0.0000,0.0000,0.0000
Burst,4.49,18,0,0,0.0000,0.0000,0.0000,0.0000
Burst,4.49,18,1,0,0.0000,0.0000,0.0000,0.0000
Burst,4.49,18,2,0,0.0000,0.0000,0.0000,0.0000
Burst,4.49,19,0,0,0.0000,0.0000,0.0000,0.0000
Burst,4.49,19,1,0,0.0000,0.0000,0.0000,0.0000
Burst,4.49,19,2,0,0.0000,0.0000,0.0000,0.0000
Burst,4.49,20,0,0,0.0000,0.0000,0.0000,0.0000
Burst,4.49,20,1,0,0.0000,0.0000,0.0000,0.0000
Burst,4.49,20,2,0,0.0000,0.0000,0.0000,0.0000
Burst,4.49,21,0,0,0.0000,0.0000,0.0000,0.0000
Burst,4.49,21,1,0,0.0000,0.0000,0.0000,0.0000
Burst,4.49,21,2,0,0.0000,0.0000,0.0000,0.0000
Burst,4.49,22,0,0,0.0000,0.0000,0.0000,0.0000
Burst,4.49,22,1,0,0.0000,0.0000,0.0000,0.0000
Burst,4.49,22,2,0,0.0000,0.0000,0.0000,0.0000
Burst,4.49,23,0,0,0.0000,0.0000,0.0000,0.0000
Burst,4.49,23,1,0,0.0000,0.0000,0.0000,0.0000
Burst,4.49,23,2,0,0.0000,0.0000,0.0000,0.0000
Burst,4.49,24,0,0,0.0000,0.0000,0.0000,0.0000
Burst,4.49,24,1,0,0.0000,0.0000,0.0000,0.0000
Burst,4.49,24,2,0,0.0000,0.0000,0.0000,0.0000
Burst,4.49,25,0,0,0.0000,0.0000,0.0000,0.0000
Burst,4.49,25,1,0,0.0000,0.0000,0.0000,0.0000
Burst,4.49,25,2,0,0.0000,0.0000,0.0000,0.0000
Burst,4.49,26,0,0,0.0000,0.0000,0.0000,0.0000
Burst,4.49,26,1,0,0.0000,0.0000,0.0000,0.0000
Burst,4.49,26,2,0,0.0000,0.0000,0.0000,0.0000
Burst,4.49,27,0,0,0.0000,0.0000,0.0000,0.0000
Burst,4.49,27,1,0,0.0000,0.0000,0.0000,0.0000
Burst,4.49,27,2,0,0.0000,0.0000,0.0000,0.0000
Burst,4.49,28,0,0,0.0000,0.0000,0.0000,0.0000
Burst,4.49,28,1,0,0.0000,0.0000,0.0000,0.0000
Burst,4.49,28,2,0,0.0000,0.0000,0.0000,0.0000
Burst,4.49,29,0,0,0.0000,0.0000,0.0000,0.0000
Burst,4.49,29,1,0,0.0000,0.0000,0.0000,0.0000
Burst,4.49,29,2,0,0.0000,0.0000,0.0000,0.0000
Burst,4.99,0,0,0,0.0000,0.0000,0.0000,0.0000
Burst,4.99,0,1,0,0.0000,0.0000,0.0000,0.0000
Burst,4.99,0,2,0,0.0000,0.0000,0.0000,0.0000
Burst,4.99,1,0,0,0.0000,0.0000,0.0000,0.0000
Burst,4.99,1,1,0,0.0000,0.0000,0.0000,0.0000
Burst,4.99,1,2,0,0.0000,0.0000,0.0000,0.0000
Burst,4.99,2,0,0,0.0000,0.0000,0.0000,0.0000
Burst,4.99,2,1,0,0.0000,0.0000,0.0000,0.0000
Burst,4.99,2,2,0,0.0000,0.0000,0.0000,0.0000
Burst,4.99,3,0,0,0.0000,0.0000,0.0000,0.0000
Burst,4.99,3,1,0,0.0000,0.0000,0.0000,0.0000
Burst,4.99,3,2,0,0.0000,0.0000,0.0000,0.0000
Burst,4.99,4,0,0,0.0000,0.0000,0.0000,0.0000
Burst,4.99,4,1,0,0.0000,0.0000,0.0000,0.0000
Burst,4.99,4,2,0,0.0000,0.0000,0.0000,0.0000
Burst,4.99,5,0,0,0.0000,0.0000,0.0000,0.0000
Burst,4.99,5,1,0,0.0000,0.0000,0.0000,0.0000
Burst,4.99,5,2,0,0.0000,0.0000,0.0000,0.0000
Burst,4.99,6,0,0,0.0000,0.0000,0.0000,0.0000
Burst,4.99,6,1,0,0.0000,0.0000,0.0000,0.0000
Burst,4.99,6,2,0,0.0000,0.0000,0.0000,0.0000
Burst,4.99,7,0,0,0.0000,0.0000,0.0000,0.0000
Burst,4.99,7,1,0,0.0000,0.0000,0.0000,0.0000
Burst,4.99,7,2,0,0.0000,0.0000,0.0000,0.0000
Burst,4.99,8,0,0,0.0000,0.0000,0.0000,0.0000
Burst,4.99,8,1,0,0.0000,0.0000,0.0000,0.0000
Burst,4.99,8,2,0,0.0000,0.0000,0.0000,0.0000
Burst,4.99,9,0,0,0.0000,0.0000,0.0000,0.0000
Burst,4.99,9,1,0,0.0000,0.0000,0.0000,0.0000
Burst,4.99,9,2,0,0.0000,0.0000,0.0000,0.0000
Burst,4.99,10,0,0,0.0000,0.0000,0.0000,0.0000
Burst,4.99,10,1,0,0.0000,0.0000,0.0000,0.0000
Burst,4.99,10,2,0,0.0000,0.0000,0.0000,0.0000
Burst,4.99,11,0,0,0.0000,0.0000,0.0000,0.0000
Burst,4.99,11,1,0,0.0000,0.0000,0.0000,0.0000
Burst,4.99,11,2,0,0.0000,0.0000,0.0000,0.0000
Burst,4.99,12,0,0,0.0000,0.0000,0.0000,0.0000
Burst,4.99,12,1,0,0.0000,0.0000,0.0000,0.0000
Burst,4.99,12,2,0,0.0000,0.0000,0.0000,0.0000
Burst,4.99,13,0,0,0.0000,0.0000,0.0000,0.0000
Burst,4.99,13,1,0,0.0000,0.0000,0.0000,0.0000
Burst,4.99,13,2,0,0.0000,0.0000,0.0000,0.0000
Burst,4.99,14,0,0,0.0000,0.0000,0.0000,0.0000
Burst,4.99,14,1,0,0.0000,0.0000,0.0000,0.0000
Burst,4.99,14,2,0,0.0000,0.0000,0.0000,0.0000
Burst,4.99,15,0,0,0.0000,0.0000,0.0000,0.0000
Burst,4.99,15,1,0,0.0000,0.0000,0.0000,0.0000
Burst,4.99,15,2,0,0.0000,0.0000,0.0000,0.0000
Burst,4.99,16,0,0,0.0000,0.0000,0.0000,0.0000
Burst,4.99,16,1,0,0.0000,0.0000,0.0000,0.0000
Burst,4.99,16,2,0,0.0000,0.0000,0.0000,0.0000
Burst,4.99,17,0,0,0.0000,0.0000,0.0000,0.0000
Burst,4.99,17,1,0,0.0000,0.0000,0.0000,0.0000
Burst,4.99,17,2,0,0.0000,0.0000,0.0000,0.0000
Burst,4.99,18,0,0,0.0000,0.0000,0.0000,0.0000
Burst,4.99,18,1,0,0.0000,0.0000,0.0000,0.0000
Burst,4.99,18,2,0,0.0000,0.0000,0.0000,0.0000
Burst,4.99,19,0,0,0.0000,0.0000,0.0000,0.0000
Burst,4.99,19,1,0,0.0000,0.0000,0.0000,0.0000
Burst,4.99,19,2,0,0.0000,0.0000,0.0000,0.0000
Burst,4.99,20,0,0,0.0000,0.0000,0.0000,0.0000
Burst,4.99,20,1,0,0.0000,0.0000,0.0000,0.0000
Burst,4.99,20,2,0,0.0000,0.0000,0.0000,0.0000
Burst,4.99,21,0,0,0.0000,0.0000,0.0000,0.0000
Burst,4.99,21,1,0,0.0000,0.0000,0.0000,0.0000
Burst,4.99,21,2,0,0.0000,0.0000,0.0000,0.0000
Burst,4.99,22,0,0,0.0000,0.0000,0.0000,0.0000
Burst,4.99,22,1,0,0.0000,0.0000,0.0000,0.0000
Burst,4.99,22,2,0,0.0000,0.0000,0.0000,0.0000
Burst,4.99,23,0,0,0.0000,0.0000,0.0000,0.0000
Burst,4.99,23,1,0,0.0000,0.0000,0.0000,0.0000
Burst,4.99,23,2,0,0.0000,0.0000,0.0000,0.0000
Burst,4.99,24,0,0,0.0000,0.0000,0.0000,0.0000
Burst,4.99,24,1,0,0.0000,0.0000,0.0000,0.0000
Burst,4.99,24,2,0,0.0000,0.0000,0.0000,0.0000
Burst,4.99,25,0,0,0.0000,0.0000,0.0000,0.0000
Burst,4.99,25,1,0,0.0000,0.0000,0.0000,0.0000
Burst,4.99,25,2,0,0.0000,0.0000,0.0000,0.0000
Burst,4.99,26,0,0,0.0000,0.0000,0.0000,0.0000
Burst,4.99,26,1,0,0.0000,0.0000,0.0000,0.0000
Burst,4.99,26,2,0,0.0000,0.0000,0.0000,0.0000
Burst,4.99,27,0,0,0.0000,0.0000,0.0000,0.0000
Burst,4.99,27,1,0,0.0000,0.0000,0.0000,0.0000
Burst,4.99,27,2,0,0.0000,0.0000,0.0000,0.0000
Burst,4.99,28,0,0,0.0000,0.0000,0.0000,0.0000
Burst,4.99,28,1,0,0.0000,0.0000,0.0000,0.0000
Burst,4.99,28,2,0,0.0000,0.0000,0.0000,0.0000
Burst,4.99,29,0,0,0.0000,0.0000,0.0000,0.0000
Burst,4.99,29,1,0,0.0000,0.0000,0.0000,0.0000
Burst,4.99,29,2,0,0.0000,0.0000,0.0000,0.0000
Burst,5.49,0,0,0,0.0000,0.0000,0.0000,0.0000
Burst,5.49,0,1,0,0.0000,0.0000,0.0000,0.0000
Burst,5.49,0,2,0,0.0000,0.0000,0.0000,0.0000
Burst,5.49,1,0,0,0.0000,0.0000,0.0000,0.0000
Burst,5.49,1,1,0,0.0000,0.0000,0.0000,0.0000
Burst,5.49,1,2,0,0.0000,0.0000,0.0000,0.0000
Burst,5.49,2,0,0,0.0000,0.0000,0.0000,0.0000
Burst,5.49,2,1,0,0.0000,0.0000,0.0000,0.0000
Burst,5.49,2,2,0,0.0000,0.0000,0.0000,0.0000
Burst,5.49,3,0,0,0.0000,0.0000,0.0000,0.0000
Burst,5.49,3,1,0,0.0000,0.0000,0.0000,0.0000
Burst,5.49,3,2,0,0.0000,0.0000,0.0000,0.0000
Burst,5.49,4,0,0,0.0000,0.0000,0.0000,0.0000
Burst,5.49,4,1,0,0.0000,0.0000,0.0000,0.0000
Burst,5.49,4,2,0,0.0000,0.0000,0.0000,0.0000
Burst,5.49,5,0,0,0.0000,0.0000,0.0000,0.0000
Burst,5.49,5,1,0,0.0000,0.0000,0.0000,0.0000
Burst,5.49,5,2,0,0.0000,0.0000,0.0000,0.0000
Burst,5.49,6,0,0,0.0000,0.0000,0.0000,0.0000
Burst,5.49,6,1,0,0.0000,0.0000,0.0000,0.0000
Burst,5.49,6,2,0,0.0000,0.0000,0.0000,0.0000
Burst,5.49,7,0,0,0.0000,0.0000,0.0000,0.0000
Burst,5.49,7,1,0,0.0000,0.0000,0.0000,0.0000
Burst,5.49,7,2,0,0.0000,0.0000,0.0000,0.0000
Burst,5.49,8,0,0,0.0000,0.0000,0.0000,0.0000
Burst,5.49,8,1,0,0.0000,0.0000,0.0000,0.0000
Burst,5.49,8,2,0,0.0000,0.0000,0.0000,0.0000
Burst,5.49,9,0,0,0.0000,0.0000,0.0000,0.0000
Burst,5.49,9,1,0,0.0000,0.0000,0.0000,0.0000
Burst,5.49,9,2,0,0.0000,0.0000,0.0000,0.0000
Burst,5.49,10,0,0,0.0000,0.0000,0.0000,0.0000
Burst,5.49,10,1,0,0.0000,0.0000,0.0000,0.0000
Burst,5.49,10,2,0,0.0000,0.0000,0.0000,0.0000
Burst,5.49,11,0,0,0.0000,0.0000,0.0000,0.0000
Burst,5.49,11,1,0,0.0000,0.0000,0.0000,0.0000
Burst,5.49,11,2,0,0.0000,0.0000,0.0000,0.0000
Burst,5.49,12,0,0,0.0000,0.0000,0.0000,0.0000
Burst,5.49,12,1,0,0.0000,0.0000,0.0000,0.0000
Burst,5.49,12,2,0,0.0000,0.0000,0.0000,0.0000
Burst,5.49,13,0,0,0.0000,0.0000,0.0000,0.0000
Burst,5.49,13,1,0,0.0000,0.0000,0.0000,0.0000
Burst,5.49,13,2,0,0.0000,0.0000,0.0000,0.0000
Burst,5.49,14,0,0,0.0000,0.0000,0.0000,0.0000
Burst,5.49,14,1,0,0.0000,0.0000,0.0000,0.0000
Burst,5.49,14,2,0,0.0000,0.0000,0.0000,0.0000
Burst,5.49,15,0,0,0.0000,0.0000,0.0000,0.0000
Burst,5.49,15,1,0,0.0000,0.0000,0.0000,0.0000
Burst,5.49,15,2,0,0.0000,0.0000,0.0000,0.0000
Burst,5.49,16,0,0,0.0000,0.0000,0.0000,0.0000
Burst,5.49,16,1,0,0.0000,0.0000,0.0000,0.0000
Burst,5.49,16,2,0,0.0000,0.0000,0.0000,0.0000
Burst,5.49,17,0,0,0.0000,0.0000,0.0000,0.0000
Burst,5.49,17,1,0,0.0000,0.0000,0.0000,0.0000
Burst,5.49,17,2,0,0.0000,0.0000,0.0000,0.0000
Burst,5.49,18,0,0,0.0000,0.0000,0.0000,0.0000
Burst,5.49,18,1,0,0.0000,0.0000,0.0000,0.0000
Burst,5.49,18,2,0,0.0000,0.0000,0.0000,0.0000
Burst,5.49,19,0,0,0.0000,0.0000,0.0000,0.0000
Burst,5.49,19,1,0,0.0000,0.0000,0.0000,0.0000
Burst,5.49,19,2,0,0.0000,0.0000,0.0000,0.0000
Burst,5.49,20,0,0,0.0000,0.0000,0.0000,0.0000
Burst,5.49,20,1,0,0.0000,0.0000,0.0000,0.0000
Burst,5.49,20,2,0,0.0000,0.0000,0.0000,0.0000
Burst,5.49,21,0,0,0.0000,0.0000,0.0000,0.0000
Burst,5.49,21,1,0,0.0000,0.0000,0.0000,0.0000
Burst,5.49,21,2,0,0.0000,0.0000,0.0000,0.0000
Burst,5.49,22,0,0,0.0000,0.0000,0.0000,0.0000
Burst,5.49,22,1,0,0.0000,0.0000,0.0000,0.0000
Burst,5.49,22,2,0,0.0000,0.0000,0.0000,0.0000
Burst,5.49,23,0,0,0.0000,0.0000,0.0000,0.0000
Burst,5.49,23,1,0,0.0000,0.0000,0.0000,0.0000
Burst,5.49,23,2,0,0.0000,0.0000,0.0000,0.0000
Burst,5.49,24,0,0,0.0000,0.0000,0.0000,0.0000
Burst,5.49,24,1,0,0.0000,0.0000,0.0000,0.0000
Burst,5.49,24,2,0,0.0000,0.0000,0.0000,0.0000
Burst,5.49,25,0,0,0.0000,0.0000,0.0000,0.0000
Burst,5.49,25,1,0,0.0000,0.0000,0.0000,0.0000
Burst,5.49,25,2,0,0.0000,0.0000,0.0000,0.0000
Burst,5.49,26,0,0,0.0000,0.0000,0.0000,0.0000
Burst,5.49,26,1,0,0.0000,0.0000,0.0000,0.0000
Burst,5.49,26,2,0,0.0000,0.0000,0.0000,0.0000
Burst,5.49,27,0,0,0.0000,0.0000,0.0000,0.0000
Burst,5.49,27,1,0,0.0000,0.0000,0.0000,0.0000
Burst,5.49,27,2,0,0.0000,0.0000,0.0000,0.0000
Burst,5.49,28,0,0,0.0000,0.0000,0.0000,0.0000
Burst,5.49,28,1,0,0.0000,0.0000,0.0000,0.0000
Burst,5.49,28,2,0,0.0000,0.0000,0.0000,0.0000
Burst,5.49,29,0,0,0.0000,0.0000,0.0000,0.0000
Burst,5.49,29,1,0,0.0000,0.0000,0.0000,0.0000
Burst,5.49,29,2,0,0.0000,0.0000,0.0000,0.0000
Burst,5.99,0,0,0,0.0000,0.0000,0.0000,0.0000
Burst,5.99,0,1,0,0.0000,0.0000,0.0000,0.0000
Burst,5.99,0,2,0,0.0000,0.0000,0.0000,0.0000
Burst,5.99,1,0,0,0.0000,0.0000,0.0000,0.0000
Burst,5.99,1,1,0,0.0000,0.0000,0.0000,0.0000
Burst,5.99,1,2,0,0.0000,0.0000,0.0000,0.0000
Burst,5.99,2,0,0,0.0000,0.0000,0.0000,0.0000
Burst,5.99,2,1,0,0.0000,0.0000,0.0000,0.0000
Burst,5.99,2,2,0,0.0000,0.0000,0.0000,0.0000
Burst,5.99,3,0,0,0.0000,0.0000,0.0000,0.0000
Burst,5.99,3,1,0,0.0000,0.0000,0.0000,0.0000
Burst,5.99,3,2,0,0.0000,0.0000,0.0000,0.0000
Burst,5.99,4,0,0,0.0000,0.0000,0.0000,0.0000
Burst,5.99,4,1,0,0.0000,0.0000,0.0000,0.0000
Burst,5.99,4,2,0,0.0000,0.0000,0.0000,0.0000
Burst,5.99,5,0,0,0.0000,0.0000,0.0000,0.0000
Burst,5.99,5,1,0,0.0000,0.0000,0.0000,0.0000
Burst,5.99,5,2,0,0.0000,0.0000,0.0000,0.0000
Burst,5.99,6,0,0,0.0000,0.0000,0.0000,0.0000
Burst,5.99,6,1,0,0.0000,0.0000,0.0000,0.0000
Burst,5.99,6,2,0,0.0000,0.0000,0.0000,0.0000
Burst,5.99,7,0,0,0.0000,0.0000,0.0000,0.0000
Burst,5.99,7,1,0,0.0000,0.0000,0.0000,0.0000
Burst,5.99,7,2,0,0.0000,0.0000,0.0000,0.0000
Burst,5.99,8,0,0,0.0000,0.0000,0.0000,0.0000
Burst,5.99,8,1,0,0.0000,0.0000,0.0000,0.0000
Burst,5.99,8,2,0,0.0000,0.0000,0.0000,0.0000
Burst,5.99,9,0,0,0.0000,0.0000,0.0000,0.0000
Burst,5.99,9,1,0,0.0000,0.0000,0.0000,0.0000
Burst,5.99,9,2,0,0.0000,0.0000,0.0000,0.0000
Burst,5.99,10,0,0,0.0000,0.0000,0.0000,0.0000
Burst,5.99,10,1,0,0.0000,0.0000,0.0000,0.0000
Burst,5.99,10,2,0,0.0000,0.0000,0.0000,0.0000
Burst,5.99,11,0,0,0.0000,0.0000,0.0000,0.0000
Burst,5.99,11,1,0,0.0000,0.0000,0.0000,0.0000
Burst,5.99,11,2,0,0.0000,0.0000,0.0000,0.0000
Burst,5.99,12,0,0,0.0000,0.0000,0.0000,0.0000
Burst,5.99,12,1,0,0.0000,0.0000,0.0000,0.0000
Burst,5.99,12,2,0,0.0000,0.0000,0.0000,0.0000
Burst,5.99,13,0,0,0.0000,0.0000,0.0000,0.0000
Burst,5.99,13,1,0,0.0000,0.0000,0.0000,0.0000
Burst,5.99,13,2,0,0.0000,0.0000,0.0000,0.0000
Burst,5.99,14,0,0,0.0000,0.0000,0.0000,0.0000
Burst,5.99,14,1,0,0.0000,0.0000,0.0000,0.0000
Burst,5.99,14,2,0,0.0000,0.0000,0.0000,0.0000
Burst,5.99,15,0,0,0.0000,0.0000,0.0000,0.0000
Burst,5.99,15,1,0,0.0000,0.0000,0.0000,0.0000
Burst,5.99,15,2,0,0.0000,0.0000,0.0000,0.0000
Burst,5.99,16,0,0,0.0000,0.0000,0.0000,0.0000
Burst,5.99,16,1,0,0.0000,0.0000,0.0000,0.0000
Burst,5.99,16,2,0,0.0000,0.0000,0.0000,0.0000
Burst,5.99,17,0,0,0.0000,0.0000,0.0000,0.0000
Burst,5.99,17,1,0,0.0000,0.0000,0.0000,0.0000
Burst,5.99,17,2,0,0.0000,0.0000,0.0000,0.0000
Burst,5.99,18,0,0,0.0000,0.0000,0.0000,0.0000
Burst,5.99,18,1,0,0.0000,0.0000,0.0000,0.0000
Burst,5.99,18,2,0,0.0000,0.0000,0.0000,0.0000
Burst,5.99,19,0,0,0.0000,0.0000,0.0000,0.0000
Burst,5.99,19,1,0,0.0000,0.0000,0.0000,0.0000
Burst,5.99,19,2,0,0.0000,0.0000,0.0000,0.0000
Burst,5.99,20,0,0,0.0000,0.0000,0.0000,0.0000
Burst,5.99,20,1,0,0.0000,0.0000,0.0000,0.0000
Burst,5.99,20,2,0,0.0000,0.0000,0.0000,0.0000
Burst,5.99,21,0,0,0.0000,0.0000,0.0000,0.0000
Burst,5.99,21,1,0,0.0000,0.0000,0.0000,0.0000
Burst,5.99,21,2,0,0.0000,0.0000,0.0000,0.0000
Burst,5.99,22,0,0,0.0000,0.0000,0.0000,0.0000
Burst,5.99,22,1,0,0.0000,0.0000,0.0000,0.0000
Burst,5.99,22,2,0,0.0000,0.0000,0.0000,0.0000
Burst,5.99,23,0,0,0.0000,0.0000,0.0000,0.0000
Burst,5.99,23,1,0,0.0000,0.0000,0.0000,0.0000
Burst,5.99,23,2,0,0.0000,0.0000,0.0000,0.0000
Burst,5.99,24,0,0,0.0000,0.0000,0.0000,0.0000
Burst,5.99,24,1,0,0.0000,0.0000,0.0000,0.0000
Burst,5.99,24,2,0,0.0000,0.0000,0.0000,0.0000
Burst,5.99,25,0,0,0.0000,0.0000,0.0000,0.0000
Burst,5.99,25,1,0,0.0000,0.0000,0.0000,0.0000
Burst,5.99,25,2,0,0.0000,0.0000,0.0000,0.0000
Burst,5.99,26,0,0,0.0000,0.0000,0.0000,0.0000
Burst,5.99,26,1,0,0.0000,0.0000,0.0000,0.0000
Burst,5.99,26,2,0,0.0000,0.0000,0.0000,0.0000
Burst,5.99,27,0,0,0.0000,0.0000,0.0000,0.0000
Burst,5.99,27,1,0,0.0000,0.0000,0.0000,0.0000
Burst,5.99,27,2,0,0.0000,0.0000,0.0000,0.0000
Burst,5.99,28,0,0,0.0000,0.0000,0.0000,0.0000
Burst,5.99,28,1,0,0.0000,0.0000,0.0000,0.0000
Burst,5.99,28,2,0,0.0000,0.0000,0.0000,0.0000
Burst,5.99,29,0,0,0.0000,0.0000,0.0000,0.0000
Burst,5.99,29,1,0,0.0000,0.0000,0.0000,0.0000
Burst,5.99,29,2,0,0.0000,0.0000,0.0000,0.0000
Burst,6.49,0,0,0,0.0000,0.0000,0.0000,0.0000
Burst,6.49,0,1,0,0.0000,0.0000,0.0000,0.0000
Burst,6.49,0,2,0,0.0000,0.0000,0.0000,0.0000
Burst,6.49,1,0,0,0.0000,0.0000,0.0000,0.0000
Burst,6.49,1,1,0,0.0000,0.0000,0.0000,0.0000
Burst,6.49,1,2,0,0.0000,0.0000,0.0000,0.0000
Burst,6.49,2,0,0,0.0000,0.0000,0.0000,0.0000
Burst,6.49,2,1,0,0.0000,0.0000,0.0000,0.0000
Burst,6.49,2,2,0,0.0000,0.0000,0.0000,0.0000
Burst,6.49,3,0,0,0.0000,0.0000,0.0000,0.0000
Burst,6.49,3,1,0,0.0000,0.0000,0.0000,0.0000
Burst,6.49,3,2,0,0.0000,0.0000,0.0000,0.0000
Burst,6.49,4,0,0,0.0000,0.0000,0.0000,0.0000
Burst,6.49,4,1,0,0.0000,0.0000,0.0000,0.0000
Burst,6.49,4,2,0,0.0000,0.0000,0.0000,0.0000
Burst,6.49,5,0,0,0.0000,0.0000,0.0000,0.0000
Burst,6.49,5,1,0,0.0000,0.0000,0.0000,0.0000
Burst,6.49,5,2,0,0.0000,0.0000,0.0000,0.0000
Burst,6.49,6,0,0,0.0000,0.0000,0.0000,0.0000
Burst,6.49,6,1,0,0.0000,0.0000,0.0000,0.0000
Burst,6.49,6,2,0,0.0000,0.0000,0.0000,0.0000
Burst,6.49,7,0,0,0.0000,0.0000,0.0000,0.0000
Burst,6.49,7,1,0,0.0000,0.0000,0.0000,0.0000
Burst,6.49,7,2,0,0.0000,0.0000,0.0000,0.0000
Burst,6.49,8,0,0,0.0000,0.0000,0.0000,0.0000
Burst,6.49,8,1,0,0.0000,0.0000,0.0000,0.0000
Burst,6.49,8,2,0,0.0000,0.0000,0.0000,0.0000
Burst,6.49,9,0,0,0.0000,0.0000,0.0000,0.0000
Burst,6.49,9,1,0,0.0000,0.0000,0.0000,0.0000
Burst,6.49,9,2,0,0.0000,0.0000,0.0000,0.0000
Burst,6.49,10,0,0,0.0000,0.0000,0.0000,0.0000
Burst,6.49,10,1,0,0.0000,0.0000,0.0000,0.0000
Burst,6.49,10,2,0,0.0000,0.0000,0.0000,0.0000
Burst,6.49,11,0,0,0.0000,0.0000,0.0000,0.0000
Burst,6.49,11,1,0,0.0000,0.0000,0.0000,0.0000
Burst,6.49,11,2,0,0.0000,0.0000,0.0000,0.0000
Burst,6.49,12,0,0,0.0000,0.0000,0.0000,0.0000
Burst,6.49,12,1,0,0.0000,0.0000,0.0000,0.0000
Burst,6.49,12,2,0,0.0000,0.0000,0.0000,0.0000
Burst,6.49,13,0,0,0.0000,0.0000,0.0000,0.0000
Burst,6.49,13,1,0,0.0000,0.0000,0.0000,0.0000
Burst,6.49,13,2,0,0.0000,0.0000,0.0000,0.0000
Burst,6.49,14,0,0,0.0000,0.0000,0.0000,0.0000
Burst,6.49,14,1,0,0.0000,0.0000,0.0000,0.0000
Burst,6.49,14,2,0,0.0000,0.0000,0.0000,0.0000
Burst,6.49,15,0,0,0.0000,0.0000,0.0000,0.0000
Burst,6.49,15,1,0,0.0000,0.0000,0.0000,0.0000
Burst,6.49,15,2,0,0.0000,0.0000,0.0000,0.0000
Burst,6.49,16,0,0,0.0000,0.0000,0.0000,0.0000
Burst,6.49,16,1,0,0.0000,0.0000,0.0000,0.0000
Burst,6.49,16,2,0,0.0000,0.0000,0.0000,0.0000
Burst,6.49,17,0,0,0.0000,0.0000,0.0000,0.0000
Burst,6.49,17,1,0,0.0000,0.0000,0.0000,0.0000
Burst,6.49,17,2,0,0.0000,0.0000,0.0000,0.0000
Burst,6.49,18,0,0,0.0000,0.0000,0.0000,0.0000
Burst,6.49,18,1,0,0.0000,0.0000,0.0000,0.0000
Burst,6.49,18,2,0,0.0000,0.0000,0.0000,0.0000
Burst,6.49,19,0,0,0.0000,0.0000,0.0000,0.0000
Burst,6.49,19,1,0,0.0000,0.0000,0.0000,0.0000
Burst,6.49,19,2,0,0.0000,0.0000,0.0000,0.0000
Burst,6.49,20,0,0,0.0000,0.0000,0.0000,0.0000
Burst,6.49,20,1,0,0.0000,0.0000,0.0000,0.0000
Burst,6.49,20,2,0,0.0000,0.0000,0.0000,0.0000
Burst,6.49,21,0,0,0.0000,0.0000,0.0000,0.0000
Burst,6.49,21,1,0,0.0000,0.0000,0.0000,0.0000
Burst,6.49,21,2,0,0.0000,0.0000,0.0000,0.0000
Burst,6.49,22,0,0,0.0000,0.0000,0.0000,0.0000
Burst,6.49,22,1,0,0.0000,0.0000,0.0000,0.0000
Burst,6.49,22,2,0,0.0000,0.0000,0.0000,0.0000
Burst,6.49,23,0,0,0.0000,0.0000,0.0000,0.0000
Burst,6.49,23,1,0,0.0000,0.0000,0.0000,0.0000
Burst,6.49,23,2,0,0.0000,0.0000,0.0000,0.0000
Burst,6.49,24,0,0,0.0000,0.0000,0.0000,0.0000
Burst,6.49,24,1,0,0.0000,0.0000,0.0000,0.0000
Burst,6.49,24,2,0,0.0000,0.0000,0.0000,0.0000
Burst,6.49,25,0,0,0.0000,0.0000,0.0000,0.0000
Burst,6.49,25,1,0,0.0000,0.0000,0.0000,0.0000
Burst,6.49,25,2,0,0.0000,0.0000,0.0000,0.0000
Burst,6.49,26,0,0,0.0000,0.0000,0.0000,0.0000
Burst,6.49,26,1,0,0.0000,0.0000,0.0000,0.0000
Burst,6.49,26,2,0,0.0000,0.0000,0.0000,0.0000
Burst,6.49,27,0,0,0.0000,0.0000,0.0000,0.0000
Burst,6.49,27,1,0,0.0000,0.0000,0.0000,0.0000
Burst,6.49,27,2,0,0.0000,0.0000,0.0000,0.0000
Burst,6.49,28,0,0,0.0000,0.0000,0.0000,0.0000
Burst,6.49,28,1,0,0.0000,0.0000,0.0000,0.0000
Burst,6.49,28,2,0,0.0000,0.0000,0.0000,0.0000
Burst,6.49,29,0,0,0.0000,0.0000,0.0000,0.0000
Burst,6.49,29,1,0,0.0000,0.0000,0.0000,0.0000
Burst,6.49,29,2,0,0.0000,0.0000,0.0000,0.0000
Burst,6.99,0,0,0,0.0000,0.0000,0.0000,0.0000
Burst,6.99,0,1,0,0.0000,0.0000,0.0000,0.0000
Burst,6.99,0,2,0,0.0000,0.0000,0.0000,0.0000
Burst,6.99,1,0,0,0.0000,0.0000,0.0000,0.0000
Burst,6.99,1,1,0,0.0000,0.0000,0.0000,0.0000
Burst,6.99,1,2,0,0.0000,0.0000,0.0000,0.0000
Burst,6.99,2,0,0,0.0000,0.0000,0.0000,0.0000
Burst,6.99,2,1,0,0.0000,0.0000,0.0000,0.0000
Burst,6.99,2,2,0,0.0000,0.0000,0.0000,0.0000
Burst,6.99,3,0,0,0.0000,0.0000,0.0000,0.0000
Burst,6.99,3,1,0,0.0000,0.0000,0.0000,0.0000
Burst,6.99,3,2,0,0.0000,0.0000,0.0000,0.0000
Burst,6.99,4,0,0,0.0000,0.0000,0.0000,0.0000
Burst,6.99,4,1,0,0.0000,0.0000,0.0000,0.0000
Burst,6.99,4,2,0,0.0000,0.0000,0.0000,0.0000
Burst,6.99,5,0,0,0.0000,0.0000,0.0000,0.0000
Burst,6.99,5,1,0,0.0000,0.0000,0.0000,0.0000
Burst,6.99,5,2,0,0.0000,0.0000,0.0000,0.0000
Burst,6.99,6,0,0,0.0000,0.0000,0.0000,0.0000
Burst,6.99,6,1,0,0.0000,0.0000,0.0000,0.0000
Burst,6.99,6,2,0,0.0000,0.0000,0.0000,0.0000
Burst,6.99,7,0,0,0.0000,0.0000,0.0000,0.0000
Burst,6.99,7,1,0,0.0000,0.0000,0.0000,0.0000
Burst,6.99,7,2,0,0.0000,0.0000,0.0000,0.0000
Burst,6.99,8,0,0,0.0000,0.0000,0.0000,0.0000
Burst,6.99,8,1,0,0.0000,0.0000,0.0000,0.0000
Burst,6.99,8,2,0,0.0000,0.0000,0.0000,0.0000
Burst,6.99,9,0,0,0.0000,0.0000,0.0000,0.0000
Burst,6.99,9,1,0,0.0000,0.0000,0.0000,0.0000
Burst,6.99,9,2,0,0.0000,0.0000,0.0000,0.0000
Burst,6.99,10,0,0,0.0000,0.0000,0.0000,0.0000
Burst,6.99,10,1,0,0.0000,0.0000,0.0000,0.0000
Burst,6.99,10,2,0,0.0000,0.0000,0.0000,0.0000
Burst,6.99,11,0,0,0.0000,0.0000,0.0000,0.0000
Burst,6.99,11,1,0,0.0000,0.0000,0.0000,0.0000
Burst,6.99,11,2,0,0.0000,0.0000,0.0000,0.0000
Burst,6.99,12,0,0,0.0000,0.0000,0.0000,0.0000
Burst,6.99,12,1,0,0.0000,0.0000,0.0000,0.0000
Burst,6.99,12,2,0,0.0000,0.0000,0.0000,0.0000
Burst,6.99,13,0,0,0.0000,0.0000,0.0000,0.0000
Burst,6.99,13,1,0,0.0000,0.0000,0.0000,0.0000
Burst,6.99,13,2,0,0.0000,0.0000,0.0000,0.0000
Burst,6.99,14,0,0,0.0000,0.0000,0.0000,0.0000
Burst,6.99,14,1,0,0.0000,0.0000,0.0000,0.0000
Burst,6.99,14,2,0,0.0000,0.0000,0.0000,0.0000
Burst,6.99,15,0,0,0.0000,0.0000,0.0000,0.0000
Burst,6.99,15,1,0,0.0000,0.0000,0.0000,0.0000
Burst,6.99,15,2,0,0.0000,0.0000,0.0000,0.0000
Burst,6.99,16,0,0,0.0000,0.0000,0.0000,0.0000
Burst,6.99,16,1,0,0.0000,0.0000,0.0000,0.0000
Burst,6.99,16,2,0,0.0000,0.0000,0.0000,0.0000
Burst,6.99,17,0,0,0.0000,0.0000,0.0000,0.0000
Burst,6.99,17,1,0,0.0000,0.0000,0.0000,0.0000
Burst,6.99,17,2,0,0.0000,0.0000,0.0000,0.0000
Burst,6.99,18,0,0,0.0000,0.0000,0.0000,0.0000
Burst,6.99,18,1,0,0.0000,0.0000,0.0000,0.0000
Burst,6.99,18,2,0,0.0000,0.0000,0.0000,0.0000
Burst,6.99,19,0,0,0.0000,0.0000,0.0000,0.0000
Burst,6.99,19,1,0,0.0000,0.0000,0.0000,0.0000
Burst,6.99,19,2,0,0.0000,0.0000,0.0000,0.0000
Burst,6.99,20,0,0,0.0000,0.0000,0.0000,0.0000
Burst,6.99,20,1,0,0.0000,0.0000,0.0000,0.0000
Burst,6.99,20,2,0,0.0000,0.0000,0.0000,0.0000
Burst,6.99,21,0,0,0.0000,0.0000,0.0000,0.0000
Burst,6.99,21,1,0,0.0000,0.0000,0.0000,0.0000
Burst,6.99,21,2,0,0.0000,0.0000,0.0000,0.0000
Burst,6.99,22,0,0,0.0000,0.0000,0.0000,0.0000
Burst,6.99,22,1,0,0.0000,0.0000,0.0000,0.0000
Burst,6.99,22,2,0,0.0000,0.0000,0.0000,0.0000
Burst,6.99,23,0,0,0.0000,0.0000,0.0000,0.0000
Burst,6.99,23,1,0,0.0000,0.0000,0.0000,0.0000
Burst,6.99,23,2,0,0.0000,0.0000,0.0000,0.0000
Burst,6.99,24,0,0,0.0000,0.0000,0.0000,0.0000
Burst,6.99,24,1,0,0.0000,0.0000,0.0000,0.0000
Burst,6.99,24,2,0,0.0000,0.0000,0.0000,0.0000
Burst,6.99,25,0,0,0.0000,0.0000,0.0000,0.0000
Burst,6.99,25,1,0,0.0000,0.0000,0.0000,0.0000
Burst,6.99,25,2,0,0.0000,0.0000,0.0000,0.0000
Burst,6.99,26,0,0,0.0000,0.0000,0.0000,0.0000
Burst,6.99,26,1,0,0.0000,0.0000,0.0000,0.0000
Burst,6.99,26,2,0,0.0000,0.0000,0.0000,0.0000
Burst,6.99,27,0,0,0.0000,0.0000,0.0000,0.0000
Burst,6.99,27,1,0,0.0000,0.0000,0.0000,0.0000
Burst,6.99,27,2,0,0.0000,0.0000,0.0000,0.0000
Burst,6.99,28,0,0,0.0000,0.0000,0.0000,0.0000
Burst,6.99,28,1,0,0.0000,0.0000,0.0000,0.0000
Burst,6.99,28,2,0,0.0000,0.0000,0.0000,0.0000
Burst,6.99,29,0,0,0.0000,0.0000,0.0000,0.0000
Burst,6.99,29,1,0,0.0000,0.0000,0.0000,0.0000
Burst,6.99,29,2,0,0.0000,0.0000,0.0000,0.0000
Burst,7.50,0,0,0,0.0000,0.0000,0.0000,0.0000
Burst,7.50,0,1,0,0.0000,0.0000,0.0000,0.0000
Burst,7.50,0,2,0,0.0000,0.0000,0.0000,0.0000
Burst,7.50,1,0,0,0.0000,0.0000,0.0000,0.0000
Burst,7.50,1,1,0,0.0000,0.0000,0.0000,0.0000
Burst,7.50,1,2,0,0.0000,0.0000,0.0000,0.0000
Burst,7.50,2,0,0,0.0000,0.0000,0.0000,0.0000
Burst,7.50,2,1,0,0.0000,0.0000,0.0000,0.0000
Burst,7.50,2,2,0,0.0000,0.0000,0.0000,0.0000
Burst,7.50,3,0,0,0.0000,0.0000,0.0000,0.0000
Burst,7.50,3,1,0,0.0000,0.0000,0.0000,0.0000
Burst,7.50,3,2,0,0.0000,0.0000,0.0000,0.0000
Burst,7.50,4,0,0,0.0000,0.0000,0.0000,0.0000
Burst,7.50,4,1,0,0.0000,0.0000,0.0000,0.0000
Burst,7.50,4,2,0,0.0000,0.0000,0.0000,0.0000
Burst,7.50,5,0,0,0.0000,0.0000,0.0000,0.0000
Burst,7.50,5,1,0,0.0000,0.0000,0.0000,0.0000
Burst,7.50,5,2,0,0.0000,0.0000,0.0000,0.0000
Burst,7.50,6,0,0,0.0000,0.0000,0.0000,0.0000
Burst,7.50,6,1,0,0.0000,0.0000,0.0000,0.0000
Burst,7.50,6,2,0,0.0000,0.0000,0.0000,0.0000
Burst,7.50,7,0,0,0.0000,0.0000,0.0000,0.0000
Burst,7.50,7,1,0,0.0000,0.0000,0.0000,0.0000
Burst,7.50,7,2,0,0.0000,0.0000,0.0000,0.0000
Burst,7.50,8,0,0,0.0000,0.0000,0.0000,0.0000
Burst,7.50,8,1,0,0.0000,0.0000,0.0000,0.0000
Burst,7.50,8,2,0,0.0000,0.0000,0.0000,0.0000
Burst,7.50,9,0,0,0.0000,0.0000,0.0000,0.0000
Burst,7.50,9,1,0,0.0000,0.0000,0.0000,0.0000
Burst,7.50,9,2,0,0.0000,0.0000,0.0000,0.0000
Burst,7.50,10,0,0,0.0000,0.0000,0.0000,0.0000
Burst,7.50,10,1,0,0.0000,0.0000,0.0000,0.0000
Burst,7.50,10,2,0,0.0000,0.0000,0.0000,0.0000
Burst,7.50,11,0,0,0.0000,0.0000,0.0000,0.0000
Burst,7.50,11,1,0,0.0000,0.0000,0.0000,0.0000
Burst,7.50,11,2,0,0.0000,0.0000,0.0000,0.0000
Burst,7.50,12,0,0,0.0000,0.0000,0.0000,0.0000
Burst,7.50,12,1,0,0.0000,0.0000,0.0000,0.0000
Burst,7.50,12,2,0,0.0000,0.0000,0.0000,0.0000
Burst,7.50,13,0,0,0.0000,0.0000,0.0000,0.0000
Burst,7.50,13,1,0,0.0000,0.0000,0.0000,0.0000
Burst,7.50,13,2,0,0.0000,0.0000,0.0000,0.0000
Burst,7.50,14,0,0,0.0000,0.0000,0.0000,0.0000
Burst,7.50,14,1,0,0.0000,0.0000,0.0000,0.0000
Burst,7.50,14,2,0,0.0000,0.0000,0.0000,0.0000
Burst,7.50,15,0,0,0.0000,0.0000,0.0000,0.0000
Burst,7.50,15,1,0,0.0000,0.0000,0.0000,0.0000
Burst,7.50,15,2,0,0.0000,0.0000,0.0000,0.0000
Burst,7.50,16,0,0,0.0000,0.0000,0.0000,0.0000
Burst,7.50,16,1,0,0.0000,0.0000,0.0000,0.0000
Burst,7.50,16,2,0,0.0000,0.0000,0.0000,0.0000
Burst,7.50,17,0,0,0.0000,0.0000,0.0000,0.0000
Burst,7.50,17,1,0,0.0000,0.0000,0.0000,0.0000
Burst,7.50,17,2,0,0.0000,0.0000,0.0000,0.0000
Burst,7.50,18,0,0,0.0000,0.0000,0.0000,0.0000
Burst,7.50,18,1,0,0.0000,0.0000,0.0000,0.0000
Burst,7.50,18,2,0,0.0000,0.0000,0.0000,0.0000
Burst,7.50,19,0,0,0.0000,0.0000,0.0000,0.0000
Burst,7.50,19,1,0,0.0000,0.0000,0.0000,0.0000
Burst,7.50,19,2,0,0.0000,0.0000,0.0000,0.0000
Burst,7.50,20,0,0,0.0000,0.0000,0.0000,0.0000
Burst,7.50,20,1,0,0.0000,0.0000,0.0000,0.0000
Burst,7.50,20,2,0,0.0000,0.0000,0.0000,0.0000
Burst,7.50,21,0,0,0.0000,0.0000,0.0000,0.0000
Burst,7.50,21,1,0,0.0000,0.0000,0.0000,0.0000
Burst,7.50,21,2,0,0.0000,0.0000,0.0000,0.0000
Burst,7.50,22,0,0,0.0000,0.0000,0.0000,0.0000
Burst,7.50,22,1,0,0.0000,0.0000,0.0000,0.0000
Burst,7.50,22,2,0,0.0000,0.0000,0.0000,0.0000
Burst,7.50,23,0,0,0.0000,0.0000,0.0000,0.0000
Burst,7.50,23,1,0,0.0000,0.0000,0.0000,0.0000
Burst,7.50,23,2,0,0.0000,0.0000,0.0000,0.0000
Burst,7.50,24,0,0,0.0000,0.0000,0.0000,0.0000
Burst,7.50,24,1,0,0.0000,0.0000,0.0000,0.0000
Burst,7.50,24,2,0,0.0000,0.0000,0.0000,0.0000
Burst,7.50,25,0,0,0.0000,0.0000,0.0000,0.0000
Burst,7.50,25,1,0,0.0000,0.0000,0.0000,0.0000
Burst,7.50,25,2,0,0.0000,0.0000,0.0000,0.0000
Burst,7.50,26,0,0,0.0000,0.0000,0.0000,0.0000
Burst,7.50,26,1,0,0.0000,0.0000,0.0000,0.0000
Burst,7.50,26,2,0,0.0000,0.0000,0.0000,0.0000
Burst,7.50,27,0,0,0.0000,0.0000,0.0000,0.0000
Burst,7.50,27,1,0,0.0000,0.0000,0.0000,0.0000
Burst,7.50,27,2,0,0.0000,0.0000,0.0000,0.0000
Burst,7.50,28,0,0,0.0000,0.0000,0.0000,0.0000
Burst,7.50,28,1,0,0.0000,0.0000,0.0000,0.0000
Burst,7.50,28,2,0,0.0000,0.0000,0.0000,0.0000
Burst,7.50,29,0,0,0.0000,0.0000,0.0000,0.0000
Burst,7.50,29,1,0,0.0000,0.0000,0.0000,0.0000
Burst,7.50,29,2,0,0.0000,0.0000,0.0000,0.0000
Burst,8.00,0,0,0,0.0000,0.0000,0.0000,0.0000
Burst,8.00,0,1,0,0.0000,0.0000,0.0000,0.0000
Burst,8.00,0,2,0,0.0000,0.0000,0.0000,0.0000
Burst,8.00,1,0,0,0.0000,0.0000,0.0000,0.0000
Burst,8.00,1,1,0,0.0000,0.0000,0.0000,0.0000
Burst,8.00,1,2,0,0.0000,0.0000,0.0000,0.0000
Burst,8.00,2,0,0,0.0000,0.0000,0.0000,0.0000
Burst,8.00,2,1,0,0.0000,0.0000,0.0000,0.0000
Burst,8.00,2,2,0,0.0000,0.0000,0.0000,0.0000
Burst,8.00,3,0,0,0.0000,0.0000,0.0000,0.0000
Burst,8.00,3,1,0,0.0000,0.0000,0.0000,0.0000
Burst,8.00,3,2,0,0.0000,0.0000,0.0000,0.0000
Burst,8.00,4,0,0,0.0000,0.0000,0.0000,0.0000
Burst,8.00,4,1,0,0.0000,0.0000,0.0000,0.0000
Burst,8.00,4,2,0,0.0000,0.0000,0.0000,0.0000
Burst,8.00,5,0,0,0.0000,0.0000,0.0000,0.0000
Burst,8.00,5,1,0,0.0000,0.0000,0.0000,0.0000
Burst,8.00,5,2,0,0.0000,0.0000,0.0000,0.0000
Burst,8.00,6,0,0,0.0000,0.0000,0.0000,0.0000
Burst,8.00,6,1,0,0.0000,0.0000,0.0000,0.0000
Burst,8.00,6,2,0,0.0000,0.0000,0.0000,0.0000
Burst,8.00,7,0,0,0.0000,0.0000,0.0000,0.0000
Burst,8.00,7,1,0,0.0000,0.0000,0.0000,0.0000
Burst,8.00,7,2,0,0.0000,0.0000,0.0000,0.0000
Burst,8.00,8,0,0,0.0000,0.0000,0.0000,0.0000
Burst,8.00,8,1,0,0.0000,0.0000,0.0000,0.0000
Burst,8.00,8,2,0,0.0000,0.0000,0.0000,0.0000
Burst,8.00,9,0,0,0.0000,0.0000,0.0000,0.0000
Burst,8.00,9,1,0,0.0000,0.0000,0.0000,0.0000
Burst,8.00,9,2,0,0.0000,0.0000,0.0000,0.0000
Burst,8.00,10,0,0,0.0000,0.0000,0.0000,0.0000
Burst,8.00,10,1,0,0.0000,0.0000,0.0000,0.0000
Burst,8.00,10,2,0,0.0000,0.0000,0.0000,0.0000
Burst,8.00,11,0,0,0.0000,0.0000,0.0000,0.0000
Burst,8.00,11,1,0,0.0000,0.0000,0.0000,0.0000
Burst,8.00,11,2,0,0.0000,0.0000,0.0000,0.0000
Burst,8.00,12,0,0,0.0000,0.0000,0.0000,0.0000
Burst,8.00,12,1,0,0.0000,0.0000,0.0000,0.0000
Burst,8.00,12,2,0,0.0000,0.0000,0.0000,0.0000
Burst,8.00,13,0,0,0.0000,0.0000,0.0000,0.0000
Burst,8.00,13,1,0,0.0000,0.0000,0.0000,0.0000
Burst,8.00,13,2,0,0.0000,0.0000,0.0000,0.0000
Burst,8.00,14,0,0,0.0000,0.0000,0.0000,0.0000
Burst,8.00,14,1,0,0.0000,0.0000,0.0000,0.0000
Burst,8.00,14,2,0,0.0000,0.0000,0.0000,0.0000
Burst,8.00,15,0,0,0.0000,0.0000,0.0000,0.0000
Burst,8.00,15,1,0,0.0000,0.0000,0.0000,0.0000
Burst,8.00,15,2,0,0.0000,0.0000,0.0000,0.0000
Burst,8.00,16,0,0,0.0000,0.0000,0.0000,0.0000
Burst,8.00,16,1,0,0.0000,0.0000,0.0000,0.0000
Burst,8.00,16,2,0,0.0000,0.0000,0.0000,0.0000
Burst,8.00,17,0,0,0.0000,0.0000,0.0000,0.0000
Burst,8.00,17,1,0,0.0000,0.0000,0.0000,0.0000
Burst,8.00,17,2,0,0.0000,0.0000,0.0000,0.0000
Burst,8.00,18,0,0,0.0000,0.0000,0.0000,0.0000
Burst,8.00,18,1,0,0.0000,0.0000,0.0000,0.0000
Burst,8.00,18,2,0,0.0000,0.0000,0.0000,0.0000
Burst,8.00,19,0,0,0.0000,0.0000,0.0000,0.0000
Burst,8.00,19,1,0,0.0000,0.0000,0.0000,0.0000
Burst,8.00,19,2,0,0.0000,0.0000,0.0000,0.0000
Burst,8.00,20,0,0,0.0000,0.0000,0.0000,0.0000
Burst,8.00,20,1,0,0.0000,0.0000,0.0000,0.0000
Burst,8.00,20,2,0,0.0000,0.0000,0.0000,0.0000
Burst,8.00,21,0,0,0.0000,0.0000,0.0000,0.0000
Burst,8.00,21,1,0,0.0000,0.0000,0.0000,0.0000
Burst,8.00,21,2,0,0.0000,0.0000,0.0000,0.0000
Burst,8.00,22,0,0,0.0000,0.0000,0.0000,0.0000
Burst,8.00,22,1,0,0.0000,0.0000,0.0000,0.0000
Burst,8.00,22,2,0,0.0000,0.0000,0.0000,0.0000
Burst,8.00,23,0,0,0.0000,0.0000,0.0000,0.0000
Burst,8.00,23,1,0,0.0000,0.0000,0.0000,0.0000
Burst,8.00,23,2,0,0.0000,0.0000,0.0000,0.0000
Burst,8.00,24,0,0,0.0000,0.0000,0.0000,0.0000
Burst,8.00,24,1,0,0.0000,0.0000,0.0000,0.0000
Burst,8.00,24,2,0,0.0000,0.0000,0.0000,0.0000
Burst,8.00,25,0,0,0.0000,0.0000,0.0000,0.0000
Burst,8.00,25,1,0,0.0000,0.0000,0.0000,0.0000
Burst,8.00,25,2,0,0.0000,0.0000,0.0000,0.0000
Burst,8.00,26,0,0,0.0000,0.0000,0.0000,0.0000
Burst,8.00,26,1,0,0.0000,0.0000,0.0000,0.0000
Burst,8.00,26,2,0,0.0000,0.0000,0.0000,0.0000
Burst,8.00,27,0,0,0.0000,0.0000,0.0000,0.0000
Burst,8.00,27,1,0,0.0000,0.0000,0.0000,0.0000
Burst,8.00,27,2,0,0.0000,0.0000,0.0000,0.0000
Burst,8.00,28,0,0,0.0000,0.0000,0.0000,0.0000
Burst,8.00,28,1,0,0.0000,0.0000,0.0000,0.0000
Burst,8.00,28,2,0,0.0000,0.0000,0.0000,0.0000
Burst,8.00,29,0,0,0.0000,0.0000,0.0000,0.0000
Burst,8.00,29,1,0,0.0000,0.0000,0.0000,0.0000
Burst,8.00,29,2,0,0.0000,0.0000,0.0000,0.0000
Burst,8.50,0,0,0,0.0000,0.0000,0.0000,0.0000
Burst,8.50,0,1,0,0.0000,0.0000,0.0000,0.0000
Burst,8.50,0,2,0,0.0000,0.0000,0.0000,0.0000
Burst,8.50,1,0,0,0.0000,0.0000,0.0000,0.0000
Burst,8.50,1,1,0,0.0000,0.0000,0.0000,0.0000
Burst,8.50,1,2,0,0.0000,0.0000,0.0000,0.0000
Burst,8.50,2,0,0,0.0000,0.0000,0.0000,0.0000
Burst,8.50,2,1,0,0.0000,0.0000,0.0000,0.0000
Burst,8.50,2,2,0,0.0000,0.0000,0.0000,0.0000
Burst,8.50,3,0,0,0.0000,0.0000,0.0000,0.0000
Burst,8.50,3,1,0,0.0000,0.0000,0.0000,0.0000
Burst,8.50,3,2,0,0.0000,0.0000,0.0000,0.0000
Burst,8.50,4,0,0,0.0000,0.0000,0.0000,0.0000
Burst,8.50,4,1,0,0.0000,0.0000,0.0000,0.0000
Burst,8.50,4,2,0,0.0000,0.0000,0.0000,0.0000
Burst,8.50,5,0,0,0.0000,0.0000,0.0000,0.0000
Burst,8.50,5,1,0,0.0000,0.0000,0.0000,0.0000
Burst,8.50,5,2,0,0.0000,0.0000,0.0000,0.0000
Burst,8.50,6,0,0,0.0000,0.0000,0.0000,0.0000
Burst,8.50,6,1,0,0.0000,0.0000,0.0000,0.0000
Burst,8.50,6,2,0,0.0000,0.0000,0.0000,0.0000
Burst,8.50,7,0,0,0.0000,0.0000,0.0000,0.0000
Burst,8.50,7,1,0,0.0000,0.0000,0.0000,0.0000
Burst,8.50,7,2,0,0.0000,0.0000,0.0000,0.0000
Burst,8.50,8,0,0,0.0000,0.0000,0.0000,0.0000
Burst,8.50,8,1,0,0.0000,0.0000,0.0000,0.0000
Burst,8.50,8,2,0,0.0000,0.0000,0.0000,0.0000
Burst,8.50,9,0,0,0.0000,0.0000,0.0000,0.0000
Burst,8.50,9,1,0,0.0000,0.0000,0.0000,0.0000
Burst,8.50,9,2,0,0.0000,0.0000,0.0000,0.0000
Burst,8.50,10,0,0,0.0000,0.0000,0.0000,0.0000
Burst,8.50,10,1,0,0.0000,0.0000,0.0000,0.0000
Burst,8.50,10,2,0,0.0000,0.0000,0.0000,0.0000
Burst,8.50,11,0,0,0.0000,0.0000,0.0000,0.0000
Burst,8.50,11,1,0,0.0000,0.0000,0.0000,0.0000
Burst,8.50,11,2,0,0.0000,0.0000,0.0000,0.0000
Burst,8.50,12,0,0,0.0000,0.0000,0.0000,0.0000
Burst,8.50,12,1,0,0.0000,0.0000,0.0000,0.0000
Burst,8.50,12,2,0,0.0000,0.0000,0.0000,0.0000
Burst,8.50,13,0,0,0.0000,0.0000,0.0000,0.0000
Burst,8.50,13,1,0,0.0000,0.0000,0.0000,0.0000
Burst,8.50,13,2,0,0.0000,0.0000,0.0000,0.0000
Burst,8.50,14,0,0,0.0000,0.0000,0.0000,0.0000
Burst,8.50,14,1,0,0.0000,0.0000,0.0000,0.0000
Burst,8.50,14,2,0,0.0000,0.0000,0.0000,0.0000
Burst,8.50,15,0,0,0.0000,0.0000,0.0000,0.0000
Burst,8.50,15,1,0,0.0000,0.0000,0.0000,0.0000
Burst,8.50,15,2,0,0.0000,0.0000,0.0000,0.0000
Burst,8.50,16,0,0,0.0000,0.0000,0.0000,0.0000
Burst,8.50,16,1,0,0.0000,0.0000,0.0000,0.0000
Burst,8.50,16,2,0,0.0000,0.0000,0.0000,0.0000
Burst,8.50,17,0,0,0.0000,0.0000,0.0000,0.0000
Burst,8.50,17,1,0,0.0000,0.0000,0.0000,0.0000
Burst,8.50,17,2,0,0.0000,0.0000,0.0000,0.0000
Burst,8.50,18,0,0,0.0000,0.0000,0.0000,0.0000
Burst,8.50,18,1,0,0.0000,0.0000,0.0000,0.0000
Burst,8.50,18,2,0,0.0000,0.0000,0.0000,0.0000
Burst,8.50,19,0,0,0.0000,0.0000,0.0000,0.0000
Burst,8.50,19,1,0,0.0000,0.0000,0.0000,0.0000
Burst,8.50,19,2,0,0.0000,0.0000,0.0000,0.0000
Burst,8.50,20,0,0,0.0000,0.0000,0.0000,0.0000
Burst,8.50,20,1,0,0.0000,0.0000,0.0000,0.0000
Burst,8.50,20,2,0,0.0000,0.0000,0.0000,0.0000
Burst,8.50,21,0,0,0.0000,0.0000,0.0000,0.0000
Burst,8.50,21,1,0,0.0000,0.0000,0.0000,0.0000
Burst,8.50,21,2,0,0.0000,0.0000,0.0000,0.0000
Burst,8.50,22,0,0,0.0000,0.0000,0.0000,0.0000
Burst,8.50,22,1,0,0.0000,0.0000,0.0000,0.0000
Burst,8.50,22,2,0,0.0000,0.0000,0.0000,0.0000
Burst,8.50,23,0,0,0.0000,0.0000,0.0000,0.0000
Burst,8.50,23,1,0,0.0000,0.0000,0.0000,0.0000
Burst,8.50,23,2,0,0.0000,0.0000,0.0000,0.0000
Burst,8.50,24,0,0,0.0000,0.0000,0.0000,0.0000
Burst,8.50,24,1,0,0.0000,0.0000,0.0000,0.0000
Burst,8.50,24,2,0,0.0000,0.0000,0.0000,0.0000
Burst,8.50,25,0,0,0.0000,0.0000,0.0000,0.0000
Burst,8.50,25,1,0,0.0000,0.0000,0.0000,0.0000
Burst,8.50,25,2,0,0.0000,0.0000,0.0000,0.0000
Burst,8.50,26,0,0,0.0000,0.0000,0.0000,0.0000
Burst,8.50,26,1,0,0.0000,0.0000,0.0000,0.0000
Burst,8.50,26,2,0,0.0000,0.0000,0.0000,0.0000
Burst,8.50,27,0,0,0.0000,0.0000,0.0000,0.0000
Burst,8.50,27,1,0,0.0000,0.0000,0.0000,0.0000
Burst,8.50,27,2,0,0.0000,0.0000,0.0000,0.0000
Burst,8.50,28,0,0,0.0000,0.0000,0.0000,0.0000
Burst,8.50,28,1,0,0.0000,0.0000,0.0000,0.0000
Burst,8.50,28,2,0,0.0000,0.0000,0.0000,0.0000
Burst,8.50,29,0,0,0.0000,0.0000,0.0000,0.0000
Burst,8.50,29,1,0,0.0000,0.0000,0.0000,0.0000
Burst,8.50,29,2,0,0.0000,0.0000,0.0000,0.0000
Burst,9.00,0,0,0,0.0000,0.0000,0.0000,0.0000
Burst,9.00,0,1,0,0.0000,0.0000,0.0000,0.0000
Burst,9.00,0,2,0,0.0000,0.0000,0.0000,0.0000
Burst,9.00,1,0,0,0.0000,0.0000,0.0000,0.0000
Burst,9.00,1,1,0,0.0000,0.0000,0.0000,0.0000
Burst,9.00,1,2,0,0.0000,0.0000,0.0000,0.0000
Burst,9.00,2,0,0,0.0000,0.0000,0.0000,0.0000
Burst,9.00,2,1,0,0.0000,0.0000,0.0000,0.0000
Burst,9.00,2,2,0,0.0000,0.0000,0.0000,0.0000
Burst,9.00,3,0,0,0.0000,0.0000,0.0000,0.0000
Burst,9.00,3,1,0,0.0000,0.0000,0.0000,0.0000
Burst,9.00,3,2,0,0.0000,0.0000,0.0000,0.0000
Burst,9.00,4,0,0,0.0000,0.0000,0.0000,0.0000
Burst,9.00,4,1,0,0.0000,0.0000,0.0000,0.0000
Burst,9.00,4,2,0,0.0000,0.0000,0.0000,0.0000
Burst,9.00,5,0,0,0.0000,0.0000,0.0000,0.0000
Burst,9.00,5,1,0,0.0000,0.0000,0.0000,0.0000
Burst,9.00,5,2,0,0.0000,0.0000,0.0000,0.0000
Burst,9.00,6,0,0,0.0000,0.0000,0.0000,0.0000
Burst,9.00,6,1,0,0.0000,0.0000,0.0000,0.0000
Burst,9.00,6,2,0,0.0000,0.0000,0.0000,0.0000
Burst,9.00,7,0,0,0.0000,0.0000,0.0000,0.0000
Burst,9.00,7,1,0,0.0000,0.0000,0.0000,0.0000
Burst,9.00,7,2,0,0.0000,0.0000,0.0000,0.0000
Burst,9.00,8,0,0,0.0000,0.0000,0.0000,0.0000
Burst,9.00,8,1,0,0.0000,0.0000,0.0000,0.0000
Burst,9.00,8,2,0,0.0000,0.0000,0.0000,0.0000
Burst,9.00,9,0,0,0.0000,0.0000,0.0000,0.0000
Burst,9.00,9,1,0,0.0000,0.0000,0.0000,0.0000
Burst,9.00,9,2,0,0.0000,0.0000,0.0000,0.0000
Burst,9.00,10,0,0,0.0000,0.0000,0.0000,0.0000
Burst,9.00,10,1,0,0.0000,0.0000,0.0000,0.0000
Burst,9.00,10,2,0,0.0000,0.0000,0.0000,0.0000
Burst,9.00,11,0,0,0.0000,0.0000,0.0000,0.0000
Burst,9.00,11,1,0,0.0000,0.0000,0.0000,0.0000
Burst,9.00,11,2,0,0.0000,0.0000,0.0000,0.0000
Burst,9.00,12,0,0,0.0000,0.0000,0.0000,0.0000
Burst,9.00,12,1,0,0.0000,0.0000,0.0000,0.0000
Burst,9.00,12,2,0,0.0000,0.0000,0.0000,0.0000
Burst,9.00,13,0,0,0.0000,0.0000,0.0000,0.0000
Burst,9.00,13,1,0,0.0000,0.0000,0.0000,0.0000
Burst,9.00,13,2,0,0.0000,0.0000,0.0000,0.0000
Burst,9.00,14,0,0,0.0000,0.0000,0.0000,0.0000
Burst,9.00,14,1,0,0.0000,0.0000,0.0000,0.0000
Burst,9.00,14,2,0,0.0000,0.0000,0.0000,0.0000
Burst,9.00,15,0,0,0.0000,0.0000,0.0000,0.0000
Burst,9.00,15,1,0,0.0000,0.0000,0.0000,0.0000
Burst,9.00,15,2,0,0.0000,0.0000,0.0000,0.0000
Burst,9.00,16,0,0,0.0000,0.0000,0.0000,0.0000
Burst,9.00,16,1,0,0.0000,0.0000,0.0000,0.0000
Burst,9.00,16,2,0,0.0000,0.0000,0.0000,0.0000
Burst,9.00,17,0,0,0.0000,0.0000,0.0000,0.0000
Burst,9.00,17,1,0,0.0000,0.0000,0.0000,0.0000
Burst,9.00,17,2,0,0.0000,0.0000,0.0000,0.0000
Burst,9.00,18,0,0,0.0000,0.0000,0.0000,0.0000
Burst,9.00,18,1,0,0.0000,0.0000,0.0000,0.0000
Burst,9.00,18,2,0,0.0000,0.0000,0.0000,0.0000
Burst,9.00,19,0,0,0.0000,0.0000,0.0000,0.0000
Burst,9.00,19,1,0,0.0000,0.0000,0.0000,0.0000
Burst,9.00,19,2,0,0.0000,0.0000,0.0000,0.0000
Burst,9.00,20,0,0,0.0000,0.0000,0.0000,0.0000
Burst,9.00,20,1,0,0.0000,0.0000,0.0000,0.0000
Burst,9.00,20,2,0,0.0000,0.0000,0.0000,0.0000
Burst,9.00,21,0,0,0.0000,0.0000,0.0000,0.0000
Burst,9.00,21,1,0,0.0000,0.0000,0.0000,0.0000
Burst,9.00,21,2,0,0.0000,0.0000,0.0000,0.0000
Burst,9.00,22,0,0,0.0000,0.0000,0.0000,0.0000
Burst,9.00,22,1,0,0.0000,0.0000,0.0000,0.0000
Burst,9.00,22,2,0,0.0000,0.0000,0.0000,0.0000
Burst,9.00,23,0,0,0.0000,0.0000,0.0000,0.0000
Burst,9.00,23,1,0,0.0000,0.0000,0.0000,0.0000
Burst,9.00,23,2,0,0.0000,0.0000,0.0000,0.0000
Burst,9.00,24,0,0,0.0000,0.0000,0.0000,0.0000
Burst,9.00,24,1,0,0.0000,0.0000,0.0000,0.0000
Burst,9.00,24,2,0,0.0000,0.0000,0.0000,0.0000
Burst,9.00,25,0,0,0.0000,0.0000,0.0000,0.0000
Burst,9.00,25,1,0,0.0000,0.0000,0.0000,0.0000
Burst,9.00,25,2,0,0.0000,0.0000,0.0000,0.0000
Burst,9.00,26,0,0,0.0000,0.0000,0.0000,0.0000
Burst,9.00,26,1,0,0.0000,0.0000,0.0000,0.0000
Burst,9.00,26,2,0,0.0000,0.0000,0.0000,0.0000
Burst,9.00,27,0,0,0.0000,0.0000,0.0000,0.0000
Burst,9.00,27,1,0,0.0000,0.0000,0.0000,0.0000
Burst,9.00,27,2,0,0.0000,0.0000,0.0000,0.0000
Burst,9.00,28,0,0,0.0000,0.0000,0.0000,0.0000
Burst,9.00,28,1,0,0.0000,0.0000,0.0000,0.0000
Burst,9.00,28,2,0,0.0000,0.0000,0.0000,0.0000
Burst,9.00,29,0,0,0.0000,0.0000,0.0000,0.0000
Burst,9.00,29,1,0,0.0000,0.0000,0.0000,0.0000
Burst,9.00,29,2,0,0.0000,0.0000,0.0000,0.0000
Burst,9.51,0,0,0,0.0000,0.0000,0.0000,0.0000
Burst,9.51,0,1,0,0.0000,0.0000,0.0000,0.0000
Burst,9.51,0,2,0,0.0000,0.0000,0.0000,0.0000
Burst,9.51,1,0,0,0.0000,0.0000,0.0000,0.0000
Burst,9.51,1,1,0,0.0000,0.0000,0.0000,0.0000
Burst,9.51,1,2,0,0.0000,0.0000,0.0000,0.0000
Burst,9.51,2,0,0,0.0000,0.0000,0.0000,0.0000
Burst,9.51,2,1,0,0.0000,0.0000,0.0000,0.0000
Burst,9.51,2,2,0,0.0000,0.0000,0.0000,0.0000
Burst,9.51,3,0,0,0.0000,0.0000,0.0000,0.0000
Burst,9.51,3,1,0,0.0000,0.0000,0.0000,0.0000
Burst,9.51,3,2,0,0.0000,0.0000,0.0000,0.0000
Burst,9.51,4,0,0,0.0000,0.0000,0.0000,0.0000
Burst,9.51,4,1,0,0.0000,0.0000,0.0000,0.0000
Burst,9.51,4,2,0,0.0000,0.0000,0.0000,0.0000
Burst,9.51,5,0,0,0.0000,0.0000,0.0000,0.0000
Burst,9.51,5,1,0,0.0000,0.0000,0.0000,0.0000
Burst,9.51,5,2,0,0.0000,0.0000,0.0000,0.0000
Burst,9.51,6,0,0,0.0000,0.0000,0.0000,0.0000
Burst,9.51,6,1,0,0.0000,0.0000,0.0000,0.0000
Burst,9.51,6,2,0,0.0000,0.0000,0.0000,0.0000
Burst,9.51,7,0,0,0.0000,0.0000,0.0000,0.0000
Burst,9.51,7,1,0,0.0000,0.0000,0.0000,0.0000
Burst,9.51,7,2,0,0.0000,0.0000,0.0000,0.0000
Burst,9.51,8,0,0,0.0000,0.0000,0.0000,0.0000
Burst,9.51,8,1,0,0.0000,0.0000,0.0000,0.0000
Burst,9.51,8,2,0,0.0000,0.0000,0.0000,0.0000
Burst,9.51,9,0,0,0.0000,0.0000,0.0000,0.0000
Burst,9.51,9,1,0,0.0000,0.0000,0.0000,0.0000
Burst,9.51,9,2,0,0.0000,0.0000,0.0000,0.0000
Burst,9.51,10,0,0,0.0000,0.0000,0.0000,0.0000
Burst,9.51,10,1,0,0.0000,0.0000,0.0000,0.0000
Burst,9.51,10,2,0,0.0000,0.0000,0.0000,0.0000
Burst,9.51,11,0,0,0.0000,0.0000,0.0000,0.0000
Burst,9.51,11,1,0,0.0000,0.0000,0.0000,0.0000
Burst,9.51,11,2,0,0.0000,0.0000,0.0000,0.0000
Burst,9.51,12,0,0,0.0000,0.0000,0.0000,0.0000
Burst,9.51,12,1,0,0.0000,0.0000,0.0000,0.0000
Burst,9.51,12,2,0,0.0000,0.0000,0.0000,0.0000
Burst,9.51,13,0,0,0.0000,0.0000,0.0000,0.0000
Burst,9.51,13,1,0,0.0000,0.0000,0.0000,0.0000
Burst,9.51,13,2,0,0.0000,0.0000,0.0000,0.0000
Burst,9.51,14,0,0,0.0000,0.0000,0.0000,0.0000
Burst,9.51,14,1,0,0.0000,0.0000,0.0000,0.0000
Burst,9.51,14,2,0,0.0000,0.0000,0.0000,0.0000
Burst,9.51,15,0,0,0.0000,0.0000,0.0000,0.0000
Burst,9.51,15,1,0,0.0000,0.0000,0.0000,0.0000
Burst,9.51,15,2,0,0.0000,0.0000,0.0000,0.0000
Burst,9.51,16,0,0,0.0000,0.0000,0.0000,0.0000
Burst,9.51,16,1,0,0.0000,0.0000,0.0000,0.0000
Burst,9.51,16,2,0,0.0000,0.0000,0.0000,0.0000
Burst,9.51,17,0,0,0.0000,0.0000,0.0000,0.0000
Burst,9.51,17,1,0,0.0000,0.0000,0.0000,0.0000
Burst,9.51,17,2,0,0.0000,0.0000,0.0000,0.0000
Burst,9.51,18,0,0,0.0000,0.0000,0.0000,0.0000
Burst,9.51,18,1,0,0.0000,0.0000,0.0000,0.0000
Burst,9.51,18,2,0,0.0000,0.0000,0.0000,0.0000
Burst,9.51,19,0,0,0.0000,0.0000,0.0000,0.0000
Burst,9.51,19,1,0,0.0000,0.0000,0.0000,0.0000
Burst,9.51,19,2,0,0.0000,0.0000,0.0000,0.0000
Burst,9.51,20,0,0,0.0000,0.0000,0.0000,0.0000
Burst,9.51,20,1,0,0.0000,0.0000,0.0000,0.0000
Burst,9.51,20,2,0,0.0000,0.0000,0.0000,0.0000
Burst,9.51,21,0,0,0.0000,0.0000,0.0000,0.0000
Burst,9.51,21,1,0,0.0000,0.0000,0.0000,0.0000
Burst,9.51,21,2,0,0.0000,0.0000,0.0000,0.0000
Burst,9.51,22,0,0,0.0000,0.0000,0.0000,0.0000
Burst,9.51,22,1,0,0.0000,0.0000,0.0000,0.0000
Burst,9.51,22,2,0,0.0000,0.0000,0.0000,0.0000
Burst,9.51,23,0,0,0.0000,0.0000,0.0000,0.0000
Burst,9.51,23,1,0,0.0000,0.0000,0.0000,0.0000
Burst,9.51,23,2,0,0.0000,0.0000,0.0000,0.0000
Burst,9.51,24,0,0,0.0000,0.0000,0.0000,0.0000
Burst,9.51,24,1,0,0.0000,0.0000,0.0000,0.0000
Burst,9.51,24,2,0,0.0000,0.0000,0.0000,0.0000
Burst,9.51,25,0,0,0.0000,0.0000,0.0000,0.0000
Burst,9.51,25,1,0,0.0000,0.0000,0.0000,0.0000
Burst,9.51,25,2,0,0.0000,0.0000,0.0000,0.0000
Burst,9.51,26,0,0,0.0000,0.0000,0.0000,0.0000
Burst,9.51,26,1,0,0.0000,0.0000,0.0000,0.0000
Burst,9.51,26,2,0,0.0000,0.0000,0.0000,0.0000
Burst,9.51,27,0,0,0.0000,0.0000,0.0000,0.0000
Burst,9.51,27,1,0,0.0000,0.0000,0.0000,0.0000
Burst,9.51,27,2,0,0.0000,0.0000,0.0000,0.0000
Burst,9.51,28,0,0,0.0000,0.0000,0.0000,0.0000
Burst,9.51,28,1,0,0.0000,0.0000,0.0000,0.0000
Burst,9.51,28,2,0,0.0000,0.0000,0.0000,0.0000
Burst,9.51,29,0,0,0.0000,0.0000,0.0000,0.0000
Burst,9.51,29,1,0,0.0000,0.0000,0.0000,0.0000
Burst,9.51,29,2,0,0.0000,0.0000,0.0000,0.0000
Burst,10.01,0,0,0,0.0000,0.0000,0.0000,0.0000
Burst,10.01,0,1,0,0.0000,0.0000,0.0000,0.0000
Burst,10.01,0,2,0,0.0000,0.0000,0.0000,0.0000
Burst,10.01,1,0,0,0.0000,0.0000,0.0000,0.0000
Burst,10.01,1,1,0,0.0000,0.0000,0.0000,0.0000
Burst,10.01,1,2,0,0.0000,0.0000,0.0000,0.0000
Burst,10.01,2,0,0,0.0000,0.0000,0.0000,0.0000
Burst,10.01,2,1,0,0.0000,0.0000,0.0000,0.0000
Burst,10.01,2,2,0,0.0000,0.0000,0.0000,0.0000
Burst,10.01,3,0,0,0.0000,0.0000,0.0000,0.0000
Burst,10.01,3,1,0,0.0000,0.0000,0.0000,0.0000
Burst,10.01,3,2,0,0.0000,0.0000,0.0000,0.0000
Burst,10.01,4,0,0,0.0000,0.0000,0.0000,0.0000
Burst,10.01,4,1,0,0.0000,0.0000,0.0000,0.0000
Burst,10.01,4,2,0,0.0000,0.0000,0.0000,0.0000
Burst,10.01,5,0,0,0.0000,0.0000,0.0000,0.0000
Burst,10.01,5,1,0,0.0000,0.0000,0.0000,0.0000
Burst,10.01,5,2,0,0.0000,0.0000,0.0000,0.0000
Burst,10.01,6,0,0,0.0000,0.0000,0.0000,0.0000
Burst,10.01,6,1,0,0.0000,0.0000,0.0000,0.0000
Burst,10.01,6,2,0,0.0000,0.0000,0.0000,0.0000
Burst,10.01,7,0,0,0.0000,0.0000,0.0000,0.0000
Burst,10.01,7,1,0,0.0000,0.0000,0.0000,0.0000
Burst,10.01,7,2,0,0.0000,0.0000,0.0000,0.0000
Burst,10.01,8,0,0,0.0000,0.0000,0.0000,0.0000
Burst,10.01,8,1,0,0.0000,0.0000,0.0000,0.0000
Burst,10.01,8,2,0,0.0000,0.0000,0.0000,0.0000
Burst,10.01,9,0,0,0.0000,0.0000,0.0000,0.0000
Burst,10.01,9,1,0,0.0000,0.0000,0.0000,0.0000
Burst,10.01,9,2,0,0.0000,0.0000,0.0000,0.0000
Burst,10.01,10,0,0,0.0000,0.0000,0.0000,0.0000
Burst,10.01,10,1,0,0.0000,0.0000,0.0000,0.0000
Burst,10.01,10,2,0,0.0000,0.0000,0.0000,0.0000
Burst,10.01,11,0,0,0.0000,0.0000,0.0000,0.0000
Burst,10.01,11,1,0,0.0000,0.0000,0.0000,0.0000
Burst,10.01,11,2,0,0.0000,0.0000,0.0000,0.0000
Burst,10.01,12,0,0,0.0000,0.0000,0.0000,0.0000
Burst,10.01,12,1,0,0.0000,0.0000,0.0000,0.0000
Burst,10.01,12,2,0,0.0000,0.0000,0.0000,0.0000
Burst,10.01,13,0,0,0.0000,0.0000,0.0000,0.0000
Burst,10.01,13,1,0,0.0000,0.0000,0.0000,0.0000
Burst,10.01,13,2,0,0.0000,0.0000,0.0000,0.0000
Burst,10.01,14,0,0,0.0000,0.0000,0.0000,0.0000
Burst,10.01,14,1,0,0.0000,0.0000,0.0000,0.0000
Burst,10.01,14,2,0,0.0000,0.0000,0.0000,0.0000
Burst,10.01,15,0,0,0.0000,0.0000,0.0000,0.0000
Burst,10.01,15,1,0,0.0000,0.0000,0.0000,0.0000
Burst,10.01,15,2,0,0.0000,0.0000,0.0000,0.0000
Burst,10.01,16,0,0,0.0000,0.0000,0.0000,0.0000
Burst,10.01,16,1,0,0.0000,0.0000,0.0000,0.0000
Burst,10.01,16,2,0,0.0000,0.0000,0.0000,0.0000
Burst,10.01,17,0,0,0.0000,0.0000,0.0000,0.0000
Burst,10.01,17,1,0,0.0000,0.0000,0.0000,0.0000
Burst,10.01,17,2,0,0.0000,0.0000,0.0000,0.0000
Burst,10.01,18,0,0,0.0000,0.0000,0.0000,0.0000
Burst,10.01,18,1,0,0.0000,0.0000,0.0000,0.0000
Burst,10.01,18,2,0,0.0000,0.0000,0.0000,0.0000
Burst,10.01,19,0,0,0.0000,0.0000,0.0000,0.0000
Burst,10.01,19,1,0,0.0000,0.0000,0.0000,0.0000
Burst,10.01,19,2,0,0.0000,0.0000,0.0000,0.0000
Burst,10.01,20,0,0,0.0000,0.0000,0.0000,0.0000
Burst,10.01,20,1,0,0.0000,0.0000,0.0000,0.0000
Burst,10.01,20,2,0,0.0000,0.0000,0.0000,0.0000
Burst,10.01,21,0,0,0.0000,0.0000,0.0000,0.0000
Burst,10.01,21,1,0,0.0000,0.0000,0.0000,0.0000
Burst,10.01,21,2,0,0.0000,0.0000,0.0000,0.0000
Burst,10.01,22,0,0,0.0000,0.0000,0.0000,0.0000
Burst,10.01,22,1,0,0.0000,0.0000,0.0000,0.0000
Burst,10.01,22,2,0,0.0000,0.0000,0.0000,0.0000
Burst,10.01,23,0,0,0.0000,0.0000,0.0000,0.0000
Burst,10.01,23,1,0,0.0000,0.0000,0.0000,0.0000
Burst,10.01,23,2,0,0.0000,0.0000,0.0000,0.0000
Burst,10.01,24,0,0,0.0000,0.0000,0.0000,0.0000
Burst,10.01,24,1,0,0.0000,0.0000,0.0000,0.0000
Burst,10.01,24,2,0,0.0000,0.0000,0.0000,0.0000
Burst,10.01,25,0,0,0.0000,0.0000,0.0000,0.0000
Burst,10.01,25,1,0,0.0000,0.0000,0.0000,0.0000
Burst,10.01,25,2,0,0.0000,0.0000,0.0000,0.0000
Burst,10.01,26,0,0,0.0000,0.0000,0.0000,0.0000
Burst,10.01,26,1,0,0.0000,0.0000,0.0000,0.0000
Burst,10.01,26,2,0,0.0000,0.0000,0.0000,0.0000
Burst,10.01,27,0,0,0.0000,0.0000,0.0000,0.0000
Burst,10.01,27,1,0,0.0000,0.0000,0.0000,0.0000
Burst,10.01,27,2,0,0.0000,0.0000,0.0000,0.0000
Burst,10.01,28,0,0,0.0000,0.0000,0.0000,0.0000
Burst,10.01,28,1,0,0.0000,0.0000,0.0000,0.0000
Burst,10.01,28,2,0,0.0000,0.0000,0.0000,0.0000
Burst,10.01,29,0,0,0.0000,0.0000,0.0000,0.0000
Burst,10.01,29,1,0,0.0000,0.0000,0.0000,0.0000
Burst,10.01,29,2,0,0.0000,0.0000,0.0000,0.0000
Burst,10.51,0,0,0,0.0000,0.0000,0.0000,0.0000
Burst,10.51,0,1,0,0.0000,0.0000,0.0000,0.0000
Burst,10.51,0,2,0,0.0000,0.0000,0.0000,0.0000
Burst,10.51,1,0,0,0.0000,0.0000,0.0000,0.0000
Burst,10.51,1,1,0,0.0000,0.0000,0.0000,0.0000
Burst,10.51,1,2,0,0.0000,0.0000,0.0000,0.0000
Burst,10.51,2,0,0,0.0000,0.0000,0.0000,0.0000
Burst,10.51,2,1,0,0.0000,0.0000,0.0000,0.0000
Burst,10.51,2,2,0,0.0000,0.0000,0.0000,0.0000
Burst,10.51,3,0,0,0.0000,0.0000,0.0000,0.0000
Burst,10.51,3,1,0,0.0000,0.0000,0.0000,0.0000
Burst,10.51,3,2,0,0.0000,0.0000,0.0000,0.0000
Burst,10.51,4,0,0,0.0000,0.0000,0.0000,0.0000
Burst,10.51,4,1,0,0.0000,0.0000,0.0000,0.0000
Burst,10.51,4,2,0,0.0000,0.0000,0.0000,0.0000
Burst,10.51,5,0,0,0.0000,0.0000,0.0000,0.0000
Burst,10.51,5,1,0,0.0000,0.0000,0.0000,0.0000
Burst,10.51,5,2,0,0.0000,0.0000,0.0000,0.0000
Burst,10.51,6,0,0,0.0000,0.0000,0.0000,0.0000
Burst,10.51,6,1,0,0.0000,0.0000,0.0000,0.0000
Burst,10.51,6,2,0,0.0000,0.0000,0.0000,0.0000
Burst,10.51,7,0,0,0.0000,0.0000,0.0000,0.0000
Burst,10.51,7,1,0,0.0000,0.0000,0.0000,0.0000
Burst,10.51,7,2,0,0.0000,0.0000,0.0000,0.0000
Burst,10.51,8,0,0,0.0000,0.0000,0.0000,0.0000
Burst,10.51,8,1,0,0.0000,0.0000,0.0000,0.0000
Burst,10.51,8,2,0,0.0000,0.0000,0.0000,0.0000
Burst,10.51,9,0,0,0.0000,0.0000,0.0000,0.0000
Burst,10.51,9,1,0,0.0000,0.0000,0.0000,0.0000
Burst,10.51,9,2,0,0.0000,0.0000,0.0000,0.0000
Burst,10.51,10,0,0,0.0000,0.0000,0.0000,0.0000
Burst,10.51,10,1,0,0.0000,0.0000,0.0000,0.0000
Burst,10.51,10,2,0,0.0000,0.0000,0.0000,0.0000
Burst,10.51,11,0,0,0.0000,0.0000,0.0000,0.0000
Burst,10.51,11,1,0,0.0000,0.0000,0.0000,0.0000
Burst,10.51,11,2,0,0.0000,0.0000,0.0000,0.0000
Burst,10.51,12,0,0,0.0000,0.0000,0.0000,0.0000
Burst,10.51,12,1,0,0.0000,0.0000,0.0000,0.0000
Burst,10.51,12,2,0,0.0000,0.0000,0.0000,0.0000
Burst,10.51,13,0,0,0.0000,0.0000,0.0000,0.0000
Burst,10.51,13,1,0,0.0000,0.0000,0.0000,0.0000
Burst,10.51,13,2,0,0.0000,0.0000,0.0000,0.0000
Burst,10.51,14,0,0,0.0000,0.0000,0.0000,0.0000
Burst,10.51,14,1,0,0.0000,0.0000,0.0000,0.0000
Burst,10.51,14,2,0,0.0000,0.0000,0.0000,0.0000
Burst,10.51,15,0,0,0.0000,0.0000,0.0000,0.0000
Burst,10.51,15,1,0,0.0000,0.0000,0.0000,0.0000
Burst,10.51,15,2,0,0.0000,0.0000,0.0000,0.0000
Burst,10.51,16,0,0,0.0000,0.0000,0.0000,0.0000
Burst,10.51,16,1,0,0.0000,0.0000,0.0000,0.0000
Burst,10.51,16,2,0,0.0000,0.0000,0.0000,0.0000
Burst,10.51,17,0,0,0.0000,0.0000,0.0000,0.0000
Burst,10.51,17,1,0,0.0000,0.0000,0.0000,0.0000
Burst,10.51,17,2,0,0.0000,0.0000,0.0000,0.0000
Burst,10.51,18,0,0,0.0000,0.0000,0.0000,0.0000
Burst,10.51,18,1,0,0.0000,0.0000,0.0000,0.0000
Burst,10.51,18,2,0,0.0000,0.0000,0.0000,0.0000
Burst,10.51,19,0,0,0.0000,0.0000,0.0000,0.0000
Burst,10.51,19,1,0,0.0000,0.0000,0.0000,0.0000
Burst,10.51,19,2,0,0.0000,0.0000,0.0000,0.0000
Burst,10.51,20,0,0,0.0000,0.0000,0.0000,0.0000
Burst,10.51,20,1,0,0.0000,0.0000,0.0000,0.0000
Burst,10.51,20,2,0,0.0000,0.0000,0.0000,0.0000
Burst,10.51,21,0,0,0.0000,0.0000,0.0000,0.0000
Burst,10.51,21,1,0,0.0000,0.0000,0.0000,0.0000
Burst,10.51,21,2,0,0.0000,0.0000,0.0000,0.0000
Burst,10.51,22,0,0,0.0000,0.0000,0.0000,0.0000
Burst,10.51,22,1,0,0.0000,0.0000,0.0000,0.0000
Burst,10.51,22,2,0,0.0000,0.0000,0.0000,0.0000
Burst,10.51,23,0,0,0.0000,0.0000,0.0000,0.0000
Burst,10.51,23,1,0,0.0000,0.0000,0.0000,0.0000
Burst,10.51,23,2,0,0.0000,0.0000,0.0000,0.0000
Burst,10.51,24,0,0,0.0000,0.0000,0.0000,0.0000
Burst,10.51,24,1,0,0.0000,0.0000,0.0000,0.0000
Burst,10.51,24,2,0,0.0000,0.0000,0.0000,0.0000
Burst,10.51,25,0,0,0.0000,0.0000,0.0000,0.0000
Burst,10.51,25,1,0,0.0000,0.0000,0.0000,0.0000
Burst,10.51,25,2,0,0.0000,0.0000,0.0000,0.0000
Burst,10.51,26,0,0,0.0000,0.0000,0.0000,0.0000
Burst,10.51,26,1,0,0.0000,0.0000,0.0000,0.0000
Burst,10.51,26,2,0,0.0000,0.0000,0.0000,0.0000
Burst,10.51,27,0,0,0.0000,0.0000,0.0000,0.0000
Burst,10.51,27,1,0,0.0000,0.0000,0.0000,0.0000
Burst,10.51,27,2,0,0.0000,0.0000,0.0000,0.0000
Burst,10.51,28,0,0,0.0000,0.0000,0.0000,0.0000
Burst,10.51,28,1,0,0.0000,0.0000,0.0000,0.0000
Burst,10.51,28,2,0,0.0000,0.0000,0.0000,0.0000
Burst,10.51,29,0,0,0.0000,0.0000,0.0000,0.0000
Burst,10.51,29,1,0,0.0000,0.0000,0.0000,0.0000
Burst,10.51,29,2,0,0.0000,0.0000,0.0000,0.0000
Burst,11.01,0,0,0,0.0000,0.0000,0.0000,0.0000
Burst,11.01,0,1,0,0.0000,0.0000,0.0000,0.0000
Burst,11.01,0,2,0,0.0000,0.0000,0.0000,0.0000
Burst,11.01,1,0,0,0.0000,0.0000,0.0000,0.0000
Burst,11.01,1,1,0,0.0000,0.0000,0.0000,0.0000
Burst,11.01,1,2,0,0.0000,0.0000,0.0000,0.0000
Burst,11.01,2,0,0,0.0000,0.0000,0.0000,0.0000
Burst,11.01,2,1,0,0.0000,0.0000,0.0000,0.0000
Burst,11.01,2,2,0,0.0000,0.0000,0.0000,0.0000
Burst,11.01,3,0,0,0.0000,0.0000,0.0000,0.0000
Burst,11.01,3,1,0,0.0000,0.0000,0.0000,0.0000
Burst,11.01,3,2,0,0.0000,0.0000,0.0000,0.0000
Burst,11.01,4,0,0,0.0000,0.0000,0.0000,0.0000
Burst,11.01,4,1,0,0.0000,0.0000,0.0000,0.0000
Burst,11.01,4,2,0,0.0000,0.0000,0.0000,0.0000
Burst,11.01,5,0,0,0.0000,0.0000,0.0000,0.0000
Burst,11.01,5,1,0,0.0000,0.0000,0.0000,0.0000
Burst,11.01,5,2,0,0.0000,0.0000,0.0000,0.0000
Burst,11.01,6,0,0,0.0000,0.0000,0.0000,0.0000
Burst,11.01,6,1,0,0.0000,0.0000,0.0000,0.0000
Burst,11.01,6,2,0,0.0000,0.0000,0.0000,0.0000
Burst,11.01,7,0,0,0.0000,0.0000,0.0000,0.0000
Burst,11.01,7,1,0,0.0000,0.0000,0.0000,0.0000
Burst,11.01,7,2,0,0.0000,0.0000,0.0000,0.0000
Burst,11.01,8,0,0,0.0000,0.0000,0.0000,0.0000
Burst,11.01,8,1,0,0.0000,0.0000,0.0000,0.0000
Burst,11.01,8,2,0,0.0000,0.0000,0.0000,0.0000
Burst,11.01,9,0,0,0.0000,0.0000,0.0000,0.0000
Burst,11.01,9,1,0,0.0000,0.0000,0.0000,0.0000
Burst,11.01,9,2,0,0.0000,0.0000,0.0000,0.0000
Burst,11.01,10,0,0,0.0000,0.0000,0.0000,0.0000
Burst,11.01,10,1,0,0.0000,0.0000,0.0000,0.0000
Burst,11.01,10,2,0,0.0000,0.0000,0.0000,0.0000
Burst,11.01,11,0,0,0.0000,0.0000,0.0000,0.0000
Burst,11.01,11,1,0,0.0000,0.0000,0.0000,0.0000
Burst,11.01,11,2,0,0.0000,0.0000,0.0000,0.0000
Burst,11.01,12,0,0,0.0000,0.0000,0.0000,0.0000
Burst,11.01,12,1,0,0.0000,0.0000,0.0000,0.0000
Burst,11.01,12,2,0,0.0000,0.0000,0.0000,0.0000
Burst,11.01,13,0,0,0.0000,0.0000,0.0000,0.0000
Burst,11.01,13,1,0,0.0000,0.0000,0.0000,0.0000
Burst,11.01,13,2,0,0.0000,0.0000,0.0000,0.0000
Burst,11.01,14,0,0,0.0000,0.0000,0.0000,0.0000
Burst,11.01,14,1,0,0.0000,0.0000,0.0000,0.0000
Burst,11.01,14,2,0,0.0000,0.0000,0.0000,0.0000
Burst,11.01,15,0,0,0.0000,0.0000,0.0000,0.0000
Burst,11.01,15,1,0,0.0000,0.0000,0.0000,0.0000
Burst,11.01,15,2,0,0.0000,0.0000,0.0000,0.0000
Burst,11.01,16,0,0,0.0000,0.0000,0.0000,0.0000
Burst,11.01,16,1,0,0.0000,0.0000,0.0000,0.0000
Burst,11.01,16,2,0,0.0000,0.0000,0.0000,0.0000
Burst,11.01,17,0,0,0.0000,0.0000,0.0000,0.0000
Burst,11.01,17,1,0,0.0000,0.0000,0.0000,0.0000
Burst,11.01,17,2,0,0.0000,0.0000,0.0000,0.0000
Burst,11.01,18,0,0,0.0000,0.0000,0.0000,0.0000
Burst,11.01,18,1,0,0.0000,0.0000,0.0000,0.0000
Burst,11.01,18,2,0,0.0000,0.0000,0.0000,0.0000
Burst,11.01,19,0,0,0.0000,0.0000,0.0000,0.0000
Burst,11.01,19,1,0,0.0000,0.0000,0.0000,0.0000
Burst,11.01,19,2,0,0.0000,0.0000,0.0000,0.0000
Burst,11.01,20,0,0,0.0000,0.0000,0.0000,0.0000
Burst,11.01,20,1,0,0.0000,0.0000,0.0000,0.0000
Burst,11.01,20,2,0,0.0000,0.0000,0.0000,0.0000
Burst,11.01,21,0,0,0.0000,0.0000,0.0000,0.0000
Burst,11.01,21,1,0,0.0000,0.0000,0.0000,0.0000
Burst,11.01,21,2,0,0.0000,0.0000,0.0000,0.0000
Burst,11.01,22,0,0,0.0000,0.0000,0.0000,0.0000
Burst,11.01,22,1,0,0.0000,0.0000,0.0000,0.0000
Burst,11.01,22,2,0,0.0000,0.0000,0.0000,0.0000
Burst,11.01,23,0,0,0.0000,0.0000,0.0000,0.0000
Burst,11.01,23,1,0,0.0000,0.0000,0.0000,0.0000
Burst,11.01,23,2,0,0.0000,0.0000,0.0000,0.0000
Burst,11.01,24,0,0,0.0000,0.0000,0.0000,0.0000
Burst,11.01,24,1,0,0.0000,0.0000,0.0000,0.0000
Burst,11.01,24,2,0,0.0000,0.0000,0.0000,0.0000
Burst,11.01,25,0,0,0.0000,0.0000,0.0000,0.0000
Burst,11.01,25,1,0,0.0000,0.0000,0.0000,0.0000
Burst,11.01,25,2,0,0.0000,0.0000,0.0000,0.0000
Burst,11.01,26,0,0,0.0000,0.0000,0.0000,0.0000
Burst,11.01,26,1,0,0.0000,0.0000,0.0000,0.0000
Burst,11.01,26,2,0,0.0000,0.0000,0.0000,0.0000
Burst,11.01,27,0,0,0.0000,0.0000,0.0000,0.0000
Burst,11.01,27,1,0,0.0000,0.0000,0.0000,0.0000
Burst,11.01,27,2,0,0.0000,0.0000,0.0000,0.0000
Burst,11.01,28,0,0,0.0000,0.0000,0.0000,0.0000
Burst,11.01,28,1,0,0.0000,0.0000,0.0000,0.0000
Burst,11.01,28,2,0,0.0000,0.0000,0.0000,0.0000
Burst,11.01,29,0,0,0.0000,0.0000,0.0000,0.0000
Burst,11.01,29,1,0,0.0000,0.0000,0.0000,0.0000
Burst,11.01,29,2,0,0.0000,0.0000,0.0000,0.0000
Burst,11.51,0,0,0,0.0000,0.0000,0.0000,0.0000
Burst,11.51,0,1,0,0.0000,0.0000,0.0000,0.0000
Burst,11.51,0,2,0,0.0000,0.0000,0.0000,0.0000
Burst,11.51,1,0,0,0.0000,0.0000,0.0000,0.0000
Burst,11.51,1,1,0,0.0000,0.0000,0.0000,0.0000
Burst,11.51,1,2,0,0.0000,0.0000,0.0000,0.0000
Burst,11.51,2,0,0,0.0000,0.0000,0.0000,0.0000
Burst,11.51,2,1,0,0.0000,0.0000,0.0000,0.0000
Burst,11.51,2,2,0,0.0000,0.0000,0.0000,0.0000
Burst,11.51,3,0,0,0.0000,0.0000,0.0000,0.0000
Burst,11.51,3,1,0,0.0000,0.0000,0.0000,0.0000
Burst,11.51,3,2,0,0.0000,0.0000,0.0000,0.0000
Burst,11.51,4,0,0,0.0000,0.0000,0.0000,0.0000
Burst,11.51,4,1,0,0.0000,0.0000,0.0000,0.0000
Burst,11.51,4,2,0,0.0000,0.0000,0.0000,0.0000
Burst,11.51,5,0,0,0.0000,0.0000,0.0000,0.0000
Burst,11.51,5,1,0,0.0000,0.0000,0.0000,0.0000
Burst,11.51,5,2,0,0.0000,0.0000,0.0000,0.0000
Burst,11.51,6,0,0,0.0000,0.0000,0.0000,0.0000
Burst,11.51,6,1,0,0.0000,0.0000,0.0000,0.0000
Burst,11.51,6,2,0,0.0000,0.0000,0.0000,0.0000
Burst,11.51,7,0,0,0.0000,0.0000,0.0000,0.0000
Burst,11.51,7,1,0,0.0000,0.0000,0.0000,0.0000
Burst,11.51,7,2,0,0.0000,0.0000,0.0000,0.0000
Burst,11.51,8,0,0,0.0000,0.0000,0.0000,0.0000
Burst,11.51,8,1,0,0.0000,0.0000,0.0000,0.0000
Burst,11.51,8,2,0,0.0000,0.0000,0.0000,0.0000
Burst,11.51,9,0,0,0.0000,0.0000,0.0000,0.0000
Burst,11.51,9,1,0,0.0000,0.0000,0.0000,0.0000
Burst,11.51,9,2,0,0.0000,0.0000,0.0000,0.0000
Burst,11.51,10,0,0,0.0000,0.0000,0.0000,0.0000
Burst,11.51,10,1,0,0.0000,0.0000,0.0000,0.0000
Burst,11.51,10,2,0,0.0000,0.0000,0.0000,0.0000
Burst,11.51,11,0,0,0.0000,0.0000,0.0000,0.0000
Burst,11.51,11,1,0,0.0000,0.0000,0.0000,0.0000
Burst,11.51,11,2,0,0.0000,0.0000,0.0000,0.0000
Burst,11.51,12,0,0,0.0000,0.0000,0.0000,0.0000
Burst,11.51,12,1,0,0.0000,0.0000,0.0000,0.0000
Burst,11.51,12,2,0,0.0000,0.0000,0.0000,0.0000
Burst,11.51,13,0,0,0.0000,0.0000,0.0000,0.0000
Burst,11.51,13,1,0,0.0000,0.0000,0.0000,0.0000
Burst,11.51,13,2,0,0.0000,0.0000,0.0000,0.0000
Burst,11.51,14,0,0,0.0000,0.0000,0.0000,0.0000
Burst,11.51,14,1,0,0.0000,0.0000,0.0000,0.0000
Burst,11.51,14,2,0,0.0000,0.0000,0.0000,0.0000
Burst,11.51,15,0,0,0.0000,0.0000,0.0000,0.0000
Burst,11.51,15,1,0,0.0000,0.0000,0.0000,0.0000
Burst,11.51,15,2,0,0.0000,0.0000,0.0000,0.0000
Burst,11.51,16,0,0,0.0000,0.0000,0.0000,0.0000
Burst,11.51,16,1,0,0.0000,0.0000,0.0000,0.0000
Burst,11.51,16,2,0,0.0000,0.0000,0.0000,0.0000
Burst,11.51,17,0,0,0.0000,0.0000,0.0000,0.0000
Burst,11.51,17,1,0,0.0000,0.0000,0.0000,0.0000
Burst,11.51,17,2,0,0.0000,0.0000,0.0000,0.0000
Burst,11.51,18,0,0,0.0000,0.0000,0.0000,0.0000
Burst,11.51,18,1,0,0.0000,0.0000,0.0000,0.0000
Burst,11.51,18,2,0,0.0000,0.0000,0.0000,0.0000
Burst,11.51,19,0,0,0.0000,0.0000,0.0000,0.0000
Burst,11.51,19,1,0,0.0000,0.0000,0.0000,0.0000
Burst,11.51,19,2,0,0.0000,0.0000,0.0000,0.0000
Burst,11.51,20,0,0,0.0000,0.0000,0.0000,0.0000
Burst,11.51,20,1,0,0.0000,0.0000,0.0000,0.0000
Burst,11.51,20,2,0,0.0000,0.0000,0.0000,0.0000
Burst,11.51,21,0,0,0.0000,0.0000,0.0000,0.0000
Burst,11.51,21,1,0,0.0000,0.0000,0.0000,0.0000
Burst,11.51,21,2,0,0.0000,0.0000,0.0000,0.0000
Burst,11.51,22,0,0,0.0000,0.0000,0.0000,0.0000
Burst,11.51,22,1,0,0.0000,0.0000,0.0000,0.0000
Burst,11.51,22,2,0,0.0000,0.0000,0.0000,0.0000
Burst,11.51,23,0,0,0.0000,0.0000,0.0000,0.0000
Burst,11.51,23,1,0,0.0000,0.0000,0.0000,0.0000
Burst,11.51,23,2,0,0.0000,0.0000,0.0000,0.0000
Burst,11.51,24,0,0,0.0000,0.0000,0.0000,0.0000
Burst,11.51,24,1,0,0.0000,0.0000,0.0000,0.0000
Burst,11.51,24,2,0,0.0000,0.0000,0.0000,0.0000
Burst,11.51,25,0,0,0.0000,0.0000,0.0000,0.0000
Burst,11.51,25,1,0,0.0000,0.0000,0.0000,0.0000
Burst,11.51,25,2,0,0.0000,0.0000,0.0000,0.0000
Burst,11.51,26,0,0,0.0000,0.0000,0.0000,0.0000
Burst,11.51,26,1,0,0.0000,0.0000,0.0000,0.0000
Burst,11.51,26,2,0,0.0000,0.0000,0.0000,0.0000
Burst,11.51,27,0,0,0.0000,0.0000,0.0000,0.0000
Burst,11.51,27,1,0,0.0000,0.0000,0.0000,0.0000
Burst,11.51,27,2,0,0.0000,0.0000,0.0000,0.0000
Burst,11.51,28,0,0,0.0000,0.0000,0.0000,0.0000
Burst,11.51,28,1,0,0.0000,0.0000,0.0000,0.0000
Burst,11.51,28,2,0,0.0000,0.0000,0.0000,0.0000
Burst,11.51,29,0,0,0.0000,0.0000,0.0000,0.0000
Burst,11.51,29,1,0,0.0000,0.0000,0.0000,0.0000
Burst,11.51,29,2,0,0.0000,0.0000,0.0000,0.0000
Burst,12.01,0,0,0,0.0000,0.0000,0.0000,0.0000
Burst,12.01,0,1,0,0.0000,0.0000,0.0000,0.0000
Burst,12.01,0,2,0,0.0000,0.0000,0.0000,0.0000
Burst,12.01,1,0,0,0.0000,0.0000,0.0000,0.0000
Burst,12.01,1,1,0,0.0000,0.0000,0.0000,0.0000
Burst,12.01,1,2,0,0.0000,0.0000,0.0000,0.0000
Burst,12.01,2,0,0,0.0000,0.0000,0.0000,0.0000
Burst,12.01,2,1,0,0.0000,0.0000,0.0000,0.0000
Burst,12.01,2,2,0,0.0000,0.0000,0.0000,0.0000
Burst,12.01,3,0,0,0.0000,0.0000,0.0000,0.0000
Burst,12.01,3,1,0,0.0000,0.0000,0.0000,0.0000
Burst,12.01,3,2,0,0.0000,0.0000,0.0000,0.0000
Burst,12.01,4,0,0,0.0000,0.0000,0.0000,0.0000
Burst,12.01,4,1,0,0.0000,0.0000,0.0000,0.0000
Burst,12.01,4,2,0,0.0000,0.0000,0.0000,0.0000
Burst,12.01,5,0,0,0.0000,0.0000,0.0000,0.0000
Burst,12.01,5,1,0,0.0000,0.0000,0.0000,0.0000
Burst,12.01,5,2,0,0.0000,0.0000,0.0000,0.0000
Burst,12.01,6,0,0,0.0000,0.0000,0.0000,0.0000
Burst,12.01,6,1,0,0.0000,0.0000,0.0000,0.0000
Burst,12.01,6,2,0,0.0000,0.0000,0.0000,0.0000
Burst,12.01,7,0,0,0.0000,0.0000,0.0000,0.0000
Burst,12.01,7,1,0,0.0000,0.0000,0.0000,0.0000
Burst,12.01,7,2,0,0.0000,0.0000,0.0000,0.0000
Burst,12.01,8,0,0,0.0000,0.0000,0.0000,0.0000
Burst,12.01,8,1,0,0.0000,0.0000,0.0000,0.0000
Burst,12.01,8,2,0,0.0000,0.0000,0.0000,0.0000
Burst,12.01,9,0,0,0.0000,0.0000,0.0000,0.0000
Burst,12.01,9,1,0,0.0000,0.0000,0.0000,0.0000
Burst,12.01,9,2,0,0.0000,0.0000,0.0000,0.0000
Burst,12.01,10,0,0,0.0000,0.0000,0.0000,0.0000
Burst,12.01,10,1,0,0.0000,0.0000,0.0000,0.0000
Burst,12.01,10,2,0,0.0000,0.0000,0.0000,0.0000
Burst,12.01,11,0,0,0.0000,0.0000,0.0000,0.0000
Burst,12.01,11,1,0,0.0000,0.0000,0.0000,0.0000
Burst,12.01,11,2,0,0.0000,0.0000,0.0000,0.0000
Burst,12.01,12,0,0,0.0000,0.0000,0.0000,0.0000
Burst,12.01,12,1,0,0.0000,0.0000,0.0000,0.0000
Burst,12.01,12,2,0,0.0000,0.0000,0.0000,0.0000
Burst,12.01,13,0,0,0.0000,0.0000,0.0000,0.0000
Burst,12.01,13,1,0,0.0000,0.0000,0.0000,0.0000
Burst,12.01,13,2,0,0.0000,0.0000,0.0000,0.0000
Burst,12.01,14,0,0,0.0000,0.0000,0.0000,0.0000
Burst,12.01,14,1,0,0.0000,0.0000,0.0000,0.0000
Burst,12.01,14,2,0,0.0000,0.0000,0.0000,0.0000
Burst,12.01,15,0,0,0.0000,0.0000,0.0000,0.0000
Burst,12.01,15,1,0,0.0000,0.0000,0.0000,0.0000
Burst,12.01,15,2,0,0.0000,0.0000,0.0000,0.0000
Burst,12.01,16,0,0,0.0000,0.0000,0.0000,0.0000
Burst,12.01,16,1,0,0.0000,0.0000,0.0000,0.0000
Burst,12.01,16,2,0,0.0000,0.0000,0.0000,0.0000
Burst,12.01,17,0,0,0.0000,0.0000,0.0000,0.0000
Burst,12.01,17,1,0,0.0000,0.0000,0.0000,0.0000
Burst,12.01,17,2,0,0.0000,0.0000,0.0000,0.0000
Burst,12.01,18,0,0,0.0000,0.0000,0.0000,0.0000
Burst,12.01,18,1,0,0.0000,0.0000,0.0000,0.0000
Burst,12.01,18,2,0,0.0000,0.0000,0.0000,0.0000
Burst,12.01,19,0,0,0.0000,0.0000,0.0000,0.0000
Burst,12.01,19,1,0,0.0000,0.0000,0.0000,0.0000
Burst,12.01,19,2,0,0.0000,0.0000,0.0000,0.0000
Burst,12.01,20,0,0,0.0000,0.0000,0.0000,0.0000
Burst,12.01,20,1,0,0.0000,0.0000,0.0000,0.0000
Burst,12.01,20,2,0,0.0000,0.0000,0.0000,0.0000
Burst,12.01,21,0,0,0.0000,0.0000,0.0000,0.0000
Burst,12.01,21,1,0,0.0000,0.0000,0.0000,0.0000
Burst,12.01,21,2,0,0.0000,0.0000,0.0000,0.0000
Burst,12.01,22,0,0,0.0000,0.0000,0.0000,0.0000
Burst,12.01,22,1,0,0.0000,0.0000,0.0000,0.0000
Burst,12.01,22,2,0,0.0000,0.0000,0.0000,0.0000
Burst,12.01,23,0,0,0.0000,0.0000,0.0000,0.0000
Burst,12.01,23,1,0,0.0000,0.0000,0.0000,0.0000
Burst,12.01,23,2,0,0.0000,0.0000,0.0000,0.0000
Burst,12.01,24,0,0,0.0000,0.0000,0.0000,0.0000
Burst,12.01,24,1,0,0.0000,0.0000,0.0000,0.0000
Burst,12.01,24,2,0,0.0000,0.0000,0.0000,0.0000
Burst,12.01,25,0,0,0.0000,0.0000,0.0000,0.0000
Burst,12.01,25,1,0,0.0000,0.0000,0.0000,0.0000
Burst,12.01,25,2,0,0.0000,0.0000,0.0000,0.0000
Burst,12.01,26,0,0,0.0000,0.0000,0.0000,0.0000
Burst,12.01,26,1,0,0.0000,0.0000,0.0000,0.0000
Burst,12.01,26,2,0,0.0000,0.0000,0.0000,0.0000
Burst,12.01,27,0,0,0.0000,0.0000,0.0000,0.0000
Burst,12.01,27,1,0,0.0000,0.0000,0.0000,0.0000
Burst,12.01,27,2,0,0.0000,0.0000,0.0000,0.0000
Burst,12.01,28,0,0,0.0000,0.0000,0.0000,0.0000
Burst,12.01,28,1,0,0.0000,0.0000,0.0000,0.0000
Burst,12.01,28,2,0,0.0000,0.0000,0.0000,0.0000
Burst,12.01,29,0,0,0.0000,0.0000,0.0000,0.0000
Burst,12.01,29,1,0,0.0000,0.0000,0.0000,0.0000
Burst,12.01,29,2,0,0.0000,0.0000,0.0000,0.0000
Burst,12.51,0,0,0,0.0000,0.0000,0.0000,0.0000
Burst,12.51,0,1,0,0.0000,0.0000,0.0000,0.0000
Burst,12.51,0,2,0,0.0000,0.0000,0.0000,0.0000
Burst,12.51,1,0,0,0.0000,0.0000,0.0000,0.0000
Burst,12.51,1,1,0,0.0000,0.0000,0.0000,0.0000
Burst,12.51,1,2,0,0.0000,0.0000,0.0000,0.0000
Burst,12.51,2,0,0,0.0000,0.0000,0.0000,0.0000
Burst,12.51,2,1,0,0.0000,0.0000,0.0000,0.0000
Burst,12.51,2,2,0,0.0000,0.0000,0.0000,0.0000
Burst,12.51,3,0,0,0.0000,0.0000,0.0000,0.0000
Burst,12.51,3,1,0,0.0000,0.0000,0.0000,0.0000
Burst,12.51,3,2,0,0.0000,0.0000,0.0000,0.0000
Burst,12.51,4,0,0,0.0000,0.0000,0.0000,0.0000
Burst,12.51,4,1,0,0.0000,0.0000,0.0000,0.0000
Burst,12.51,4,2,0,0.0000,0.0000,0.0000,0.0000
Burst,12.51,5,0,0,0.0000,0.0000,0.0000,0.0000
Burst,12.51,5,1,0,0.0000,0.0000,0.0000,0.0000
Burst,12.51,5,2,0,0.0000,0.0000,0.0000,0.0000
Burst,12.51,6,0,0,0.0000,0.0000,0.0000,0.0000
Burst,12.51,6,1,0,0.0000,0.0000,0.0000,0.0000
Burst,12.51,6,2,0,0.0000,0.0000,0.0000,0.0000
Burst,12.51,7,0,0,0.0000,0.0000,0.0000,0.0000
Burst,12.51,7,1,0,0.0000,0.0000,0.0000,0.0000
Burst,12.51,7,2,0,0.0000,0.0000,0.0000,0.0000
Burst,12.51,8,0,0,0.0000,0.0000,0.0000,0.0000
Burst,12.51,8,1,0,0.0000,0.0000,0.0000,0.0000
Burst,12.51,8,2,0,0.0000,0.0000,0.0000,0.0000
Burst,12.51,9,0,0,0.0000,0.0000,0.0000,0.0000
Burst,12.51,9,1,0,0.0000,0.0000,0.0000,0.0000
Burst,12.51,9,2,0,0.0000,0.0000,0.0000,0.0000
Burst,12.51,10,0,0,0.0000,0.0000,0.0000,0.0000
Burst,12.51,10,1,0,0.0000,0.0000,0.0000,0.0000
Burst,12.51,10,2,0,0.0000,0.0000,0.0000,0.0000
Burst,12.51,11,0,0,0.0000,0.0000,0.0000,0.0000
Burst,12.51,11,1,0,0.0000,0.0000,0.0000,0.0000
Burst,12.51,11,2,0,0.0000,0.0000,0.0000,0.0000
Burst,12.51,12,0,0,0.0000,0.0000,0.0000,0.0000
Burst,12.51,12,1,0,0.0000,0.0000,0.0000,0.0000
Burst,12.51,12,2,0,0.0000,0.0000,0.0000,0.0000
Burst,12.51,13,0,0,0.0000,0.0000,0.0000,0.0000
Burst,12.51,13,1,0,0.0000,0.0000,0.0000,0.0000
Burst,12.51,13,2,0,0.0000,0.0000,0.0000,0.0000
Burst,12.51,14,0,0,0.0000,0.0000,0.0000,0.0000
Burst,12.51,14,1,0,0.0000,0.0000,0.0000,0.0000
Burst,12.51,14,2,0,0.0000,0.0000,0.0000,0.0000
Burst,12.51,15,0,0,0.0000,0.0000,0.0000,0.0000
Burst,12.51,15,1,0,0.0000,0.0000,0.0000,0.0000
Burst,12.51,15,2,0,0.0000,0.0000,0.0000,0.0000
Burst,12.51,16,0,0,0.0000,0.0000,0.0000,0.0000
Burst,12.51,16,1,0,0.0000,0.0000,0.0000,0.0000
Burst,12.51,16,2,0,0.0000,0.0000,0.0000,0.0000
Burst,12.51,17,0,0,0.0000,0.0000,0.0000,0.0000
Burst,12.51,17,1,0,0.0000,0.0000,0.0000,0.0000
Burst,12.51,17,2,0,0.0000,0.0000,0.0000,0.0000
Burst,12.51,18,0,0,0.0000,0.0000,0.0000,0.0000
Burst,12.51,18,1,0,0.0000,0.0000,0.0000,0.0000
Burst,12.51,18,2,0,0.0000,0.0000,0.0000,0.0000
Burst,12.51,19,0,0,0.0000,0.0000,0.0000,0.0000
Burst,12.51,19,1,0,0.0000,0.0000,0.0000,0.0000
Burst,12.51,19,2,0,0.0000,0.0000,0.0000,0.0000
Burst,12.51,20,0,0,0.0000,0.0000,0.0000,0.0000
Burst,12.51,20,1,0,0.0000,0.0000,0.0000,0.0000
Burst,12.51,20,2,0,0.0000,0.0000,0.0000,0.0000
Burst,12.51,21,0,0,0.0000,0.0000,0.0000,0.0000
Burst,12.51,21,1,0,0.0000,0.0000,0.0000,0.0000
Burst,12.51,21,2,0,0.0000,0.0000,0.0000,0.0000
Burst,12.51,22,0,0,0.0000,0.0000,0.0000,0.0000
Burst,12.51,22,1,0,0.0000,0.0000,0.0000,0.0000
Burst,12.51,22,2,0,0.0000,0.0000,0.0000,0.0000
Burst,12.51,23,0,0,0.0000,0.0000,0.0000,0.0000
Burst,12.51,23,1,0,0.0000,0.0000,0.0000,0.0000
Burst,12.51,23,2,0,0.0000,0.0000,0.0000,0.0000
Burst,12.51,24,0,0,0.0000,0.0000,0.0000,0.0000
Burst,12.51,24,1,0,0.0000,0.0000,0.0000,0.0000
Burst,12.51,24,2,0,0.0000,0.0000,0.0000,0.0000
Burst,12.51,25,0,0,0.0000,0.0000,0.0000,0.0000
Burst,12.51,25,1,0,0.0000,0.0000,0.0000,0.0000
Burst,12.51,25,2,0,0.0000,0.0000,0.0000,0.0000
Burst,12.51,26,0,0,0.0000,0.0000,0.0000,0.0000
Burst,12.51,26,1,0,0.0000,0.0000,0.0000,0.0000
Burst,12.51,26,2,0,0.0000,0.0000,0.0000,0.0000
Burst,12.51,27,0,0,0.0000,0.0000,0.0000,0.0000
Burst,12.51,27,1,0,0.0000,0.0000,0.0000,0.0000
Burst,12.51,27,2,0,0.0000,0.0000,0.0000,0.0000
Burst,12.51,28,0,0,0.0000,0.0000,0.0000,0.0000
Burst,12.51,28,1,0,0.0000,0.0000,0.0000,0.0000
Burst,12.51,28,2,0,0.0000,0.0000,0.0000,0.0000
Burst,12.51,29,0,0,0.0000,0.0000,0.0000,0.0000
Burst,12.51,29,1,0,0.0000,0.0000,0.0000,0.0000
Burst,12.51,29,2,0,0.0000,0.0000,0.0000,0.0000
Burst,13.01,0,0,0,0.0000,0.0000,0.0000,0.0000
Burst,13.01,0,1,0,0.0000,0.0000,0.0000,0.0000
Burst,13.01,0,2,0,0.0000,0.0000,0.0000,0.0000
Burst,13.01,1,0,0,0.0000,0.0000,0.0000,0.0000
Burst,13.01,1,1,0,0.0000,0.0000,0.0000,0.0000
Burst,13.01,1,2,0,0.0000,0.0000,0.0000,0.0000
Burst,13.01,2,0,0,0.0000,0.0000,0.0000,0.0000
Burst,13.01,2,1,0,0.0000,0.0000,0.0000,0.0000
Burst,13.01,2,2,0,0.0000,0.0000,0.0000,0.0000
Burst,13.01,3,0,0,0.0000,0.0000,0.0000,0.0000
Burst,13.01,3,1,0,0.0000,0.0000,0.0000,0.0000
Burst,13.01,3,2,0,0.0000,0.0000,0.0000,0.0000
Burst,13.01,4,0,0,0.0000,0.0000,0.0000,0.0000
Burst,13.01,4,1,0,0.0000,0.0000,0.0000,0.0000
Burst,13.01,4,2,0,0.0000,0.0000,0.0000,0.0000
Burst,13.01,5,0,0,0.0000,0.0000,0.0000,0.0000
Burst,13.01,5,1,0,0.0000,0.0000,0.0000,0.0000
Burst,13.01,5,2,0,0.0000,0.0000,0.0000,0.0000
Burst,13.01,6,0,0,0.0000,0.0000,0.0000,0.0000
Burst,13.01,6,1,0,0.0000,0.0000,0.0000,0.0000
Burst,13.01,6,2,0,0.0000,0.0000,0.0000,0.0000
Burst,13.01,7,0,0,0.0000,0.0000,0.0000,0.0000
Burst,13.01,7,1,0,0.0000,0.0000,0.0000,0.0000
Burst,13.01,7,2,0,0.0000,0.0000,0.0000,0.0000
Burst,13.01,8,0,0,0.0000,0.0000,0.0000,0.0000
Burst,13.01,8,1,0,0.0000,0.0000,0.0000,0.0000
Burst,13.01,8,2,0,0.0000,0.0000,0.0000,0.0000
Burst,13.01,9,0,0,0.0000,0.0000,0.0000,0.0000
Burst,13.01,9,1,0,0.0000,0.0000,0.0000,0.0000
Burst,13.01,9,2,0,0.0000,0.0000,0.0000,0.0000
Burst,13.01,10,0,0,0.0000,0.0000,0.0000,0.0000
Burst,13.01,10,1,0,0.0000,0.0000,0.0000,0.0000
Burst,13.01,10,2,0,0.0000,0.0000,0.0000,0.0000
Burst,13.01,11,0,0,0.0000,0.0000,0.0000,0.0000
Burst,13.01,11,1,0,0.0000,0.0000,0.0000,0.0000
Burst,13.01,11,2,0,0.0000,0.0000,0.0000,0.0000
Burst,13.01,12,0,0,0.0000,0.0000,0.0000,0.0000
Burst,13.01,12,1,0,0.0000,0.0000,0.0000,0.0000
Burst,13.01,12,2,0,0.0000,0.0000,0.0000,0.0000
Burst,13.01,13,0,0,0.0000,0.0000,0.0000,0.0000
Burst,13.01,13,1,0,0.0000,0.0000,0.0000,0.0000
Burst,13.01,13,2,0,0.0000,0.0000,0.0000,0.0000
Burst,13.01,14,0,0,0.0000,0.0000,0.0000,0.0000
Burst,13.01,14,1,0,0.0000,0.0000,0.0000,0.0000
Burst,13.01,14,2,0,0.0000,0.0000,0.0000,0.0000
Burst,13.01,15,0,0,0.0000,0.0000,0.0000,0.0000
Burst,13.01,15,1,0,0.0000,0.0000,0.0000,0.0000
Burst,13.01,15,2,0,0.0000,0.0000,0.0000,0.0000
Burst,13.01,16,0,0,0.0000,0.0000,0.0000,0.0000
Burst,13.01,16,1,0,0.0000,0.0000,0.0000,0.0000
Burst,13.01,16,2,0,0.0000,0.0000,0.0000,0.0000
Burst,13.01,17,0,0,0.0000,0.0000,0.0000,0.0000
Burst,13.01,17,1,0,0.0000,0.0000,0.0000,0.0000
Burst,13.01,17,2,0,0.0000,0.0000,0.0000,0.0000
Burst,13.01,18,0,0,0.0000,0.0000,0.0000,0.0000
Burst,13.01,18,1,0,0.0000,0.0000,0.0000,0.0000
Burst,13.01,18,2,0,0.0000,0.0000,0.0000,0.0000
Burst,13.01,19,0,0,0.0000,0.0000,0.0000,0.0000
Burst,13.01,19,1,0,0.0000,0.0000,0.0000,0.0000
Burst,13.01,19,2,0,0.0000,0.0000,0.0000,0.0000
Burst,13.01,20,0,0,0.0000,0.0000,0.0000,0.0000
Burst,13.01,20,1,0,0.0000,0.0000,0.0000,0.0000
Burst,13.01,20,2,0,0.0000,0.0000,0.0000,0.0000
Burst,13.01,21,0,0,0.0000,0.0000,0.0000,0.0000
Burst,13.01,21,1,0,0.0000,0.0000,0.0000,0.0000
Burst,13.01,21,2,0,0.0000,0.0000,0.0000,0.0000
Burst,13.01,22,0,0,0.0000,0.0000,0.0000,0.0000
Burst,13.01,22,1,0,0.0000,0.0000,0.0000,0.0000
Burst,13.01,22,2,0,0.0000,0.0000,0.0000,0.0000
Burst,13.01,23,0,0,0.0000,0.0000,0.0000,0.0000
Burst,13.01,23,1,0,0.0000,0.0000,0.0000,0.0000
Burst,13.01,23,2,0,0.0000,0.0000,0.0000,0.0000
Burst,13.01,24,0,0,0.0000,0.0000,0.0000,0.0000
Burst,13.01,24,1,0,0.0000,0.0000,0.0000,0.0000
Burst,13.01,24,2,0,0.0000,0.0000,0.0000,0.0000
Burst,13.01,25,0,0,0.0000,0.0000,0.0000,0.0000
Burst,13.01,25,1,0,0.0000,0.0000,0.0000,0.0000
Burst,13.01,25,2,0,0.0000,0.0000,0.0000,0.0000
Burst,13.01,26,0,0,0.0000,0.0000,0.0000,0.0000
Burst,13.01,26,1,0,0.0000,0.0000,0.0000,0.0000
Burst,13.01,26,2,0,0.0000,0.0000,0.0000,0.0000
Burst,13.01,27,0,0,0.0000,0.0000,0.0000,0.0000
Burst,13.01,27,1,0,0.0000,0.0000,0.0000,0.0000
Burst,13.01,27,2,0,0.0000,0.0000,0.0000,0.0000
Burst,13.01,28,0,0,0.0000,0.0000,0.0000,0.0000
Burst,13.01,28,1,0,0.0000,0.0000,0.0000,0.0000
Burst,13.01,28,2,0,0.0000,0.0000,0.0000,0.0000
Burst,13.01,29,0,0,0.0000,0.0000,0.0000,0.0000
Burst,13.01,29,1,0,0.0000,0.0000,0.0000,0.0000
Burst,13.01,29,2,0,0.0000,0.0000,0.0000,0.0000
Burst,13.51,0,0,0,0.0000,0.0000,0.0000,0.0000
Burst,13.51,0,1,0,0.0000,0.0000,0.0000,0.0000
Burst,13.51,0,2,0,0.0000,0.0000,0.0000,0.0000
Burst,13.51,1,0,0,0.0000,0.0000,0.0000,0.0000
Burst,13.51,1,1,0,0.0000,0.0000,0.0000,0.0000
Burst,13.51,1,2,0,0.0000,0.0000,0.0000,0.0000
Burst,13.51,2,0,0,0.0000,0.0000,0.0000,0.0000
Burst,13.51,2,1,0,0.0000,0.0000,0.0000,0.0000
Burst,13.51,2,2,0,0.0000,0.0000,0.0000,0.0000
Burst,13.51,3,0,0,0.0000,0.0000,0.0000,0.0000
Burst,13.51,3,1,0,0.0000,0.0000,0.0000,0.0000
Burst,13.51,3,2,0,0.0000,0.0000,0.0000,0.0000
Burst,13.51,4,0,0,0.0000,0.0000,0.0000,0.0000
Burst,13.51,4,1,0,0.0000,0.0000,0.0000,0.0000
Burst,13.51,4,2,0,0.0000,0.0000,0.0000,0.0000
Burst,13.51,5,0,0,0.0000,0.0000,0.0000,0.0000
Burst,13.51,5,1,0,0.0000,0.0000,0.0000,0.0000
Burst,13.51,5,2,0,0.0000,0.0000,0.0000,0.0000
Burst,13.51,6,0,0,0.0000,0.0000,0.0000,0.0000
Burst,13.51,6,1,0,0.0000,0.0000,0.0000,0.0000
Burst,13.51,6,2,0,0.0000,0.0000,0.0000,0.0000
Burst,13.51,7,0,0,0.0000,0.0000,0.0000,0.0000
Burst,13.51,7,1,0,0.0000,0.0000,0.0000,0.0000
Burst,13.51,7,2,0,0.0000,0.0000,0.0000,0.0000
Burst,13.51,8,0,0,0.0000,0.0000,0.0000,0.0000
Burst,13.51,8,1,0,0.0000,0.0000,0.0000,0.0000
Burst,13.51,8,2,0,0.0000,0.0000,0.0000,0.0000
Burst,13.51,9,0,0,0.0000,0.0000,0.0000,0.0000
Burst,13.51,9,1,0,0.0000,0.0000,0.0000,0.0000
Burst,13.51,9,2,0,0.0000,0.0000,0.0000,0.0000
Burst,13.51,10,0,0,0.0000,0.0000,0.0000,0.0000
Burst,13.51,10,1,0,0.0000,0.0000,0.0000,0.0000
Burst,13.51,10,2,0,0.0000,0.0000,0.0000,0.0000
Burst,13.51,11,0,0,0.0000,0.0000,0.0000,0.0000
Burst,13.51,11,1,0,0.0000,0.0000,0.0000,0.0000
Burst,13.51,11,2,0,0.0000,0.0000,0.0000,0.0000
Burst,13.51,12,0,0,0.0000,0.0000,0.0000,0.0000
Burst,13.51,12,1,0,0.0000,0.0000,0.0000,0.0000
Burst,13.51,12,2,0,0.0000,0.0000,0.0000,0.0000
Burst,13.51,13,0,0,0.0000,0.0000,0.0000,0.0000
Burst,13.51,13,1,0,0.0000,0.0000,0.0000,0.0000
Burst,13.51,13,2,0,0.0000,0.0000,0.0000,0.0000
Burst,13.51,14,0,0,0.0000,0.0000,0.0000,0.0000
Burst,13.51,14,1,0,0.0000,0.0000,0.0000,0.0000
Burst,13.51,14,2,0,0.0000,0.0000,0.0000,0.0000
Burst,13.51,15,0,0,0.0000,0.0000,0.0000,0.0000
Burst,13.51,15,1,0,0.0000,0.0000,0.0000,0.0000
Burst,13.51,15,2,0,0.0000,0.0000,0.0000,0.0000
Burst,13.51,16,0,0,0.0000,0.0000,0.0000,0.0000
Burst,13.51,16,1,0,0.0000,0.0000,0.0000,0.0000
Burst,13.51,16,2,0,0.0000,0.0000,0.0000,0.0000
Burst,13.51,17,0,0,0.0000,0.0000,0.0000,0.0000
Burst,13.51,17,1,0,0.0000,0.0000,0.0000,0.0000
Burst,13.51,17,2,0,0.0000,0.0000,0.0000,0.0000
Burst,13.51,18,0,0,0.0000,0.0000,0.0000,0.0000
Burst,13.51,18,1,0,0.0000,0.0000,0.0000,0.0000
Burst,13.51,18,2,0,0.0000,0.0000,0.0000,0.0000
Burst,13.51,19,0,0,0.0000,0.0000,0.0000,0.0000
Burst,13.51,19,1,0,0.0000,0.0000,0.0000,0.0000
Burst,13.51,19,2,0,0.0000,0.0000,0.0000,0.0000
Burst,13.51,20,0,0,0.0000,0.0000,0.0000,0.0000
Burst,13.51,20,1,0,0.0000,0.0000,0.0000,0.0000
Burst,13.51,20,2,0,0.0000,0.0000,0.0000,0.0000
Burst,13.51,21,0,0,0.0000,0.0000,0.0000,0.0000
Burst,13.51,21,1,0,0.0000,0.0000,0.0000,0.0000
Burst,13.51,21,2,0,0.0000,0.0000,0.0000,0.0000
Burst,13.51,22,0,0,0.0000,0.0000,0.0000,0.0000
Burst,13.51,22,1,0,0.0000,0.0000,0.0000,0.0000
Burst,13.51,22,2,0,0.0000,0.0000,0.0000,0.0000
Burst,13.51,23,0,0,0.0000,0.0000,0.0000,0.0000
Burst,13.51,23,1,0,0.0000,0.0000,0.0000,0.0000
Burst,13.51,23,2,0,0.0000,0.0000,0.0000,0.0000
Burst,13.51,24,0,0,0.0000,0.0000,0.0000,0.0000
Burst,13.51,24,1,0,0.0000,0.0000,0.0000,0.0000
Burst,13.51,24,2,0,0.0000,0.0000,0.0000,0.0000
Burst,13.51,25,0,0,0.0000,0.0000,0.0000,0.0000
Burst,13.51,25,1,0,0.0000,0.0000,0.0000,0.0000
Burst,13.51,25,2,0,0.0000,0.0000,0.0000,0.0000
Burst,13.51,26,0,0,0.0000,0.0000,0.0000,0.0000
Burst,13.51,26,1,0,0.0000,0.0000,0.0000,0.0000
Burst,13.51,26,2,0,0.0000,0.0000,0.0000,0.0000
Burst,13.51,27,0,0,0.0000,0.0000,0.0000,0.0000
Burst,13.51,27,1,0,0.0000,0.0000,0.0000,0.0000
Burst,13.51,27,2,0,0.0000,0.0000,0.0000,0.0000
Burst,13.51,28,0,0,0.0000,0.0000,0.0000,0.0000
Burst,13.51,28,1,0,0.0000,0.0000,0.0000,0.0000
Burst,13.51,28,2,0,0.0000,0.0000,0.0000,0.0000
Burst,13.51,29,0,0,0.0000,0.0000,0.0000,0.0000
Burst,13.51,29,1,0,0.0000,0.0000,0.0000,0.0000
Burst,13.51,29,2,0,0.0000,0.0000,0.0000,0.0000
Burst,14.01,0,0,0,0.0000,0.0000,0.0000,0.0000
Burst,14.01,0,1,0,0.0000,0.0000,0.0000,0.0000
Burst,14.01,0,2,0,0.0000,0.0000,0.0000,0.0000
Burst,14.01,1,0,0,0.0000,0.0000,0.0000,0.0000
Burst,14.01,1,1,0,0.0000,0.0000,0.0000,0.0000
Burst,14.01,1,2,0,0.0000,0.0000,0.0000,0.0000
Burst,14.01,2,0,0,0.0000,0.0000,0.0000,0.0000
Burst,14.01,2,1,0,0.0000,0.0000,0.0000,0.0000
Burst,14.01,2,2,0,0.0000,0.0000,0.0000,0.0000
Burst,14.01,3,0,0,0.0000,0.0000,0.0000,0.0000
Burst,14.01,3,1,0,0.0000,0.0000,0.0000,0.0000
Burst,14.01,3,2,0,0.0000,0.0000,0.0000,0.0000
Burst,14.01,4,0,0,0.0000,0.0000,0.0000,0.0000
Burst,14.01,4,1,0,0.0000,0.0000,0.0000,0.0000
Burst,14.01,4,2,0,0.0000,0.0000,0.0000,0.0000
Burst,14.01,5,0,0,0.0000,0.0000,0.0000,0.0000
Burst,14.01,5,1,0,0.0000,0.0000,0.0000,0.0000
Burst,14.01,5,2,0,0.0000,0.0000,0.0000,0.0000
Burst,14.01,6,0,0,0.0000,0.0000,0.0000,0.0000
Burst,14.01,6,1,0,0.0000,0.0000,0.0000,0.0000
Burst,14.01,6,2,0,0.0000,0.0000,0.0000,0.0000
Burst,14.01,7,0,0,0.0000,0.0000,0.0000,0.0000
Burst,14.01,7,1,0,0.0000,0.0000,0.0000,0.0000
Burst,14.01,7,2,0,0.0000,0.0000,0.0000,0.0000
Burst,14.01,8,0,0,0.0000,0.0000,0.0000,0.0000
Burst,14.01,8,1,0,0.0000,0.0000,0.0000,0.0000
Burst,14.01,8,2,0,0.0000,0.0000,0.0000,0.0000
Burst,14.01,9,0,0,0.0000,0.0000,0.0000,0.0000
Burst,14.01,9,1,0,0.0000,0.0000,0.0000,0.0000
Burst,14.01,9,2,0,0.0000,0.0000,0.0000,0.0000
Burst,14.01,10,0,0,0.0000,0.0000,0.0000,0.0000
Burst,14.01,10,1,0,0.0000,0.0000,0.0000,0.0000
Burst,14.01,10,2,0,0.0000,0.0000,0.0000,0.0000
Burst,14.01,11,0,0,0.0000,0.0000,0.0000,0.0000
Burst,14.01,11,1,0,0.0000,0.0000,0.0000,0.0000
Burst,14.01,11,2,0,0.0000,0.0000,0.0000,0.0000
Burst,14.01,12,0,0,0.0000,0.0000,0.0000,0.0000
Burst,14.01,12,1,0,0.0000,0.0000,0.0000,0.0000
Burst,14.01,12,2,0,0.0000,0.0000,0.0000,0.0000
Burst,14.01,13,0,0,0.0000,0.0000,0.0000,0.0000
Burst,14.01,13,1,0,0.0000,0.0000,0.0000,0.0000
Burst,14.01,13,2,0,0.0000,0.0000,0.0000,0.0000
Burst,14.01,14,0,0,0.0000,0.0000,0.0000,0.0000
Burst,14.01,14,1,0,0.0000,0.0000,0.0000,0.0000
Burst,14.01,14,2,0,0.0000,0.0000,0.0000,0.0000
Burst,14.01,15,0,0,0.0000,0.0000,0.0000,0.0000
Burst,14.01,15,1,0,0.0000,0.0000,0.0000,0.0000
Burst,14.01,15,2,0,0.0000,0.0000,0.0000,0.0000
Burst,14.01,16,0,0,0.0000,0.0000,0.0000,0.0000
Burst,14.01,16,1,0,0.0000,0.0000,0.0000,0.0000
Burst,14.01,16,2,0,0.0000,0.0000,0.0000,0.0000
Burst,14.01,17,0,0,0.0000,0.0000,0.0000,0.0000
Burst,14.01,17,1,0,0.0000,0.0000,0.0000,0.0000
Burst,14.01,17,2,0,0.0000,0.0000,0.0000,0.0000
Burst,14.01,18,0,0,0.0000,0.0000,0.0000,0.0000
Burst,14.01,18,1,0,0.0000,0.0000,0.0000,0.0000
Burst,14.01,18,2,0,0.0000,0.0000,0.0000,0.0000
Burst,14.01,19,0,0,0.0000,0.0000,0.0000,0.0000
Burst,14.01,19,1,0,0.0000,0.0000,0.0000,0.0000
Burst,14.01,19,2,0,0.0000,0.0000,0.0000,0.0000
Burst,14.01,20,0,0,0.0000,0.0000,0.0000,0.0000
Burst,14.01,20,1,0,0.0000,0.0000,0.0000,0.0000
Burst,14.01,20,2,0,0.0000,0.0000,0.0000,0.0000
Burst,14.01,21,0,0,0.0000,0.0000,0.0000,0.0000
Burst,14.01,21,1,0,0.0000,0.0000,0.0000,0.0000
Burst,14.01,21,2,0,0.0000,0.0000,0.0000,0.0000
Burst,14.01,22,0,0,0.0000,0.0000,0.0000,0.0000
Burst,14.01,22,1,0,0.0000,0.0000,0.0000,0.0000
Burst,14.01,22,2,0,0.0000,0.0000,0.0000,0.0000
Burst,14.01,23,0,0,0.0000,0.0000,0.0000,0.0000
Burst,14.01,23,1,0,0.0000,0.0000,0.0000,0.0000
Burst,14.01,23,2,0,0.0000,0.0000,0.0000,0.0000
Burst,14.01,24,0,0,0.0000,0.0000,0.0000,0.0000
Burst,14.01,24,1,0,0.0000,0.0000,0.0000,0.0000
Burst,14.01,24,2,0,0.0000,0.0000,0.0000,0.0000
Burst,14.01,25,0,0,0.0000,0.0000,0.0000,0.0000
Burst,14.01,25,1,0,0.0000,0.0000,0.0000,0.0000
Burst,14.01,25,2,0,0.0000,0.0000,0.0000,0.0000
Burst,14.01,26,0,0,0.0000,0.0000,0.0000,0.0000
Burst,14.01,26,1,0,0.0000,0.0000,0.0000,0.0000
Burst,14.01,26,2,0,0.0000,0.0000,0.0000,0.0000
Burst,14.01,27,0,0,0.0000,0.0000,0.0000,0.0000
Burst,14.01,27,1,0,0.0000,0.0000,0.0000,0.0000
Burst,14.01,27,2,0,0.0000,0.0000,0.0000,0.0000
Burst,14.01,28,0,0,0.0000,0.0000,0.0000,0.0000
Burst,14.01,28,1,0,0.0000,0.0000,0.0000,0.0000
Burst,14.01,28,2,0,0.0000,0.0000,0.0000,0.0000
Burst,14.01,29,0,0,0.0000,0.0000,0.0000,0.0000
Burst,14.01,29,1,0,0.0000,0.0000,0.0000,0.0000
Burst,14.01,29,2,0,0.0000,0.0000,0.0000,0.0000
Burst,14.52,0,0,0,0.0000,0.0000,0.0000,0.0000
Burst,14.52,0,1,0,0.0000,0.0000,0.0000,0.0000
Burst,14.52,0,2,0,0.0000,0.0000,0.0000,0.0000
Burst,14.52,1,0,0,0.0000,0.0000,0.0000,0.0000
Burst,14.52,1,1,0,0.0000,0.0000,0.0000,0.0000
Burst,14.52,1,2,0,0.0000,0.0000,0.0000,0.0000
Burst,14.52,2,0,0,0.0000,0.0000,0.0000,0.0000
Burst,14.52,2,1,0,0.0000,0.0000,0.0000,0.0000
Burst,14.52,2,2,0,0.0000,0.0000,0.0000,0.0000
Burst,14.52,3,0,0,0.0000,0.0000,0.0000,0.0000
Burst,14.52,3,1,0,0.0000,0.0000,0.0000,0.0000
Burst,14.52,3,2,0,0.0000,0.0000,0.0000,0.0000
Burst,14.52,4,0,0,0.0000,0.0000,0.0000,0.0000
Burst,14.52,4,1,0,0.0000,0.0000,0.0000,0.0000
Burst,14.52,4,2,0,0.0000,0.0000,0.0000,0.0000
Burst,14.52,5,0,0,0.0000,0.0000,0.0000,0.0000
Burst,14.52,5,1,0,0.0000,0.0000,0.0000,0.0000
Burst,14.52,5,2,0,0.0000,0.0000,0.0000,0.0000
Burst,14.52,6,0,0,0.0000,0.0000,0.0000,0.0000
Burst,14.52,6,1,0,0.0000,0.0000,0.0000,0.0000
Burst,14.52,6,2,0,0.0000,0.0000,0.0000,0.0000
Burst,14.52,7,0,0,0.0000,0.0000,0.0000,0.0000
Burst,14.52,7,1,0,0.0000,0.0000,0.0000,0.0000
Burst,14.52,7,2,0,0.0000,0.0000,0.0000,0.0000
Burst,14.52,8,0,0,0.0000,0.0000,0.0000,0.0000
Burst,14.52,8,1,0,0.0000,0.0000,0.0000,0.0000
Burst,14.52,8,2,0,0.0000,0.0000,0.0000,0.0000
Burst,14.52,9,0,0,0.0000,0.0000,0.0000,0.0000
Burst,14.52,9,1,0,0.0000,0.0000,0.0000,0.0000
Burst,14.52,9,2,0,0.0000,0.0000,0.0000,0.0000
Burst,14.52,10,0,0,0.0000,0.0000,0.0000,0.0000
Burst,14.52,10,1,0,0.0000,0.0000,0.0000,0.0000
Burst,14.52,10,2,0,0.0000,0.0000,0.0000,0.0000
Burst,14.52,11,0,0,0.0000,0.0000,0.0000,0.0000
Burst,14.52,11,1,0,0.0000,0.0000,0.0000,0.0000
Burst,14.52,11,2,0,0.0000,0.0000,0.0000,0.0000
Burst,14.52,12,0,0,0.0000,0.0000,0.0000,0.0000
Burst,14.52,12,1,0,0.0000,0.0000,0.0000,0.0000
Burst,14.52,12,2,0,0.0000,0.0000,0.0000,0.0000
Burst,14.52,13,0,0,0.0000,0.0000,0.0000,0.0000
Burst,14.52,13,1,0,0.0000,0.0000,0.0000,0.0000
Burst,14.52,13,2,0,0.0000,0.0000,0.0000,0.0000
Burst,14.52,14,0,0,0.0000,0.0000,0.0000,0.0000
Burst,14.52,14,1,0,0.0000,0.0000,0.0000,0.0000
Burst,14.52,14,2,0,0.0000,0.0000,0.0000,0.0000
Burst,14.52,15,0,0,0.0000,0.0000,0.0000,0.0000
Burst,14.52,15,1,0,0.0000,0.0000,0.0000,0.0000
Burst,14.52,15,2,0,0.0000,0.0000,0.0000,0.0000
Burst,14.52,16,0,0,0.0000,0.0000,0.0000,0.0000
Burst,14.52,16,1,0,0.0000,0.0000,0.0000,0.0000
Burst,14.52,16,2,0,0.0000,0.0000,0.0000,0.0000
Burst,14.52,17,0,0,0.0000,0.0000,0.0000,0.0000
Burst,14.52,17,1,0,0.0000,0.0000,0.0000,0.0000
Burst,14.52,17,2,0,0.0000,0.0000,0.0000,0.0000
Burst,14.52,18,0,0,0.0000,0.0000,0.0000,0.0000
Burst,14.52,18,1,0,0.0000,0.0000,0.0000,0.0000
Burst,14.52,18,2,0,0.0000,0.0000,0.0000,0.0000
Burst,14.52,19,0,0,0.0000,0.0000,0.0000,0.0000
Burst,14.52,19,1,0,0.0000,0.0000,0.0000,0.0000
Burst,14.52,19,2,0,0.0000,0.0000,0.0000,0.0000
Burst,14.52,20,0,0,0.0000,0.0000,0.0000,0.0000
Burst,14.52,20,1,0,0.0000,0.0000,0.0000,0.0000
Burst,14.52,20,2,0,0.0000,0.0000,0.0000,0.0000
Burst,14.52,21,0,0,0.0000,0.0000,0.0000,0.0000
Burst,14.52,21,1,0,0.0000,0.0000,0.0000,0.0000
Burst,14.52,21,2,0,0.0000,0.0000,0.0000,0.0000
Burst,14.52,22,0,0,0.0000,0.0000,0.0000,0.0000
Burst,14.52,22,1,0,0.0000,0.0000,0.0000,0.0000
Burst,14.52,22,2,0,0.0000,0.0000,0.0000,0.0000
Burst,14.52,23,0,0,0.0000,0.0000,0.0000,0.0000
Burst,14.52,23,1,0,0.0000,0.0000,0.0000,0.0000
Burst,14.52,23,2,0,0.0000,0.0000,0.0000,0.0000
Burst,14.52,24,0,0,0.0000,0.0000,0.0000,0.0000
Burst,14.52,24,1,0,0.0000,0.0000,0.0000,0.0000
Burst,14.52,24,2,0,0.0000,0.0000,0.0000,0.0000
Burst,14.52,25,0,0,0.0000,0.0000,0.0000,0.0000
Burst,14.52,25,1,0,0.0000,0.0000,0.0000,0.0000
Burst,14.52,25,2,0,0.0000,0.0000,0.0000,0.0000
Burst,14.52,26,0,0,0.0000,0.0000,0.0000,0.0000
Burst,14.52,26,1,0,0.0000,0.0000,0.0000,0.0000
Burst,14.52,26,2,0,0.0000,0.0000,0.0000,0.0000
Burst,14.52,27,0,0,0.0000,0.0000,0.0000,0.0000
Burst,14.52,27,1,0,0.0000,0.0000,0.0000,0.0000
Burst,14.52,27,2,0,0.0000,0.0000,0.0000,0.0000
Burst,14.52,28,0,0,0.0000,0.0000,0.0000,0.0000
Burst,14.52,28,1,0,0.0000,0.0000,0.0000,0.0000
Burst,14.52,28,2,0,0.0000,0.0000,0.0000,0.0000
Burst,14.52,29,0,0,0.0000,0.0000,0.0000,0.0000
Burst,14.52,29,1,0,0.0000,0.0000,0.0000,0.0000
Burst,14.52,29,2,0,0.0000,0.0000,0.0000,0.0000
Burst,15.02,0,0,0,0.0000,0.0000,0.0000,0.0000
Burst,15.02,0,1,0,0.0000,0.0000,0.0000,0.0000
Burst,15.02,0,2,0,0.0000,0.0000,0.0000,0.0000
Burst,15.02,1,0,0,0.0000,0.0000,0.0000,0.0000
Burst,15.02,1,1,0,0.0000,0.0000,0.0000,0.0000
Burst,15.02,1,2,0,0.0000,0.0000,0.0000,0.0000
Burst,15.02,2,0,0,0.0000,0.0000,0.0000,0.0000
Burst,15.02,2,1,0,0.0000,0.0000,0.0000,0.0000
Burst,15.02,2,2,0,0.0000,0.0000,0.0000,0.0000
Burst,15.02,3,0,0,0.0000,0.0000,0.0000,0.0000
Burst,15.02,3,1,0,0.0000,0.0000,0.0000,0.0000
Burst,15.02,3,2,0,0.0000,0.0000,0.0000,0.0000
Burst,15.02,4,0,0,0.0000,0.0000,0.0000,0.0000
Burst,15.02,4,1,0,0.0000,0.0000,0.0000,0.0000
Burst,15.02,4,2,0,0.0000,0.0000,0.0000,0.0000
Burst,15.02,5,0,0,0.0000,0.0000,0.0000,0.0000
Burst,15.02,5,1,0,0.0000,0.0000,0.0000,0.0000
Burst,15.02,5,2,0,0.0000,0.0000,0.0000,0.0000
Burst,15.02,6,0,0,0.0000,0.0000,0.0000,0.0000
Burst,15.02,6,1,0,0.0000,0.0000,0.0000,0.0000
Burst,15.02,6,2,0,0.0000,0.0000,0.0000,0.0000
Burst,15.02,7,0,0,0.0000,0.0000,0.0000,0.0000
Burst,15.02,7,1,0,0.0000,0.0000,0.0000,0.0000
Burst,15.02,7,2,0,0.0000,0.0000,0.0000,0.0000
Burst,15.02,8,0,0,0.0000,0.0000,0.0000,0.0000
Burst,15.02,8,1,0,0.0000,0.0000,0.0000,0.0000
Burst,15.02,8,2,0,0.0000,0.0000,0.0000,0.0000
Burst,15.02,9,0,0,0.0000,0.0000,0.0000,0.0000
Burst,15.02,9,1,0,0.0000,0.0000,0.0000,0.0000
Burst,15.02,9,2,0,0.0000,0.0000,0.0000,0.0000
Burst,15.02,10,0,0,0.0000,0.0000,0.0000,0.0000
Burst,15.02,10,1,0,0.0000,0.0000,0.0000,0.0000
Burst,15.02,10,2,0,0.0000,0.0000,0.0000,0.0000
Burst,15.02,11,0,0,0.0000,0.0000,0.0000,0.0000
Burst,15.02,11,1,0,0.0000,0.0000,0.0000,0.0000
Burst,15.02,11,2,0,0.0000,0.0000,0.0000,0.0000
Burst,15.02,12,0,0,0.0000,0.0000,0.0000,0.0000
Burst,15.02,12,1,0,0.0000,0.0000,0.0000,0.0000
Burst,15.02,12,2,0,0.0000,0.0000,0.0000,0.0000
Burst,15.02,13,0,0,0.0000,0.0000,0.0000,0.0000
Burst,15.02,13,1,0,0.0000,0.0000,0.0000,0.0000
Burst,15.02,13,2,0,0.0000,0.0000,0.0000,0.0000
Burst,15.02,14,0,0,0.0000,0.0000,0.0000,0.0000
Burst,15.02,14,1,0,0.0000,0.0000,0.0000,0.0000
Burst,15.02,14,2,0,0.0000,0.0000,0.0000,0.0000
Burst,15.02,15,0,0,0.0000,0.0000,0.0000,0.0000
Burst,15.02,15,1,0,0.0000,0.0000,0.0000,0.0000
Burst,15.02,15,2,0,0.0000,0.0000,0.0000,0.0000
Burst,15.02,16,0,0,0.0000,0.0000,0.0000,0.0000
Burst,15.02,16,1,0,0.0000,0.0000,0.0000,0.0000
Burst,15.02,16,2,0,0.0000,0.0000,0.0000,0.0000
Burst,15.02,17,0,0,0.0000,0.0000,0.0000,0.0000
Burst,15.02,17,1,0,0.0000,0.0000,0.0000,0.0000
Burst,15.02,17,2,0,0.0000,0.0000,0.0000,0.0000
Burst,15.02,18,0,0,0.0000,0.0000,0.0000,0.0000
Burst,15.02,18,1,0,0.0000,0.0000,0.0000,0.0000
Burst,15.02,18,2,0,0.0000,0.0000,0.0000,0.0000
Burst,15.02,19,0,0,0.0000,0.0000,0.0000,0.0000
Burst,15.02,19,1,0,0.0000,0.0000,0.0000,0.0000
Burst,15.02,19,2,0,0.0000,0.0000,0.0000,0.0000
Burst,15.02,20,0,0,0.0000,0.0000,0.0000,0.0000
Burst,15.02,20,1,0,0.0000,0.0000,0.0000,0.0000
Burst,15.02,20,2,0,0.0000,0.0000,0.0000,0.0000
Burst,15.02,21,0,0,0.0000,0.0000,0.0000,0.0000
Burst,15.02,21,1,0,0.0000,0.0000,0.0000,0.0000
Burst,15.02,21,2,0,0.0000,0.0000,0.0000,0.0000
Burst,15.02,22,0,0,0.0000,0.0000,0.0000,0.0000
Burst,15.02,22,1,0,0.0000,0.0000,0.0000,0.0000
Burst,15.02,22,2,0,0.0000,0.0000,0.0000,0.0000
Burst,15.02,23,0,0,0.0000,0.0000,0.0000,0.0000
Burst,15.02,23,1,0,0.0000,0.0000,0.0000,0.0000
Burst,15.02,23,2,0,0.0000,0.0000,0.0000,0.0000
Burst,15.02,24,0,0,0.0000,0.0000,0.0000,0.0000
Burst,15.02,24,1,0,0.0000,0.0000,0.0000,0.0000
Burst,15.02,24,2,0,0.0000,0.0000,0.0000,0.0000
Burst,15.02,25,0,0,0.0000,0.0000,0.0000,0.0000
Burst,15.02,25,1,0,0.0000,0.0000,0.0000,0.0000
Burst,15.02,25,2,0,0.0000,0.0000,0.0000,0.0000
Burst,15.02,26,0,0,0.0000,0.0000,0.0000,0.0000
Burst,15.02,26,1,0,0.0000,0.0000,0.0000,0.0000
Burst,15.02,26,2,0,0.0000,0.0000,0.0000,0.0000
Burst,15.02,27,0,0,0.0000,0.0000,0.0000,0.0000
Burst,15.02,27,1,0,0.0000,0.0000,0.0000,0.0000
Burst,15.02,27,2,0,0.0000,0.0000,0.0000,0.0000
Burst,15.02,28,0,0,0.0000,0.0000,0.0000,0.0000
Burst,15.02,28,1,0,0.0000,0.0000,0.0000,0.0000
Burst,15.02,28,2,0,0.0000,0.0000,0.0000,0.0000
Burst,15.02,29,0,0,0.0000,0.0000,0.0000,0.0000
Burst,15.02,29,1,0,0.0000,0.0000,0.0000,0.0000
Burst,15.02,29,2,0,0.0000,0.0000,0.0000,0.0000
Burst,15.52,0,0,0,0.0000,0.0000,0.0000,0.0000
Burst,15.52,0,1,0,0.0000,0.0000,0.0000,0.0000
Burst,15.52,0,2,0,0.0000,0.0000,0.0000,0.0000
Burst,15.52,1,0,0,0.0000,0.0000,0.0000,0.0000
Burst,15.52,1,1,0,0.0000,0.0000,0.0000,0.0000
Burst,15.52,1,2,0,0.0000,0.0000,0.0000,0.0000
Burst,15.52,2,0,0,0.0000,0.0000,0.0000,0.0000
Burst,15.52,2,1,0,0.0000,0.0000,0.0000,0.0000
Burst,15.52,2,2,0,0.0000,0.0000,0.0000,0.0000
Burst,15.52,3,0,0,0.0000,0.0000,0.0000,0.0000
Burst,15.52,3,1,0,0.0000,0.0000,0.0000,0.0000
Burst,15.52,3,2,0,0.0000,0.0000,0.0000,0.0000
Burst,15.52,4,0,0,0.0000,0.0000,0.0000,0.0000
Burst,15.52,4,1,0,0.0000,0.0000,0.0000,0.0000
Burst,15.52,4,2,0,0.0000,0.0000,0.0000,0.0000
Burst,15.52,5,0,0,0.0000,0.0000,0.0000,0.0000
Burst,15.52,5,1,0,0.0000,0.0000,0.0000,0.0000
Burst,15.52,5,2,0,0.0000,0.0000,0.0000,0.0000
Burst,15.52,6,0,0,0.0000,0.0000,0.0000,0.0000
Burst,15.52,6,1,0,0.0000,0.0000,0.0000,0.0000
Burst,15.52,6,2,0,0.0000,0.0000,0.0000,0.0000
Burst,15.52,7,0,0,0.0000,0.0000,0.0000,0.0000
Burst,15.52,7,1,0,0.0000,0.0000,0.0000,0.0000
Burst,15.52,7,2,0,0.0000,0.0000,0.0000,0.0000
Burst,15.52,8,0,0,0.0000,0.0000,0.0000,0.0000
Burst,15.52,8,1,0,0.0000,0.0000,0.0000,0.0000
Burst,15.52,8,2,0,0.0000,0.0000,0.0000,0.0000
Burst,15.52,9,0,0,0.0000,0.0000,0.0000,0.0000
Burst,15.52,9,1,0,0.0000,0.0000,0.0000,0.0000
Burst,15.52,9,2,0,0.0000,0.0000,0.0000,0.0000
Burst,15.52,10,0,0,0.0000,0.0000,0.0000,0.0000
Burst,15.52,10,1,0,0.0000,0.0000,0.0000,0.0000
Burst,15.52,10,2,0,0.0000,0.0000,0.0000,0.0000
Burst,15.52,11,0,0,0.0000,0.0000,0.0000,0.0000
Burst,15.52,11,1,0,0.0000,0.0000,0.0000,0.0000
Burst,15.52,11,2,0,0.0000,0.0000,0.0000,0.0000
Burst,15.52,12,0,0,0.0000,0.0000,0.0000,0.0000
Burst,15.52,12,1,0,0.0000,0.0000,0.0000,0.0000
Burst,15.52,12,2,0,0.0000,0.0000,0.0000,0.0000
Burst,15.52,13,0,0,0.0000,0.0000,0.0000,0.0000
Burst,15.52,13,1,0,0.0000,0.0000,0.0000,0.0000
Burst,15.52,13,2,0,0.0000,0.0000,0.0000,0.0000
Burst,15.52,14,0,0,0.0000,0.0000,0.0000,0.0000
Burst,15.52,14,1,0,0.0000,0.0000,0.0000,0.0000
Burst,15.52,14,2,0,0.0000,0.0000,0.0000,0.0000
Burst,15.52,15,0,0,0.0000,0.0000,0.0000,0.0000
Burst,15.52,15,1,0,0.0000,0.0000,0.0000,0.0000
Burst,15.52,15,2,0,0.0000,0.0000,0.0000,0.0000
Burst,15.52,16,0,0,0.0000,0.0000,0.0000,0.0000
Burst,15.52,16,1,0,0.0000,0.0000,0.0000,0.0000
Burst,15.52,16,2,0,0.0000,0.0000,0.0000,0.0000
Burst,15.52,17,0,0,0.0000,0.0000,0.0000,0.0000
Burst,15.52,17,1,0,0.0000,0.0000,0.0000,0.0000
Burst,15.52,17,2,0,0.0000,0.0000,0.0000,0.0000
Burst,15.52,18,0,0,0.0000,0.0000,0.0000,0.0000
Burst,15.52,18,1,0,0.0000,0.0000,0.0000,0.0000
Burst,15.52,18,2,0,0.0000,0.0000,0.0000,0.0000
Burst,15.52,19,0,0,0.0000,0.0000,0.0000,0.0000
Burst,15.52,19,1,0,0.0000,0.0000,0.0000,0.0000
Burst,15.52,19,2,0,0.0000,0.0000,0.0000,0.0000
Burst,15.52,20,0,0,0.0000,0.0000,0.0000,0.0000
Burst,15.52,20,1,0,0.0000,0.0000,0.0000,0.0000
Burst,15.52,20,2,0,0.0000,0.0000,0.0000,0.0000
Burst,15.52,21,0,0,0.0000,0.0000,0.0000,0.0000
Burst,15.52,21,1,0,0.0000,0.0000,0.0000,0.0000
Burst,15.52,21,2,0,0.0000,0.0000,0.0000,0.0000
Burst,15.52,22,0,0,0.0000,0.0000,0.0000,0.0000
Burst,15.52,22,1,0,0.0000,0.0000,0.0000,0.0000
Burst,15.52,22,2,0,0.0000,0.0000,0.0000,0.0000
Burst,15.52,23,0,0,0.0000,0.0000,0.0000,0.0000
Burst,15.52,23,1,0,0.0000,0.0000,0.0000,0.0000
Burst,15.52,23,2,0,0.0000,0.0000,0.0000,0.0000
Burst,15.52,24,0,0,0.0000,0.0000,0.0000,0.0000
Burst,15.52,24,1,0,0.0000,0.0000,0.0000,0.0000
Burst,15.52,24,2,0,0.0000,0.0000,0.0000,0.0000
Burst,15.52,25,0,0,0.0000,0.0000,0.0000,0.0000
Burst,15.52,25,1,0,0.0000,0.0000,0.0000,0.0000
Burst,15.52,25,2,0,0.0000,0.0000,0.0000,0.0000
Burst,15.52,26,0,0,0.0000,0.0000,0.0000,0.0000
Burst,15.52,26,1,0,0.0000,0.0000,0.0000,0.0000
Burst,15.52,26,2,0,0.0000,0.0000,0.0000,0.0000
Burst,15.52,27,0,0,0.0000,0.0000,0.0000,0.0000
Burst,15.52,27,1,0,0.0000,0.0000,0.0000,0.0000
Burst,15.52,27,2,0,0.0000,0.0000,0.0000,0.0000
Burst,15.52,28,0,0,0.0000,0.0000,0.0000,0.0000
Burst,15.52,28,1,0,0.0000,0.0000,0.0000,0.0000
Burst,15.52,28,2,0,0.0000,0.0000,0.0000,0.0000
Burst,15.52,29,0,0,0.0000,0.0000,0.0000,0.0000
Burst,15.52,29,1,0,0.0000,0.0000,0.0000,0.0000
Burst,15.52,29,2,0,0.0000,0.0000,0.0000,0.0000
Burst,16.02,0,0,0,0.0000,0.0000,0.0000,0.0000
Burst,16.02,0,1,0,0.0000,0.0000,0.0000,0.0000
Burst,16.02,0,2,0,0.0000,0.0000,0.0000,0.0000
Burst,16.02,1,0,0,0.0000,0.0000,0.0000,0.0000
Burst,16.02,1,1,0,0.0000,0.0000,0.0000,0.0000
Burst,16.02,1,2,0,0.0000,0.0000,0.0000,0.0000
Burst,16.02,2,0,0,0.0000,0.0000,0.0000,0.0000
Burst,16.02,2,1,0,0.0000,0.0000,0.0000,0.0000
Burst,16.02,2,2,0,0.0000,0.0000,0.0000,0.0000
Burst,16.02,3,0,0,0.0000,0.0000,0.0000,0.0000
Burst,16.02,3,1,0,0.0000,0.0000,0.0000,0.0000
Burst,16.02,3,2,0,0.0000,0.0000,0.0000,0.0000
Burst,16.02,4,0,0,0.0000,0.0000,0.0000,0.0000
Burst,16.02,4,1,0,0.0000,0.0000,0.0000,0.0000
Burst,16.02,4,2,0,0.0000,0.0000,0.0000,0.0000
Burst,16.02,5,0,0,0.0000,0.0000,0.0000,0.0000
Burst,16.02,5,1,0,0.0000,0.0000,0.0000,0.0000
Burst,16.02,5,2,0,0.0000,0.0000,0.0000,0.0000
Burst,16.02,6,0,0,0.0000,0.0000,0.0000,0.0000
Burst,16.02,6,1,0,0.0000,0.0000,0.0000,0.0000
Burst,16.02,6,2,0,0.0000,0.0000,0.0000,0.0000
Burst,16.02,7,0,0,0.0000,0.0000,0.0000,0.0000
Burst,16.02,7,1,0,0.0000,0.0000,0.0000,0.0000
Burst,16.02,7,2,0,0.0000,0.0000,0.0000,0.0000
Burst,16.02,8,0,0,0.0000,0.0000,0.0000,0.0000
Burst,16.02,8,1,0,0.0000,0.0000,0.0000,0.0000
Burst,16.02,8,2,0,0.0000,0.0000,0.0000,0.0000
Burst,16.02,9,0,0,0.0000,0.0000,0.0000,0.0000
Burst,16.02,9,1,0,0.0000,0.0000,0.0000,0.0000
Burst,16.02,9,2,0,0.0000,0.0000,0.0000,0.0000
Burst,16.02,10,0,0,0.0000,0.0000,0.0000,0.0000
Burst,16.02,10,1,0,0.0000,0.0000,0.0000,0.0000
Burst,16.02,10,2,0,0.0000,0.0000,0.0000,0.0000
Burst,16.02,11,0,0,0.0000,0.0000,0.0000,0.0000
Burst,16.02,11,1,0,0.0000,0.0000,0.0000,0.0000
Burst,16.02,11,2,0,0.0000,0.0000,0.0000,0.0000
Burst,16.02,12,0,0,0.0000,0.0000,0.0000,0.0000
Burst,16.02,12,1,0,0.0000,0.0000,0.0000,0.0000
Burst,16.02,12,2,0,0.0000,0.0000,0.0000,0.0000
Burst,16.02,13,0,0,0.0000,0.0000,0.0000,0.0000
Burst,16.02,13,1,0,0.0000,0.0000,0.0000,0.0000
Burst,16.02,13,2,0,0.0000,0.0000,0.0000,0.0000
Burst,16.02,14,0,0,0.0000,0.0000,0.0000,0.0000
Burst,16.02,14,1,0,0.0000,0.0000,0.0000,0.0000
Burst,16.02,14,2,0,0.0000,0.0000,0.0000,0.0000
Burst,16.02,15,0,0,0.0000,0.0000,0.0000,0.0000
Burst,16.02,15,1,0,0.0000,0.0000,0.0000,0.0000
Burst,16.02,15,2,0,0.0000,0.0000,0.0000,0.0000
Burst,16.02,16,0,0,0.0000,0.0000,0.0000,0.0000
Burst,16.02,16,1,0,0.0000,0.0000,0.0000,0.0000
Burst,16.02,16,2,0,0.0000,0.0000,0.0000,0.0000
Burst,16.02,17,0,0,0.0000,0.0000,0.0000,0.0000
Burst,16.02,17,1,0,0.0000,0.0000,0.0000,0.0000
Burst,16.02,17,2,0,0.0000,0.0000,0.0000,0.0000
Burst,16.02,18,0,0,0.0000,0.0000,0.0000,0.0000
Burst,16.02,18,1,0,0.0000,0.0000,0.0000,0.0000
Burst,16.02,18,2,0,0.0000,0.0000,0.0000,0.0000
Burst,16.02,19,0,0,0.0000,0.0000,0.0000,0.0000
Burst,16.02,19,1,0,0.0000,0.0000,0.0000,0.0000
Burst,16.02,19,2,0,0.0000,0.0000,0.0000,0.0000
Burst,16.02,20,0,0,0.0000,0.0000,0.0000,0.0000
Burst,16.02,20,1,0,0.0000,0.0000,0.0000,0.0000
Burst,16.02,20,2,0,0.0000,0.0000,0.0000,0.0000
Burst,16.02,21,0,0,0.0000,0.0000,0.0000,0.0000
Burst,16.02,21,1,0,0.0000,0.0000,0.0000,0.0000
Burst,16.02,21,2,0,0.0000,0.0000,0.0000,0.0000
Burst,16.02,22,0,0,0.0000,0.0000,0.0000,0.0000
Burst,16.02,22,1,0,0.0000,0.0000,0.0000,0.0000
Burst,16.02,22,2,0,0.0000,0.0000,0.0000,0.0000
Burst,16.02,23,0,0,0.0000,0.0000,0.0000,0.0000
Burst,16.02,23,1,0,0.0000,0.0000,0.0000,0.0000
Burst,16.02,23,2,0,0.0000,0.0000,0.0000,0.0000
Burst,16.02,24,0,0,0.0000,0.0000,0.0000,0.0000
Burst,16.02,24,1,0,0.0000,0.0000,0.0000,0.0000
Burst,16.02,24,2,0,0.0000,0.0000,0.0000,0.0000
Burst,16.02,25,0,0,0.0000,0.0000,0.0000,0.0000
Burst,16.02,25,1,0,0.0000,0.0000,0.0000,0.0000
Burst,16.02,25,2,0,0.0000,0.0000,0.0000,0.0000
Burst,16.02,26,0,0,0.0000,0.0000,0.0000,0.0000
Burst,16.02,26,1,0,0.0000,0.0000,0.0000,0.0000
Burst,16.02,26,2,0,0.0000,0.0000,0.0000,0.0000
Burst,16.02,27,0,0,0.0000,0.0000,0.0000,0.0000
Burst,16.02,27,1,0,0.0000,0.0000,0.0000,0.0000
Burst,16.02,27,2,0,0.0000,0.0000,0.0000,0.0000
Burst,16.02,28,0,0,0.0000,0.0000,0.0000,0.0000
Burst,16.02,28,1,0,0.0000,0.0000,0.0000,0.0000
Burst,16.02,28,2,0,0.0000,0.0000,0.0000,0.0000
Burst,16.02,29,0,0,0.0000,0.0000,0.0000,0.0000
Burst,16.02,29,1,0,0.0000,0.0000,0.0000,0.0000
Burst,16.02,29,2,0,0.0000,0.0000,0.0000,0.0000
Burst,16.52,0,0,0,0.0000,0.0000,0.0000,0.0000
Burst,16.52,0,1,0,0.0000,0.0000,0.0000,0.0000
Burst,16.52,0,2,0,0.0000,0.0000,0.0000,0.0000
Burst,16.52,1,0,0,0.0000,0.0000,0.0000,0.0000
Burst,16.52,1,1,0,0.0000,0.0000,0.0000,0.0000
Burst,16.52,1,2,0,0.0000,0.0000,0.0000,0.0000
Burst,16.52,2,0,0,0.0000,0.0000,0.0000,0.0000
Burst,16.52,2,1,0,0.0000,0.0000,0.0000,0.0000
Burst,16.52,2,2,0,0.0000,0.0000,0.0000,0.0000
Burst,16.52,3,0,0,0.0000,0.0000,0.0000,0.0000
Burst,16.52,3,1,0,0.0000,0.0000,0.0000,0.0000
Burst,16.52,3,2,0,0.0000,0.0000,0.0000,0.0000
Burst,16.52,4,0,0,0.0000,0.0000,0.0000,0.0000
Burst,16.52,4,1,0,0.0000,0.0000,0.0000,0.0000
Burst,16.52,4,2,0,0.0000,0.0000,0.0000,0.0000
Burst,16.52,5,0,0,0.0000,0.0000,0.0000,0.0000
Burst,16.52,5,1,0,0.0000,0.0000,0.0000,0.0000
Burst,16.52,5,2,0,0.0000,0.0000,0.0000,0.0000
Burst,16.52,6,0,0,0.0000,0.0000,0.0000,0.0000
Burst,16.52,6,1,0,0.0000,0.0000,0.0000,0.0000
Burst,16.52,6,2,0,0.0000,0.0000,0.0000,0.0000
Burst,16.52,7,0,0,0.0000,0.0000,0.0000,0.0000
Burst,16.52,7,1,0,0.0000,0.0000,0.0000,0.0000
Burst,16.52,7,2,0,0.0000,0.0000,0.0000,0.0000
Burst,16.52,8,0,0,0.0000,0.0000,0.0000,0.0000
Burst,16.52,8,1,0,0.0000,0.0000,0.0000,0.0000
Burst,16.52,8,2,0,0.0000,0.0000,0.0000,0.0000
Burst,16.52,9,0,0,0.0000,0.0000,0.0000,0.0000
Burst,16.52,9,1,0,0.0000,0.0000,0.0000,0.0000
Burst,16.52,9,2,0,0.0000,0.0000,0.0000,0.0000
Burst,16.52,10,0,0,0.0000,0.0000,0.0000,0.0000
Burst,16.52,10,1,0,0.0000,0.0000,0.0000,0.0000
Burst,16.52,10,2,0,0.0000,0.0000,0.0000,0.0000
Burst,16.52,11,0,0,0.0000,0.0000,0.0000,0.0000
Burst,16.52,11,1,0,0.0000,0.0000,0.0000,0.0000
Burst,16.52,11,2,0,0.0000,0.0000,0.0000,0.0000
Burst,16.52,12,0,0,0.0000,0.0000,0.0000,0.0000
Burst,16.52,12,1,0,0.0000,0.0000,0.0000,0.0000
Burst,16.52,12,2,0,0.0000,0.0000,0.0000,0.0000
Burst,16.52,13,0,0,0.0000,0.0000,0.0000,0.0000
Burst,16.52,13,1,0,0.0000,0.0000,0.0000,0.0000
Burst,16.52,13,2,0,0.0000,0.0000,0.0000,0.0000
Burst,16.52,14,0,0,0.0000,0.0000,0.0000,0.0000
Burst,16.52,14,1,0,0.0000,0.0000,0.0000,0.0000
Burst,16.52,14,2,0,0.0000,0.0000,0.0000,0.0000
Burst,16.52,15,0,0,0.0000,0.0000,0.0000,0.0000
Burst,16.52,15,1,0,0.0000,0.0000,0.0000,0.0000
Burst,16.52,15,2,0,0.0000,0.0000,0.0000,0.0000
Burst,16.52,16,0,0,0.0000,0.0000,0.0000,0.0000
Burst,16.52,16,1,0,0.0000,0.0000,0.0000,0.0000
Burst,16.52,16,2,0,0.0000,0.0000,0.0000,0.0000
Burst,16.52,17,0,0,0.0000,0.0000,0.0000,0.0000
Burst,16.52,17,1,0,0.0000,0.0000,0.0000,0.0000
Burst,16.52,17,2,0,0.0000,0.0000,0.0000,0.0000
Burst,16.52,18,0,0,0.0000,0.0000,0.0000,0.0000
Burst,16.52,18,1,0,0.0000,0.0000,0.0000,0.0000
Burst,16.52,18,2,0,0.0000,0.0000,0.0000,0.0000
Burst,16.52,19,0,0,0.0000,0.0000,0.0000,0.0000
Burst,16.52,19,1,0,0.0000,0.0000,0.0000,0.0000
Burst,16.52,19,2,0,0.0000,0.0000,0.0000,0.0000
Burst,16.52,20,0,0,0.0000,0.0000,0.0000,0.0000
Burst,16.52,20,1,0,0.0000,0.0000,0.0000,0.0000
Burst,16.52,20,2,0,0.0000,0.0000,0.0000,0.0000
Burst,16.52,21,0,0,0.0000,0.0000,0.0000,0.0000
Burst,16.52,21,1,0,0.0000,0.0000,0.0000,0.0000
Burst,16.52,21,2,0,0.0000,0.0000,0.0000,0.0000
Burst,16.52,22,0,0,0.0000,0.0000,0.0000,0.0000
Burst,16.52,22,1,0,0.0000,0.0000,0.0000,0.0000
Burst,16.52,22,2,0,0.0000,0.0000,0.0000,0.0000
Burst,16.52,23,0,0,0.0000,0.0000,0.0000,0.0000
Burst,16.52,23,1,0,0.0000,0.0000,0.0000,0.0000
Burst,16.52,23,2,0,0.0000,0.0000,0.0000,0.0000
Burst,16.52,24,0,0,0.0000,0.0000,0.0000,0.0000
Burst,16.52,24,1,0,0.0000,0.0000,0.0000,0.0000
Burst,16.52,24,2,0,0.0000,0.0000,0.0000,0.0000
Burst,16.52,25,0,0,0.0000,0.0000,0.0000,0.0000
Burst,16.52,25,1,0,0.0000,0.0000,0.0000,0.0000
Burst,16.52,25,2,0,0.0000,0.0000,0.0000,0.0000
Burst,16.52,26,0,0,0.0000,0.0000,0.0000,0.0000
Burst,16.52,26,1,0,0.0000,0.0000,0.0000,0.0000
Burst,16.52,26,2,0,0.0000,0.0000,0.0000,0.0000
Burst,16.52,27,0,0,0.0000,0.0000,0.0000,0.0000
Burst,16.52,27,1,0,0.0000,0.0000,0.0000,0.0000
Burst,16.52,27,2,0,0.0000,0.0000,0.0000,0.0000
Burst,16.52,28,0,0,0.0000,0.0000,0.0000,0.0000
Burst,16.52,28,1,0,0.0000,0.0000,0.0000,0.0000
Burst,16.52,28,2,0,0.0000,0.0000,0.0000,0.0000
Burst,16.52,29,0,0,0.0000,0.0000,0.0000,0.0000
Burst,16.52,29,1,0,0.0000,0.0000,0.0000,0.0000
Burst,16.52,29,2,0,0.0000,0.0000,0.0000,0.0000
Burst,17.02,0,0,0,0.0000,0.0000,0.0000,0.0000
Burst,17.02,0,1,0,0.0000,0.0000,0.0000,0.0000
Burst,17.02,0,2,0,0.0000,0.0000,0.0000,0.0000
Burst,17.02,1,0,0,0.0000,0.0000,0.0000,0.0000
Burst,17.02,1,1,0,0.0000,0.0000,0.0000,0.0000
Burst,17.02,1,2,0,0.0000,0.0000,0.0000,0.0000
Burst,17.02,2,0,0,0.0000,0.0000,0.0000,0.0000
Burst,17.02,2,1,0,0.0000,0.0000,0.0000,0.0000
Burst,17.02,2,2,0,0.0000,0.0000,0.0000,0.0000
Burst,17.02,3,0,0,0.0000,0.0000,0.0000,0.0000
Burst,17.02,3,1,0,0.0000,0.0000,0.0000,0.0000
Burst,17.02,3,2,0,0.0000,0.0000,0.0000,0.0000
Burst,17.02,4,0,0,0.0000,0.0000,0.0000,0.0000
Burst,17.02,4,1,0,0.0000,0.0000,0.0000,0.0000
Burst,17.02,4,2,0,0.0000,0.0000,0.0000,0.0000
Burst,17.02,5,0,0,0.0000,0.0000,0.0000,0.0000
Burst,17.02,5,1,0,0.0000,0.0000,0.0000,0.0000
Burst,17.02,5,2,0,0.0000,0.0000,0.0000,0.0000
Burst,17.02,6,0,0,0.0000,0.0000,0.0000,0.0000
Burst,17.02,6,1,0,0.0000,0.0000,0.0000,0.0000
Burst,17.02,6,2,0,0.0000,0.0000,0.0000,0.0000
Burst,17.02,7,0,0,0.0000,0.0000,0.0000,0.0000
Burst,17.02,7,1,0,0.0000,0.0000,0.0000,0.0000
Burst,17.02,7,2,0,0.0000,0.0000,0.0000,0.0000
Burst,17.02,8,0,0,0.0000,0.0000,0.0000,0.0000
Burst,17.02,8,1,0,0.0000,0.0000,0.0000,0.0000
Burst,17.02,8,2,0,0.0000,0.0000,0.0000,0.0000
Burst,17.02,9,0,0,0.0000,0.0000,0.0000,0.0000
Burst,17.02,9,1,0,0.0000,0.0000,0.0000,0.0000
Burst,17.02,9,2,0,0.0000,0.0000,0.0000,0.0000
Burst,17.02,10,0,0,0.0000,0.0000,0.0000,0.0000
Burst,17.02,10,1,0,0.0000,0.0000,0.0000,0.0000
Burst,17.02,10,2,0,0.0000,0.0000,0.0000,0.0000
Burst,17.02,11,0,0,0.0000,0.0000,0.0000,0.0000
Burst,17.02,11,1,0,0.0000,0.0000,0.0000,0.0000
Burst,17.02,11,2,0,0.0000,0.0000,0.0000,0.0000
Burst,17.02,12,0,0,0.0000,0.0000,0.0000,0.0000
Burst,17.02,12,1,0,0.0000,0.0000,0.0000,0.0000
Burst,17.02,12,2,0,0.0000,0.0000,0.0000,0.0000
Burst,17.02,13,0,0,0.0000,0.0000,0.0000,0.0000
Burst,17.02,13,1,0,0.0000,0.0000,0.0000,0.0000
Burst,17.02,13,2,0,0.0000,0.0000,0.0000,0.0000
Burst,17.02,14,0,0,0.0000,0.0000,0.0000,0.0000
Burst,17.02,14,1,0,0.0000,0.0000,0.0000,0.0000
Burst,17.02,14,2,0,0.0000,0.0000,0.0000,0.0000
Burst,17.02,15,0,0,0.0000,0.0000,0.0000,0.0000
Burst,17.02,15,1,0,0.0000,0.0000,0.0000,0.0000
Burst,17.02,15,2,0,0.0000,0.0000,0.0000,0.0000
Burst,17.02,16,0,0,0.0000,0.0000,0.0000,0.0000
Burst,17.02,16,1,0,0.0000,0.0000,0.0000,0.0000
Burst,17.02,16,2,0,0.0000,0.0000,0.0000,0.0000
Burst,17.02,17,0,0,0.0000,0.0000,0.0000,0.0000
Burst,17.02,17,1,0,0.0000,0.0000,0.0000,0.0000
Burst,17.02,17,2,0,0.0000,0.0000,0.0000,0.0000
Burst,17.02,18,0,0,0.0000,0.0000,0.0000,0.0000
Burst,17.02,18,1,0,0.0000,0.0000,0.0000,0.0000
Burst,17.02,18,2,0,0.0000,0.0000,0.0000,0.0000
Burst,17.02,19,0,0,0.0000,0.0000,0.0000,0.0000
Burst,17.02,19,1,0,0.0000,0.0000,0.0000,0.0000
Burst,17.02,19,2,0,0.0000,0.0000,0.0000,0.0000
Burst,17.02,20,0,0,0.0000,0.0000,0.0000,0.0000
Burst,17.02,20,1,0,0.0000,0.0000,0.0000,0.0000
Burst,17.02,20,2,0,0.0000,0.0000,0.0000,0.0000
Burst,17.02,21,0,0,0.0000,0.0000,0.0000,0.0000
Burst,17.02,21,1,0,0.0000,0.0000,0.0000,0.0000
Burst,17.02,21,2,0,0.0000,0.0000,0.0000,0.0000
Burst,17.02,22,0,0,0.0000,0.0000,0.0000,0.0000
Burst,17.02,22,1,0,0.0000,0.0000,0.0000,0.0000
Burst,17.02,22,2,0,0.0000,0.0000,0.0000,0.0000
Burst,17.02,23,0,0,0.0000,0.0000,0.0000,0.0000
Burst,17.02,23,1,0,0.0000,0.0000,0.0000,0.0000
Burst,17.02,23,2,0,0.0000,0.0000,0.0000,0.0000
Burst,17.02,24,0,0,0.0000,0.0000,0.0000,0.0000
Burst,17.02,24,1,0,0.0000,0.0000,0.0000,0.0000
Burst,17.02,24,2,0,0.0000,0.0000,0.0000,0.0000
Burst,17.02,25,0,0,0.0000,0.0000,0.0000,0.0000
Burst,17.02,25,1,0,0.0000,0.0000,0.0000,0.0000
Burst,17.02,25,2,0,0.0000,0.0000,0.0000,0.0000
Burst,17.02,26,0,0,0.0000,0.0000,0.0000,0.0000
Burst,17.02,26,1,0,0.0000,0.0000,0.0000,0.0000
Burst,17.02,26,2,0,0.0000,0.0000,0.0000,0.0000
Burst,17.02,27,0,0,0.0000,0.0000,0.0000,0.0000
Burst,17.02,27,1,0,0.0000,0.0000,0.0000,0.0000
Burst,17.02,27,2,0,0.0000,0.0000,0.0000,0.0000
Burst,17.02,28,0,0,0.0000,0.0000,0.0000,0.0000
Burst,17.02,28,1,0,0.0000,0.0000,0.0000,0.0000
Burst,17.02,28,2,0,0.0000,0.0000,0.0000,0.0000
Burst,17.02,29,0,0,0.0000,0.0000,0.0000,0.0000
Burst,17.02,29,1,0,0.0000,0.0000,0.0000,0.0000
Burst,17.02,29,2,0,0.0000,0.0000,0.0000,0.0000
Burst,17.52,0,0,0,0.0000,0.0000,0.0000,0.0000
Burst,17.52,0,1,0,0.0000,0.0000,0.0000,0.0000
Burst,17.52,0,2,0,0.0000,0.0000,0.0000,0.0000
Burst,17.52,1,0,0,0.0000,0.0000,0.0000,0.0000
Burst,17.52,1,1,0,0.0000,0.0000,0.0000,0.0000
Burst,17.52,1,2,0,0.0000,0.0000,0.0000,0.0000
Burst,17.52,2,0,0,0.0000,0.0000,0.0000,0.0000
Burst,17.52,2,1,0,0.0000,0.0000,0.0000,0.0000
Burst,17.52,2,2,0,0.0000,0.0000,0.0000,0.0000
Burst,17.52,3,0,0,0.0000,0.0000,0.0000,0.0000
Burst,17.52,3,1,0,0.0000,0.0000,0.0000,0.0000
Burst,17.52,3,2,0,0.0000,0.0000,0.0000,0.0000
Burst,17.52,4,0,0,0.0000,0.0000,0.0000,0.0000
Burst,17.52,4,1,0,0.0000,0.0000,0.0000,0.0000
Burst,17.52,4,2,0,0.0000,0.0000,0.0000,0.0000
Burst,17.52,5,0,0,0.0000,0.0000,0.0000,0.0000
Burst,17.52,5,1,0,0.0000,0.0000,0.0000,0.0000
Burst,17.52,5,2,0,0.0000,0.0000,0.0000,0.0000
Burst,17.52,6,0,0,0.0000,0.0000,0.0000,0.0000
Burst,17.52,6,1,0,0.0000,0.0000,0.0000,0.0000
Burst,17.52,6,2,0,0.0000,0.0000,0.0000,0.0000
Burst,17.52,7,0,0,0.0000,0.0000,0.0000,0.0000
Burst,17.52,7,1,0,0.0000,0.0000,0.0000,0.0000
Burst,17.52,7,2,0,0.0000,0.0000,0.0000,0.0000
Burst,17.52,8,0,0,0.0000,0.0000,0.0000,0.0000
Burst,17.52,8,1,0,0.0000,0.0000,0.0000,0.0000
Burst,17.52,8,2,0,0.0000,0.0000,0.0000,0.0000
Burst,17.52,9,0,0,0.0000,0.0000,0.0000,0.0000
Burst,17.52,9,1,0,0.0000,0.0000,0.0000,0.0000
Burst,17.52,9,2,0,0.0000,0.0000,0.0000,0.0000
Burst,17.52,10,0,0,0.0000,0.0000,0.0000,0.0000
Burst,17.52,10,1,0,0.0000,0.0000,0.0000,0.0000
Burst,17.52,10,2,0,0.0000,0.0000,0.0000,0.0000
Burst,17.52,11,0,0,0.0000,0.0000,0.0000,0.0000
Burst,17.52,11,1,0,0.0000,0.0000,0.0000,0.0000
Burst,17.52,11,2,0,0.0000,0.0000,0.0000,0.0000
Burst,17.52,12,0,0,0.0000,0.0000,0.0000,0.0000
Burst,17.52,12,1,0,0.0000,0.0000,0.0000,0.0000
Burst,17.52,12,2,0,0.0000,0.0000,0.0000,0.0000
Burst,17.52,13,0,0,0.0000,0.0000,0.0000,0.0000
Burst,17.52,13,1,0,0.0000,0.0000,0.0000,0.0000
Burst,17.52,13,2,0,0.0000,0.0000,0.0000,0.0000
Burst,17.52,14,0,0,0.0000,0.0000,0.0000,0.0000
Burst,17.52,14,1,0,0.0000,0.0000,0.0000,0.0000
Burst,17.52,14,2,0,0.0000,0.0000,0.0000,0.0000
Burst,17.52,15,0,0,0.0000,0.0000,0.0000,0.0000
Burst,17.52,15,1,0,0.0000,0.0000,0.0000,0.0000
Burst,17.52,15,2,0,0.0000,0.0000,0.0000,0.0000
Burst,17.52,16,0,0,0.0000,0.0000,0.0000,0.0000
Burst,17.52,16,1,0,0.0000,0.0000,0.0000,0.0000
Burst,17.52,16,2,0,0.0000,0.0000,0.0000,0.0000
Burst,17.52,17,0,0,0.0000,0.0000,0.0000,0.0000
Burst,17.52,17,1,0,0.0000,0.0000,0.0000,0.0000
Burst,17.52,17,2,0,0.0000,0.0000,0.0000,0.0000
Burst,17.52,18,0,0,0.0000,0.0000,0.0000,0.0000
Burst,17.52,18,1,0,0.0000,0.0000,0.0000,0.0000
Burst,17.52,18,2,0,0.0000,0.0000,0.0000,0.0000
Burst,17.52,19,0,0,0.0000,0.0000,0.0000,0.0000
Burst,17.52,19,1,0,0.0000,0.0000,0.0000,0.0000
Burst,17.52,19,2,0,0.0000,0.0000,0.0000,0.0000
Burst,17.52,20,0,0,0.0000,0.0000,0.0000,0.0000
Burst,17.52,20,1,0,0.0000,0.0000,0.0000,0.0000
Burst,17.52,20,2,0,0.0000,0.0000,0.0000,0.0000
Burst,17.52,21,0,0,0.0000,0.0000,0.0000,0.0000
Burst,17.52,21,1,0,0.0000,0.0000,0.0000,0.0000
Burst,17.52,21,2,0,0.0000,0.0000,0.0000,0.0000
Burst,17.52,22,0,0,0.0000,0.0000,0.0000,0.0000
Burst,17.52,22,1,0,0.0000,0.0000,0.0000,0.0000
Burst,17.52,22,2,0,0.0000,0.0000,0.0000,0.0000
Burst,17.52,23,0,0,0.0000,0.0000,0.0000,0.0000
Burst,17.52,23,1,0,0.0000,0.0000,0.0000,0.0000
Burst,17.52,23,2,0,0.0000,0.0000,0.0000,0.0000
Burst,17.52,24,0,0,0.0000,0.0000,0.0000,0.0000
Burst,17.52,24,1,0,0.0000,0.0000,0.0000,0.0000
Burst,17.52,24,2,0,0.0000,0.0000,0.0000,0.0000
Burst,17.52,25,0,0,0.0000,0.0000,0.0000,0.0000
Burst,17.52,25,1,0,0.0000,0.0000,0.0000,0.0000
Burst,17.52,25,2,0,0.0000,0.0000,0.0000,0.0000
Burst,17.52,26,0,0,0.0000,0.0000,0.0000,0.0000
Burst,17.52,26,1,0,0.0000,0.0000,0.0000,0.0000
Burst,17.52,26,2,0,0.0000,0.0000,0.0000,0.0000
Burst,17.52,27,0,0,0.0000,0.0000,0.0000,0.0000
Burst,17.52,27,1,0,0.0000,0.0000,0.0000,0.0000
Burst,17.52,27,2,0,0.0000,0.0000,0.0000,0.0000
Burst,17.52,28,0,0,0.0000,0.0000,0.0000,0.0000
Burst,17.52,28,1,0,0.0000,0.0000,0.0000,0.0000
Burst,17.52,28,2,0,0.0000,0.0000,0.0000,0.0000
Burst,17.52,29,0,0,0.0000,0.0000,0.0000,0.0000
Burst,17.52,29,1,0,0.0000,0.0000,0.0000,0.0000
Burst,17.52,29,2,0,0.0000,0.0000,0.0000,0.0000
Burst,18.04,0,0,0,0.0000,0.0000,0.0000,0.0000
Burst,18.04,0,1,0,0.0000,0.0000,0.0000,0.0000
Burst,18.04,0,2,0,0.0000,0.0000,0.0000,0.0000
Burst,18.04,1,0,0,0.0000,0.0000,0.0000,0.0000
Burst,18.04,1,1,0,0.0000,0.0000,0.0000,0.0000
Burst,18.04,1,2,0,0.0000,0.0000,0.0000,0.0000
Burst,18.04,2,0,0,0.0000,0.0000,0.0000,0.0000
Burst,18.04,2,1,0,0.0000,0.0000,0.0000,0.0000
Burst,18.04,2,2,0,0.0000,0.0000,0.0000,0.0000
Burst,18.04,3,0,0,0.0000,0.0000,0.0000,0.0000
Burst,18.04,3,1,0,0.0000,0.0000,0.0000,0.0000
Burst,18.04,3,2,0,0.0000,0.0000,0.0000,0.0000
Burst,18.04,4,0,0,0.0000,0.0000,0.0000,0.0000
Burst,18.04,4,1,0,0.0000,0.0000,0.0000,0.0000
Burst,18.04,4,2,0,0.0000,0.0000,0.0000,0.0000
Burst,18.04,5,0,0,0.0000,0.0000,0.0000,0.0000
Burst,18.04,5,1,0,0.0000,0.0000,0.0000,0.0000
Burst,18.04,5,2,0,0.0000,0.0000,0.0000,0.0000
Burst,18.04,6,0,0,0.0000,0.0000,0.0000,0.0000
Burst,18.04,6,1,0,0.0000,0.0000,0.0000,0.0000
Burst,18.04,6,2,0,0.0000,0.0000,0.0000,0.0000
Burst,18.04,7,0,0,0.0000,0.0000,0.0000,0.0000
Burst,18.04,7,1,0,0.0000,0.0000,0.0000,0.0000
Burst,18.04,7,2,0,0.0000,0.0000,0.0000,0.0000
Burst,18.04,8,0,0,0.0000,0.0000,0.0000,0.0000
Burst,18.04,8,1,0,0.0000,0.0000,0.0000,0.0000
Burst,18.04,8,2,0,0.0000,0.0000,0.0000,0.0000
Burst,18.04,9,0,0,0.0000,0.0000,0.0000,0.0000
Burst,18.04,9,1,0,0.0000,0.0000,0.0000,0.0000
Burst,18.04,9,2,0,0.0000,0.0000,0.0000,0.0000
Burst,18.04,10,0,0,0.0000,0.0000,0.0000,0.0000
Burst,18.04,10,1,0,0.0000,0.0000,0.0000,0.0000
Burst,18.04,10,2,0,0.0000,0.0000,0.0000,0.0000
Burst,18.04,11,0,0,0.0000,0.0000,0.0000,0.0000
Burst,18.04,11,1,0,0.0000,0.0000,0.0000,0.0000
Burst,18.04,11,2,0,0.0000,0.0000,0.0000,0.0000
Burst,18.04,12,0,0,0.0000,0.0000,0.0000,0.0000
Burst,18.04,12,1,0,0.0000,0.0000,0.0000,0.0000
Burst,18.04,12,2,0,0.0000,0.0000,0.0000,0.0000
Burst,18.04,13,0,0,0.0000,0.0000,0.0000,0.0000
Burst,18.04,13,1,0,0.0000,0.0000,0.0000,0.0000
Burst,18.04,13,2,0,0.0000,0.0000,0.0000,0.0000
Burst,18.04,14,0,0,0.0000,0.0000,0.0000,0.0000
Burst,18.04,14,1,0,0.0000,0.0000,0.0000,0.0000
Burst,18.04,14,2,0,0.0000,0.0000,0.0000,0.0000
Burst,18.04,15,0,0,0.0000,0.0000,0.0000,0.0000
Burst,18.04,15,1,0,0.0000,0.0000,0.0000,0.0000
Burst,18.04,15,2,0,0.0000,0.0000,0.0000,0.0000
Burst,18.04,16,0,0,0.0000,0.0000,0.0000,0.0000
Burst,18.04,16,1,0,0.0000,0.0000,0.0000,0.0000
Burst,18.04,16,2,0,0.0000,0.0000,0.0000,0.0000
Burst,18.04,17,0,0,0.0000,0.0000,0.0000,0.0000
Burst,18.04,17,1,0,0.0000,0.0000,0.0000,0.0000
Burst,18.04,17,2,0,0.0000,0.0000,0.0000,0.0000
Burst,18.04,18,0,0,0.0000,0.0000,0.0000,0.0000
Burst,18.04,18,1,0,0.0000,0.0000,0.0000,0.0000
Burst,18.04,18,2,0,0.0000,0.0000,0.0000,0.0000
Burst,18.04,19,0,0,0.0000,0.0000,0.0000,0.0000
Burst,18.04,19,1,0,0.0000,0.0000,0.0000,0.0000
Burst,18.04,19,2,0,0.0000,0.0000,0.0000,0.0000
Burst,18.04,20,0,0,0.0000,0.0000,0.0000,0.0000
Burst,18.04,20,1,0,0.0000,0.0000,0.0000,0.0000
Burst,18.04,20,2,0,0.0000,0.0000,0.0000,0.0000
Burst,18.04,21,0,0,0.0000,0.0000,0.0000,0.0000
Burst,18.04,21,1,0,0.0000,0.0000,0.0000,0.0000
Burst,18.04,21,2,0,0.0000,0.0000,0.0000,0.0000
Burst,18.04,22,0,0,0.0000,0.0000,0.0000,0.0000
Burst,18.04,22,1,0,0.0000,0.0000,0.0000,0.0000
Burst,18.04,22,2,0,0.0000,0.0000,0.0000,0.0000
Burst,18.04,23,0,0,0.0000,0.0000,0.0000,0.0000
Burst,18.04,23,1,0,0.0000,0.0000,0.0000,0.0000
Burst,18.04,23,2,0,0.0000,0.0000,0.0000,0.0000
Burst,18.04,24,0,0,0.0000,0.0000,0.0000,0.0000
Burst,18.04,24,1,0,0.0000,0.0000,0.0000,0.0000
Burst,18.04,24,2,0,0.0000,0.0000,0.0000,0.0000
Burst,18.04,25,0,0,0.0000,0.0000,0.0000,0.0000
Burst,18.04,25,1,0,0.0000,0.0000,0.0000,0.0000
Burst,18.04,25,2,0,0.0000,0.0000,0.0000,0.0000
Burst,18.04,26,0,0,0.0000,0.0000,0.0000,0.0000
Burst,18.04,26,1,0,0.0000,0.0000,0.0000,0.0000
Burst,18.04,26,2,0,0.0000,0.0000,0.0000,0.0000
Burst,18.04,27,0,0,0.0000,0.0000,0.0000,0.0000
Burst,18.04,27,1,0,0.0000,0.0000,0.0000,0.0000
Burst,18.04,27,2,0,0.0000,0.0000,0.0000,0.0000
Burst,18.04,28,0,0,0.0000,0.0000,0.0000,0.0000
Burst,18.04,28,1,0,0.0000,0.0000,0.0000,0.0000
Burst,18.04,28,2,0,0.0000,0.0000,0.0000,0.0000
Burst,18.04,29,0,0,0.0000,0.0000,0.0000,0.0000
Burst,18.04,29,1,0,0.0000,0.0000,0.0000,0.0000
Burst,18.04,29,2,0,0.0000,0.0000,0.0000,0.0000
Burst,18.55,0,0,0,0.0000,0.0000,0.0000,0.0000
Burst,18.55,0,1,0,0.0000,0.0000,0.0000,0.0000
Burst,18.55,0,2,0,0.0000,0.0000,0.0000,0.0000
Burst,18.55,1,0,0,0.0000,0.0000,0.0000,0.0000
Burst,18.55,1,1,0,0.0000,0.0000,0.0000,0.0000
Burst,18.55,1,2,0,0.0000,0.0000,0.0000,0.0000
Burst,18.55,2,0,0,0.0000,0.0000,0.0000,0.0000
Burst,18.55,2,1,0,0.0000,0.0000,0.0000,0.0000
Burst,18.55,2,2,0,0.0000,0.0000,0.0000,0.0000
Burst,18.55,3,0,0,0.0000,0.0000,0.0000,0.0000
Burst,18.55,3,1,0,0.0000,0.0000,0.0000,0.0000
Burst,18.55,3,2,0,0.0000,0.0000,0.0000,0.0000
Burst,18.55,4,0,0,0.0000,0.0000,0.0000,0.0000
Burst,18.55,4,1,0,0.0000,0.0000,0.0000,0.0000
Burst,18.55,4,2,0,0.0000,0.0000,0.0000,0.0000
Burst,18.55,5,0,0,0.0000,0.0000,0.0000,0.0000
Burst,18.55,5,1,0,0.0000,0.0000,0.0000,0.0000
Burst,18.55,5,2,0,0.0000,0.0000,0.0000,0.0000
Burst,18.55,6,0,0,0.0000,0.0000,0.0000,0.0000
Burst,18.55,6,1,0,0.0000,0.0000,0.0000,0.0000
Burst,18.55,6,2,0,0.0000,0.0000,0.0000,0.0000
Burst,18.55,7,0,0,0.0000,0.0000,0.0000,0.0000
Burst,18.55,7,1,0,0.0000,0.0000,0.0000,0.0000
Burst,18.55,7,2,0,0.0000,0.0000,0.0000,0.0000
Burst,18.55,8,0,0,0.0000,0.0000,0.0000,0.0000
Burst,18.55,8,1,0,0.0000,0.0000,0.0000,0.0000
Burst,18.55,8,2,0,0.0000,0.0000,0.0000,0.0000
Burst,18.55,9,0,0,0.0000,0.0000,0.0000,0.0000
Burst,18.55,9,1,0,0.0000,0.0000,0.0000,0.0000
Burst,18.55,9,2,0,0.0000,0.0000,0.0000,0.0000
Burst,18.55,10,0,0,0.0000,0.0000,0.0000,0.0000
Burst,18.55,10,1,0,0.0000,0.0000,0.0000,0.0000
Burst,18.55,10,2,0,0.0000,0.0000,0.0000,0.0000
Burst,18.55,11,0,0,0.0000,0.0000,0.0000,0.0000
Burst,18.55,11,1,0,0.0000,0.0000,0.0000,0.0000
Burst,18.55,11,2,0,0.0000,0.0000,0.0000,0.0000
Burst,18.55,12,0,0,0.0000,0.0000,0.0000,0.0000
Burst,18.55,12,1,0,0.0000,0.0000,0.0000,0.0000
Burst,18.55,12,2,0,0.0000,0.0000,0.0000,0.0000
Burst,18.55,13,0,0,0.0000,0.0000,0.0000,0.0000
Burst,18.55,13,1,0,0.0000,0.0000,0.0000,0.0000
Burst,18.55,13,2,0,0.0000,0.0000,0.0000,0.0000
Burst,18.55,14,0,0,0.0000,0.0000,0.0000,0.0000
Burst,18.55,14,1,0,0.0000,0.0000,0.0000,0.0000
Burst,18.55,14,2,0,0.0000,0.0000,0.0000,0.0000
Burst,18.55,15,0,0,0.0000,0.0000,0.0000,0.0000
Burst,18.55,15,1,0,0.0000,0.0000,0.0000,0.0000
Burst,18.55,15,2,0,0.0000,0.0000,0.0000,0.0000
Burst,18.55,16,0,0,0.0000,0.0000,0.0000,0.0000
Burst,18.55,16,1,0,0.0000,0.0000,0.0000,0.0000
Burst,18.55,16,2,0,0.0000,0.0000,0.0000,0.0000
Burst,18.55,17,0,0,0.0000,0.0000,0.0000,0.0000
Burst,18.55,17,1,0,0.0000,0.0000,0.0000,0.0000
Burst,18.55,17,2,0,0.0000,0.0000,0.0000,0.0000
Burst,18.55,18,0,0,0.0000,0.0000,0.0000,0.0000
Burst,18.55,18,1,0,0.0000,0.0000,0.0000,0.0000
Burst,18.55,18,2,0,0.0000,0.0000,0.0000,0.0000
Burst,18.55,19,0,0,0.0000,0.0000,0.0000,0.0000
Burst,18.55,19,1,0,0.0000,0.0000,0.0000,0.0000
Burst,18.55,19,2,0,0.0000,0.0000,0.0000,0.0000
Burst,18.55,20,0,0,0.0000,0.0000,0.0000,0.0000
Burst,18.55,20,1,0,0.0000,0.0000,0.0000,0.0000
Burst,18.55,20,2,0,0.0000,0.0000,0.0000,0.0000
Burst,18.55,21,0,0,0.0000,0.0000,0.0000,0.0000
Burst,18.55,21,1,0,0.0000,0.0000,0.0000,0.0000
Burst,18.55,21,2,0,0.0000,0.0000,0.0000,0.0000
Burst,18.55,22,0,0,0.0000,0.0000,0.0000,0.0000
Burst,18.55,22,1,0,0.0000,0.0000,0.0000,0.0000
Burst,18.55,22,2,0,0.0000,0.0000,0.0000,0.0000
Burst,18.55,23,0,0,0.0000,0.0000,0.0000,0.0000
Burst,18.55,23,1,0,0.0000,0.0000,0.0000,0.0000
Burst,18.55,23,2,0,0.0000,0.0000,0.0000,0.0000
Burst,18.55,24,0,0,0.0000,0.0000,0.0000,0.0000
Burst,18.55,24,1,0,0.0000,0.0000,0.0000,0.0000
Burst,18.55,24,2,0,0.0000,0.0000,0.0000,0.0000
Burst,18.55,25,0,0,0.0000,0.0000,0.0000,0.0000
Burst,18.55,25,1,0,0.0000,0.0000,0.0000,0.0000
Burst,18.55,25,2,0,0.0000,0.0000,0.0000,0.0000
Burst,18.55,26,0,0,0.0000,0.0000,0.0000,0.0000
Burst,18.55,26,1,0,0.0000,0.0000,0.0000,0.0000
Burst,18.55,26,2,0,0.0000,0.0000,0.0000,0.0000
Burst,18.55,27,0,0,0.0000,0.0000,0.0000,0.0000
Burst,18.55,27,1,0,0.0000,0.0000,0.0000,0.0000
Burst,18.55,27,2,0,0.0000,0.0000,0.0000,0.0000
Burst,18.55,28,0,0,0.0000,0.0000,0.0000,0.0000
Burst,18.55,28,1,0,0.0000,0.0000,0.0000,0.0000
Burst,18.55,28,2,0,0.0000,0.0000,0.0000,0.0000
Burst,18.55,29,0,0,0.0000,0.0000,0.0000,0.0000
Burst,18.55,29,1,0,0.0000,0.0000,0.0000,0.0000
Burst,18.55,29,2,0,0.0000,0.0000,0.0000,0.0000
Burst,19.05,0,0,0,0.0000,0.0000,0.0000,0.0000
Burst,19.05,0,1,0,0.0000,0.0000,0.0000,0.0000
Burst,19.05,0,2,0,0.0000,0.0000,0.0000,0.0000
Burst,19.05,1,0,0,0.0000,0.0000,0.0000,0.0000
Burst,19.05,1,1,0,0.0000,0.0000,0.0000,0.0000
Burst,19.05,1,2,0,0.0000,0.0000,0.0000,0.0000
Burst,19.05,2,0,0,0.0000,0.0000,0.0000,0.0000
Burst,19.05,2,1,0,0.0000,0.0000,0.0000,0.0000
Burst,19.05,2,2,0,0.0000,0.0000,0.0000,0.0000
Burst,19.05,3,0,0,0.0000,0.0000,0.0000,0.0000
Burst,19.05,3,1,0,0.0000,0.0000,0.0000,0.0000
Burst,19.05,3,2,0,0.0000,0.0000,0.0000,0.0000
Burst,19.05,4,0,0,0.0000,0.0000,0.0000,0.0000
Burst,19.05,4,1,0,0.0000,0.0000,0.0000,0.0000
Burst,19.05,4,2,0,0.0000,0.0000,0.0000,0.0000
Burst,19.05,5,0,0,0.0000,0.0000,0.0000,0.0000
Burst,19.05,5,1,0,0.0000,0.0000,0.0000,0.0000
Burst,19.05,5,2,0,0.0000,0.0000,0.0000,0.0000
Burst,19.05,6,0,0,0.0000,0.0000,0.0000,0.0000
Burst,19.05,6,1,0,0.0000,0.0000,0.0000,0.0000
Burst,19.05,6,2,0,0.0000,0.0000,0.0000,0.0000
Burst,19.05,7,0,0,0.0000,0.0000,0.0000,0.0000
Burst,19.05,7,1,0,0.0000,0.0000,0.0000,0.0000
Burst,19.05,7,2,0,0.0000,0.0000,0.0000,0.0000
Burst,19.05,8,0,0,0.0000,0.0000,0.0000,0.0000
Burst,19.05,8,1,0,0.0000,0.0000,0.0000,0.0000
Burst,19.05,8,2,0,0.0000,0.0000,0.0000,0.0000
Burst,19.05,9,0,0,0.0000,0.0000,0.0000,0.0000
Burst,19.05,9,1,0,0.0000,0.0000,0.0000,0.0000
Burst,19.05,9,2,0,0.0000,0.0000,0.0000,0.0000
Burst,19.05,10,0,0,0.0000,0.0000,0.0000,0.0000
Burst,19.05,10,1,0,0.0000,0.0000,0.0000,0.0000
Burst,19.05,10,2,0,0.0000,0.0000,0.0000,0.0000
Burst,19.05,11,0,0,0.0000,0.0000,0.0000,0.0000
Burst,19.05,11,1,0,0.0000,0.0000,0.0000,0.0000
Burst,19.05,11,2,0,0.0000,0.0000,0.0000,0.0000
Burst,19.05,12,0,0,0.0000,0.0000,0.0000,0.0000
Burst,19.05,12,1,0,0.0000,0.0000,0.0000,0.0000
Burst,19.05,12,2,0,0.0000,0.0000,0.0000,0.0000
Burst,19.05,13,0,0,0.0000,0.0000,0.0000,0.0000
Burst,19.05,13,1,0,0.0000,0.0000,0.0000,0.0000
Burst,19.05,13,2,0,0.0000,0.0000,0.0000,0.0000
Burst,19.05,14,0,0,0.0000,0.0000,0.0000,0.0000
Burst,19.05,14,1,0,0.0000,0.0000,0.0000,0.0000
Burst,19.05,14,2,0,0.0000,0.0000,0.0000,0.0000
Burst,19.05,15,0,0,0.0000,0.0000,0.0000,0.0000
Burst,19.05,15,1,0,0.0000,0.0000,0.0000,0.0000
Burst,19.05,15,2,0,0.0000,0.0000,0.0000,0.0000
Burst,19.05,16,0,0,0.0000,0.0000,0.0000,0.0000
Burst,19.05,16,1,0,0.0000,0.0000,0.0000,0.0000
Burst,19.05,16,2,0,0.0000,0.0000,0.0000,0.0000
Burst,19.05,17,0,0,0.0000,0.0000,0.0000,0.0000
Burst,19.05,17,1,0,0.0000,0.0000,0.0000,0.0000
Burst,19.05,17,2,0,0.0000,0.0000,0.0000,0.0000
Burst,19.05,18,0,0,0.0000,0.0000,0.0000,0.0000
Burst,19.05,18,1,0,0.0000,0.0000,0.0000,0.0000
Burst,19.05,18,2,0,0.0000,0.0000,0.0000,0.0000
Burst,19.05,19,0,0,0.0000,0.0000,0.0000,0.0000
Burst,19.05,19,1,0,0.0000,0.0000,0.0000,0.0000
Burst,19.05,19,2,0,0.0000,0.0000,0.0000,0.0000
Burst,19.05,20,0,0,0.0000,0.0000,0.0000,0.0000
Burst,19.05,20,1,0,0.0000,0.0000,0.0000,0.0000
Burst,19.05,20,2,0,0.0000,0.0000,0.0000,0.0000
Burst,19.05,21,0,0,0.0000,0.0000,0.0000,0.0000
Burst,19.05,21,1,0,0.0000,0.0000,0.0000,0.0000
Burst,19.05,21,2,0,0.0000,0.0000,0.0000,0.0000
Burst,19.05,22,0,0,0.0000,0.0000,0.0000,0.0000
Burst,19.05,22,1,0,0.0000,0.0000,0.0000,0.0000
Burst,19.05,22,2,0,0.0000,0.0000,0.0000,0.0000
Burst,19.05,23,0,0,0.0000,0.0000,0.0000,0.0000
Burst,19.05,23,1,0,0.0000,0.0000,0.0000,0.0000
Burst,19.05,23,2,0,0.0000,0.0000,0.0000,0.0000
Burst,19.05,24,0,0,0.0000,0.0000,0.0000,0.0000
Burst,19.05,24,1,0,0.0000,0.0000,0.0000,0.0000
Burst,19.05,24,2,0,0.0000,0.0000,0.0000,0.0000
Burst,19.05,25,0,0,0.0000,0.0000,0.0000,0.0000
Burst,19.05,25,1,0,0.0000,0.0000,0.0000,0.0000
Burst,19.05,25,2,0,0.0000,0.0000,0.0000,0.0000
Burst,19.05,26,0,0,0.0000,0.0000,0.0000,0.0000
Burst,19.05,26,1,0,0.0000,0.0000,0.0000,0.0000
Burst,19.05,26,2,0,0.0000,0.0000,0.0000,0.0000
Burst,19.05,27,0,0,0.0000,0.0000,0.0000,0.0000
Burst,19.05,27,1,0,0.0000,0.0000,0.0000,0.0000
Burst,19.05,27,2,0,0.0000,0.0000,0.0000,0.0000
Burst,19.05,28,0,0,0.0000,0.0000,0.0000,0.0000
Burst,19.05,28,1,0,0.0000,0.0000,0.0000,0.0000
Burst,19.05,28,2,0,0.0000,0.0000,0.0000,0.0000
Burst,19.05,29,0,0,0.0000,0.0000,0.0000,0.0000
Burst,19.05,29,1,0,0.0000,0.0000,0.0000,0.0000
Burst,19.05,29,2,0,0.0000,0.0000,0.0000,0.0000
Burst,19.55,0,0,0,0.0000,0.0000,0.0000,0.0000
Burst,19.55,0,1,0,0.0000,0.0000,0.0000,0.0000
Burst,19.55,0,2,0,0.0000,0.0000,0.0000,0.0000
Burst,19.55,1,0,0,0.0000,0.0000,0.0000,0.0000
Burst,19.55,1,1,0,0.0000,0.0000,0.0000,0.0000
Burst,19.55,1,2,0,0.0000,0.0000,0.0000,0.0000
Burst,19.55,2,0,0,0.0000,0.0000,0.0000,0.0000
Burst,19.55,2,1,0,0.0000,0.0000,0.0000,0.0000
Burst,19.55,2,2,0,0.0000,0.0000,0.0000,0.0000
Burst,19.55,3,0,0,0.0000,0.0000,0.0000,0.0000
Burst,19.55,3,1,0,0.0000,0.0000,0.0000,0.0000
Burst,19.55,3,2,0,0.0000,0.0000,0.0000,0.0000
Burst,19.55,4,0,0,0.0000,0.0000,0.0000,0.0000
Burst,19.55,4,1,0,0.0000,0.0000,0.0000,0.0000
Burst,19.55,4,2,0,0.0000,0.0000,0.0000,0.0000
Burst,19.55,5,0,0,0.0000,0.0000,0.0000,0.0000
Burst,19.55,5,1,0,0.0000,0.0000,0.0000,0.0000
Burst,19.55,5,2,0,0.0000,0.0000,0.0000,0.0000
Burst,19.55,6,0,0,0.0000,0.0000,0.0000,0.0000
Burst,19.55,6,1,0,0.0000,0.0000,0.0000,0.0000
Burst,19.55,6,2,0,0.0000,0.0000,0.0000,0.0000
Burst,19.55,7,0,0,0.0000,0.0000,0.0000,0.0000
Burst,19.55,7,1,0,0.0000,0.0000,0.0000,0.0000
Burst,19.55,7,2,0,0.0000,0.0000,0.0000,0.0000
Burst,19.55,8,0,0,0.0000,0.0000,0.0000,0.0000
Burst,19.55,8,1,0,0.0000,0.0000,0.0000,0.0000
Burst,19.55,8,2,0,0.0000,0.0000,0.0000,0.0000
Burst,19.55,9,0,0,0.0000,0.0000,0.0000,0.0000
Burst,19.55,9,1,0,0.0000,0.0000,0.0000,0.0000
Burst,19.55,9,2,0,0.0000,0.0000,0.0000,0.0000
Burst,19.55,10,0,0,0.0000,0.0000,0.0000,0.0000
Burst,19.55,10,1,0,0.0000,0.0000,0.0000,0.0000
Burst,19.55,10,2,0,0.0000,0.0000,0.0000,0.0000
Burst,19.55,11,0,0,0.0000,0.0000,0.0000,0.0000
Burst,19.55,11,1,0,0.0000,0.0000,0.0000,0.0000
Burst,19.55,11,2,0,0.0000,0.0000,0.0000,0.0000
Burst,19.55,12,0,0,0.0000,0.0000,0.0000,0.0000
Burst,19.55,12,1,0,0.0000,0.0000,0.0000,0.0000
Burst,19.55,12,2,0,0.0000,0.0000,0.0000,0.0000
Burst,19.55,13,0,0,0.0000,0.0000,0.0000,0.0000
Burst,19.55,13,1,0,0.0000,0.0000,0.0000,0.0000
Burst,19.55,13,2,0,0.0000,0.0000,0.0000,0.0000
Burst,19.55,14,0,0,0.0000,0.0000,0.0000,0.0000
Burst,19.55,14,1,0,0.0000,0.0000,0.0000,0.0000
Burst,19.55,14,2,0,0.0000,0.0000,0.0000,0.0000
Burst,19.55,15,0,0,0.0000,0.0000,0.0000,0.0000
Burst,19.55,15,1,0,0.0000,0.0000,0.0000,0.0000
Burst,19.55,15,2,0,0.0000,0.0000,0.0000,0.0000
Burst,19.55,16,0,0,0.0000,0.0000,0.0000,0.0000
Burst,19.55,16,1,0,0.0000,0.0000,0.0000,0.0000
Burst,19.55,16,2,0,0.0000,0.0000,0.0000,0.0000
Burst,19.55,17,0,0,0.0000,0.0000,0.0000,0.0000
Burst,19.55,17,1,0,0.0000,0.0000,0.0000,0.0000
Burst,19.55,17,2,0,0.0000,0.0000,0.0000,0.0000
Burst,19.55,18,0,0,0.0000,0.0000,0.0000,0.0000
Burst,19.55,18,1,0,0.0000,0.0000,0.0000,0.0000
Burst,19.55,18,2,0,0.0000,0.0000,0.0000,0.0000
Burst,19.55,19,0,0,0.0000,0.0000,0.0000,0.0000
Burst,19.55,19,1,0,0.0000,0.0000,0.0000,0.0000
Burst,19.55,19,2,0,0.0000,0.0000,0.0000,0.0000
Burst,19.55,20,0,0,0.0000,0.0000,0.0000,0.0000
Burst,19.55,20,1,0,0.0000,0.0000,0.0000,0.0000
Burst,19.55,20,2,0,0.0000,0.0000,0.0000,0.0000
Burst,19.55,21,0,0,0.0000,0.0000,0.0000,0.0000
Burst,19.55,21,1,0,0.0000,0.0000,0.0000,0.0000
Burst,19.55,21,2,0,0.0000,0.0000,0.0000,0.0000
Burst,19.55,22,0,0,0.0000,0.0000,0.0000,0.0000
Burst,19.55,22,1,0,0.0000,0.0000,0.0000,0.0000
Burst,19.55,22,2,0,0.0000,0.0000,0.0000,0.0000
Burst,19.55,23,0,0,0.0000,0.0000,0.0000,0.0000
Burst,19.55,23,1,0,0.0000,0.0000,0.0000,0.0000
Burst,19.55,23,2,0,0.0000,0.0000,0.0000,0.0000
Burst,19.55,24,0,0,0.0000,0.0000,0.0000,0.0000
Burst,19.55,24,1,0,0.0000,0.0000,0.0000,0.0000
Burst,19.55,24,2,0,0.0000,0.0000,0.0000,0.0000
Burst,19.55,25,0,0,0.0000,0.0000,0.0000,0.0000
Burst,19.55,25,1,0,0.0000,0.0000,0.0000,0.0000
Burst,19.55,25,2,0,0.0000,0.0000,0.0000,0.0000
Burst,19.55,26,0,0,0.0000,0.0000,0.0000,0.0000
Burst,19.55,26,1,0,0.0000,0.0000,0.0000,0.0000
Burst,19.55,26,2,0,0.0000,0.0000,0.0000,0.0000
Burst,19.55,27,0,0,0.0000,0.0000,0.0000,0.0000
Burst,19.55,27,1,0,0.0000,0.0000,0.0000,0.0000
Burst,19.55,27,2,0,0.0000,0.0000,0.0000,0.0000
Burst,19.55,28,0,0,0.0000,0.0000,0.0000,0.0000
Burst,19.55,28,1,0,0.0000,0.0000,0.0000,0.0000
Burst,19.55,28,2,0,0.0000,0.0000,0.0000,0.0000
Burst,19.55,29,0,0,0.0000,0.0000,0.0000,0.0000
Burst,19.55,29,1,0,0.0000,0.0000,0.0000,0.0000
Burst,19.55,29,2,0,0.0000,0.0000,0.0000,0.0000
Burst,20.05,0,0,0,0.0000,0.0000,0.0000,0.0000
Burst,20.05,0,1,0,0.0000,0.0000,0.0000,0.0000
Burst,20.05,0,2,0,0.0000,0.0000,0.0000,0.0000
Burst,20.05,1,0,0,0.0000,0.0000,0.0000,0.0000
Burst,20.05,1,1,0,0.0000,0.0000,0.0000,0.0000
Burst,20.05,1,2,0,0.0000,0.0000,0.0000,0.0000
Burst,20.05,2,0,0,0.0000,0.0000,0.0000,0.0000
Burst,20.05,2,1,0,0.0000,0.0000,0.0000,0.0000
Burst,20.05,2,2,0,0.0000,0.0000,0.0000,0.0000
Burst,20.05,3,0,0,0.0000,0.0000,0.0000,0.0000
Burst,20.05,3,1,0,0.0000,0.0000,0.0000,0.0000
Burst,20.05,3,2,0,0.0000,0.0000,0.0000,0.0000
Burst,20.05,4,0,0,0.0000,0.0000,0.0000,0.0000
Burst,20.05,4,1,0,0.0000,0.0000,0.0000,0.0000
Burst,20.05,4,2,0,0.0000,0.0000,0.0000,0.0000
Burst,20.05,5,0,0,0.0000,0.0000,0.0000,0.0000
Burst,20.05,5,1,0,0.0000,0.0000,0.0000,0.0000
Burst,20.05,5,2,0,0.0000,0.0000,0.0000,0.0000
Burst,20.05,6,0,0,0.0000,0.0000,0.0000,0.0000
Burst,20.05,6,1,0,0.0000,0.0000,0.0000,0.0000
Burst,20.05,6,2,0,0.0000,0.0000,0.0000,0.0000
Burst,20.05,7,0,0,0.0000,0.0000,0.0000,0.0000
Burst,20.05,7,1,0,0.0000,0.0000,0.0000,0.0000
Burst,20.05,7,2,0,0.0000,0.0000,0.0000,0.0000
Burst,20.05,8,0,0,0.0000,0.0000,0.0000,0.0000
Burst,20.05,8,1,0,0.0000,0.0000,0.0000,0.0000
Burst,20.05,8,2,0,0.0000,0.0000,0.0000,0.0000
Burst,20.05,9,0,0,0.0000,0.0000,0.0000,0.0000
Burst,20.05,9,1,0,0.0000,0.0000,0.0000,0.0000
Burst,20.05,9,2,0,0.0000,0.0000,0.0000,0.0000
Burst,20.05,10,0,0,0.0000,0.0000,0.0000,0.0000
Burst,20.05,10,1,0,0.0000,0.0000,0.0000,0.0000
Burst,20.05,10,2,0,0.0000,0.0000,0.0000,0.0000
Burst,20.05,11,0,0,0.0000,0.0000,0.0000,0.0000
Burst,20.05,11,1,0,0.0000,0.0000,0.0000,0.0000
Burst,20.05,11,2,0,0.0000,0.0000,0.0000,0.0000
Burst,20.05,12,0,0,0.0000,0.0000,0.0000,0.0000
Burst,20.05,12,1,0,0.0000,0.0000,0.0000,0.0000
Burst,20.05,12,2,0,0.0000,0.0000,0.0000,0.0000
Burst,20.05,13,0,0,0.0000,0.0000,0.0000,0.0000
Burst,20.05,13,1,0,0.0000,0.0000,0.0000,0.0000
Burst,20.05,13,2,0,0.0000,0.0000,0.0000,0.0000
Burst,20.05,14,0,0,0.0000,0.0000,0.0000,0.0000
Burst,20.05,14,1,0,0.0000,0.0000,0.0000,0.0000
Burst,20.05,14,2,0,0.0000,0.0000,0.0000,0.0000
Burst,20.05,15,0,0,0.0000,0.0000,0.0000,0.0000
Burst,20.05,15,1,1,0.0056,0.0000,0.0000,0.0000
Burst,20.05,15,2,0,0.0000,0.0000,0.0000,0.0000
Burst,20.05,16,0,0,0.0000,0.0000,0.0000,0.0000
Burst,20.05,16,1,0,0.0000,0.0000,0.0000,0.0000
Burst,20.05,16,2,0,0.0000,0.0000,0.0000,0.0000
Burst,20.05,17,0,0,0.0000,0.0000,0.0000,0.0000
Burst,20.05,17,1,0,0.0000,0.0000,0.0000,0.0000
Burst,20.05,17,2,0,0.0000,0.0000,0.0000,0.0000
Burst,20.05,18,0,0,0.0000,0.0000,0.0000,0.0000
Burst,20.05,18,1,0,0.0000,0.0000,0.0000,0.0000
Burst,20.05,18,2,0,0.0000,0.0000,0.0000,0.0000
Burst,20.05,19,0,0,0.0000,0.0000,0.0000,0.0000
Burst,20.05,19,1,0,0.0000,0.0000,0.0000,0.0000
Burst,20.05,19,2,0,0.0000,0.0000,0.0000,0.0000
Burst,20.05,20,0,0,0.0000,0.0000,0.0000,0.0000
Burst,20.05,20,1,0,0.0000,0.0000,0.0000,0.0000
Burst,20.05,20,2,0,0.0000,0.0000,0.0000,0.0000
Burst,20.05,21,0,0,0.0000,0.0000,0.0000,0.0000
Burst,20.05,21,1,0,0.0000,0.0000,0.0000,0.0000
Burst,20.05,21,2,0,0.0000,0.0000,0.0000,0.0000
Burst,20.05,22,0,0,0.0000,0.0000,0.0000,0.0000
Burst,20.05,22,1,0,0.0000,0.0000,0.0000,0.0000
Burst,20.05,22,2,0,0.0000,0.0000,0.0000,0.0000
Burst,20.05,23,0,0,0.0000,0.0000,0.0000,0.0000
Burst,20.05,23,1,0,0.0000,0.0000,0.0000,0.0000
Burst,20.05,23,2,0,0.0000,0.0000,0.0000,0.0000
Burst,20.05,24,0,0,0.0000,0.0000,0.0000,0.0000
Burst,20.05,24,1,0,0.0000,0.0000,0.0000,0.0000
Burst,20.05,24,2,0,0.0000,0.0000,0.0000,0.0000
Burst,20.05,25,0,0,0.0000,0.0000,0.0000,0.0000
Burst,20.05,25,1,0,0.0000,0.0000,0.0000,0.0000
Burst,20.05,25,2,0,0.0000,0.0000,0.0000,0.0000
Burst,20.05,26,0,0,0.0000,0.0000,0.0000,0.0000
Burst,20.05,26,1,0,0.0000,0.0000,0.0000,0.0000
Burst,20.05,26,2,0,0.0000,0.0000,0.0000,0.0000
Burst,20.05,27,0,0,0.0000,0.0000,0.0000,0.0000
Burst,20.05,27,1,0,0.0000,0.0000,0.0000,0.0000
Burst,20.05,27,2,0,0.0000,0.0000,0.0000,0.0000
Burst,20.05,28,0,0,0.0000,0.0000,0.0000,0.0000
Burst,20.05,28,1,0,0.0000,0.0000,0.0000,0.0000
Burst,20.05,28,2,0,0.0000,0.0000,0.0000,0.0000
Burst,20.05,29,0,0,0.0000,0.0000,0.0000,0.0000
Burst,20.05,29,1,0,0.0000,0.0000,0.0000,0.0000
Burst,20.05,29,2,0,0.0000,0.0000,0.0000,0.0000
Burst,20.56,0,0,0,0.0000,0.0000,0.0000,0.0000
Burst,20.56,0,1,0,0.0000,0.0000,0.0000,0.0000
Burst,20.56,0,2,0,0.0000,0.0000,0.0000,0.0000
Burst,20.56,1,0,0,0.0000,0.0000,0.0000,0.0000
Burst,20.56,1,1,0,0.0000,0.0000,0.0000,0.0000
Burst,20.56,1,2,0,0.0000,0.0000,0.0000,0.0000
Burst,20.56,2,0,0,0.0000,0.0000,0.0000,0.0000
Burst,20.56,2,1,0,0.0000,0.0000,0.0000,0.0000
Burst,20.56,2,2,0,0.0000,0.0000,0.0000,0.0000
Burst,20.56,3,0,0,0.0000,0.0000,0.0000,0.0000
Burst,20.56,3,1,0,0.0000,0.0000,0.0000,0.0000
Burst,20.56,3,2,0,0.0000,0.0000,0.0000,0.0000
Burst,20.56,4,0,0,0.0000,0.0000,0.0000,0.0000
Burst,20.56,4,1,0,0.0000,0.0000,0.0000,0.0000
Burst,20.56,4,2,0,0.0000,0.0000,0.0000,0.0000
Burst,20.56,5,0,0,0.0000,0.0000,0.0000,0.0000
Burst,20.56,5,1,0,0.0000,0.0000,0.0000,0.0000
Burst,20.56,5,2,0,0.0000,0.0000,0.0000,0.0000
Burst,20.56,6,0,0,0.0000,0.0000,0.0000,0.0000
Burst,20.56,6,1,0,0.0000,0.0000,0.0000,0.0000
Burst,20.56,6,2,0,0.0000,0.0000,0.0000,0.0000
Burst,20.56,7,0,0,0.0000,0.0000,0.0000,0.0000
Burst,20.56,7,1,0,0.0000,0.0000,0.0000,0.0000
Burst,20.56,7,2,0,0.0000,0.0000,0.0000,0.0000
Burst,20.56,8,0,0,0.0000,0.0000,0.0000,0.0000
Burst,20.56,8,1,0,0.0000,0.0000,0.0000,0.0000
Burst,20.56,8,2,0,0.0000,0.0000,0.0000,0.0000
Burst,20.56,9,0,0,0.0000,0.0000,0.0000,0.0000
Burst,20.56,9,1,0,0.0000,0.0000,0.0000,0.0000
Burst,20.56,9,2,1,0.0056,0.0000,0.0000,0.0000
Burst,20.56,10,0,0,0.0000,0.0000,0.0000,0.0000
Burst,20.56,10,1,0,0.0000,0.0000,0.0000,0.0000
Burst,20.56,10,2,0,0.0000,0.0000,0.0000,0.0000
Burst,20.56,11,0,0,0.0000,0.0000,0.0000,0.0000
Burst,20.56,11,1,0,0.0000,0.0000,0.0000,0.0000
Burst,20.56,11,2,0,0.0000,0.0000,0.0000,0.0000
Burst,20.56,12,0,0,0.0000,0.0000,0.0000,0.0000
Burst,20.56,12,1,0,0.0000,0.0000,0.0000,0.0000
Burst,20.56,12,2,1,0.0056,0.0000,0.0000,0.0000
Burst,20.56,13,0,0,0.0000,0.0000,0.0000,0.0000
Burst,20.56,13,1,0,0.0000,0.0000,0.0000,0.0000
Burst,20.56,13,2,0,0.0000,0.0000,0.0000,0.0000
Burst,20.56,14,0,0,0.0000,0.0000,0.0000,0.0000
Burst,20.56,14,1,0,0.0000,0.0000,0.0000,0.0000
Burst,20.56,14,2,0,0.0000,0.0000,0.0000,0.0000
Burst,20.56,15,0,0,0.0000,0.0000,0.0000,0.0000
Burst,20.56,15,1,2,0.0113,1.2400,1.1967,-0.3249
Burst,20.56,15,2,0,0.0000,0.0000,0.0000,0.0000
Burst,20.56,16,0,0,0.0000,0.0000,0.0000,0.0000
Burst,20.56,16,1,0,0.0000,0.0000,0.0000,0.0000
Burst,20.56,16,2,0,0.0000,0.0000,0.0000,0.0000
Burst,20.56,17,0,0,0.0000,0.0000,0.0000,0.0000
Burst,20.56,17,1,0,0.0000,0.0000,0.0000,0.0000
Burst,20.56,17,2,0,0.0000,0.0000,0.0000,0.0000
Burst,20.56,18,0,0,0.0000,0.0000,0.0000,0.0000
Burst,20.56,18,1,0,0.0000,0.0000,0.0000,0.0000
Burst,20.56,18,2,0,0.0000,0.0000,0.0000,0.0000
Burst,20.56,19,0,0,0.0000,0.0000,0.0000,0.0000
Burst,20.56,19,1,1,0.0056,0.0000,0.0000,0.0000
Burst,20.56,19,2,0,0.0000,0.0000,0.0000,0.0000
Burst,20.56,20,0,0,0.0000,0.0000,0.0000,0.0000
Burst,20.56,20,1,0,0.0000,0.0000,0.0000,0.0000
Burst,20.56,20,2,0,0.0000,0.0000,0.0000,0.0000
Burst,20.56,21,0,0,0.0000,0.0000,0.0000,0.0000
Burst,20.56,21,1,0,0.0000,0.0000,0.0000,0.0000
Burst,20.56,21,2,0,0.0000,0.0000,0.0000,0.0000
Burst,20.56,22,0,0,0.0000,0.0000,0.0000,0.0000
Burst,20.56,22,1,0,0.0000,0.0000,0.0000,0.0000
Burst,20.56,22,2,0,0.0000,0.0000,0.0000,0.0000
Burst,20.56,23,0,0,0.0000,0.0000,0.0000,0.0000
Burst,20.56,23,1,0,0.0000,0.0000,0.0000,0.0000
Burst,20.56,23,2,0,0.0000,0.0000,0.0000,0.0000
Burst,20.56,24,0,0,0.0000,0.0000,0.0000,0.0000
Burst,20.56,24,1,0,0.0000,0.0000,0.0000,0.0000
Burst,20.56,24,2,0,0.0000,0.0000,0.0000,0.0000
Burst,20.56,25,0,0,0.0000,0.0000,0.0000,0.0000
Burst,20.56,25,1,0,0.0000,0.0000,0.0000,0.0000
Burst,20.56,25,2,0,0.0000,0.0000,0.0000,0.0000
Burst,20.56,26,0,0,0.0000,0.0000,0.0000,0.0000
Burst,20.56,26,1,0,0.0000,0.0000,0.0000,0.0000
Burst,20.56,26,2,0,0.0000,0.0000,0.0000,0.0000
Burst,20.56,27,0,0,0.0000,0.0000,0.0000,0.0000
Burst,20.56,27,1,0,0.0000,0.0000,0.0000,0.0000
Burst,20.56,27,2,0,0.0000,0.0000,0.0000,0.0000
Burst,20.56,28,0,0,0.0000,0.0000,0.0000,0.0000
Burst,20.56,28,1,0,0.0000,0.0000,0.0000,0.0000
Burst,20.56,28,2,0,0.0000,0.0000,0.0000,0.0000
Burst,20.56,29,0,0,0.0000,0.0000,0.0000,0.0000
Burst,20.56,29,1,0,0.0000,0.0000,0.0000,0.0000
Burst,20.56,29,2,0,0.0000,0.0000,0.0000,0.0000
Burst,21.06,0,0,0,0.0000,0.0000,0.0000,0.0000
Burst,21.06,0,1,0,0.0000,0.0000,0.0000,0.0000
Burst,21.06,0,2,0,0.0000,0.0000,0.0000,0.0000
Burst,21.06,1,0,0,0.0000,0.0000,0.0000,0.0000
Burst,21.06,1,1,0,0.0000,0.0000,0.0000,0.0000
Burst,21.06,1,2,0,0.0000,0.0000,0.0000,0.0000
Burst,21.06,2,0,0,0.0000,0.0000,0.0000,0.0000
Burst,21.06,2,1,0,0.0000,0.0000,0.0000,0.0000
Burst,21.06,2,2,0,0.0000,0.0000,0.0000,0.0000
Burst,21.06,3,0,0,0.0000,0.0000,0.0000,0.0000
Burst,21.06,3,1,0,0.0000,0.0000,0.0000,0.0000
Burst,21.06,3,2,0,0.0000,0.0000,0.0000,0.0000
Burst,21.06,4,0,0,0.0000,0.0000,0.0000,0.0000
Burst,21.06,4,1,0,0.0000,0.0000,0.0000,0.0000
Burst,21.06,4,2,0,0.0000,0.0000,0.0000,0.0000
Burst,21.06,5,0,0,0.0000,0.0000,0.0000,0.0000
Burst,21.06,5,1,0,0.0000,0.0000,0.0000,0.0000
Burst,21.06,5,2,0,0.0000,0.0000,0.0000,0.0000
Burst,21.06,6,0,0,0.0000,0.0000,0.0000,0.0000
Burst,21.06,6,1,0,0.0000,0.0000,0.0000,0.0000
Burst,21.06,6,2,0,0.0000,0.0000,0.0000,0.0000
Burst,21.06,7,0,0,0.0000,0.0000,0.0000,0.0000
Burst,21.06,7,1,0,0.0000,0.0000,0.0000,0.0000
Burst,21.06,7,2,0,0.0000,0.0000,0.0000,0.0000
Burst,21.06,8,0,0,0.0000,0.0000,0.0000,0.0000
Burst,21.06,8,1,0,0.0000,0.0000,0.0000,0.0000
Burst,21.06,8,2,0,0.0000,0.0000,0.0000,0.0000
Burst,21.06,9,0,0,0.0000,0.0000,0.0000,0.0000
Burst,21.06,9,1,1,0.0056,1.8729,-1.6959,-0.7948
Burst,21.06,9,2,0,0.0000,0.0000,0.0000,0.0000
Burst,21.06,10,0,0,0.0000,0.0000,0.0000,0.0000
Burst,21.06,10,1,0,0.0000,0.0000,0.0000,0.0000
Burst,21.06,10,2,0,0.0000,0.0000,0.0000,0.0000
Burst,21.06,11,0,0,0.0000,0.0000,0.0000,0.0000
Burst,21.06,11,1,0,0.0000,0.0000,0.0000,0.0000
Burst,21.06,11,2,0,0.0000,0.0000,0.0000,0.0000
Burst,21.06,12,0,0,0.0000,0.0000,0.0000,0.0000
Burst,21.06,12,1,1,0.0056,2.0663,-1.8711,-0.8767
Burst,21.06,12,2,0,0.0000,0.0000,0.0000,0.0000
Burst,21.06,13,0,0,0.0000,0.0000,0.0000,0.0000
Burst,21.06,13,1,0,0.0000,0.0000,0.0000,0.0000
Burst,21.06,13,2,0,0.0000,0.0000,0.0000,0.0000
Burst,21.06,14,0,0,0.0000,0.0000,0.0000,0.0000
Burst,21.06,14,1,0,0.0000,0.0000,0.0000,0.0000
Burst,21.06,14,2,0,0.0000,0.0000,0.0000,0.0000
Burst,21.06,15,0,0,0.0000,0.0000,0.0000,0.0000
Burst,21.06,15,1,1,0.0056,2.2751,2.2684,-0.1742
Burst,21.06,15,2,0,0.0000,0.0000,0.0000,0.0000
Burst,21.06,16,0,0,0.0000,0.0000,0.0000,0.0000
Burst,21.06,16,1,1,0.0056,2.8191,2.7562,-0.5918
Burst,21.06,16,2,0,0.0000,0.0000,0.0000,0.0000
Burst,21.06,17,0,0,0.0000,0.0000,0.0000,0.0000
Burst,21.06,17,1,0,0.0000,0.0000,0.0000,0.0000
Burst,21.06,17,2,0,0.0000,0.0000,0.0000,0.0000
Burst,21.06,18,0,0,0.0000,0.0000,0.0000,0.0000
Burst,21.06,18,1,0,0.0000,0.0000,0.0000,0.0000
Burst,21.06,18,2,0,0.0000,0.0000,0.0000,0.0000
Burst,21.06,19,0,0,0.0000,0.0000,0.0000,0.0000
Burst,21.06,19,1,1,0.0056,2.4395,2.3130,-0.7754
Burst,21.06,19,2,0,0.0000,0.0000,0.0000,0.0000
Burst,21.06,20,0,0,0.0000,0.0000,0.0000,0.0000
Burst,21.06,20,1,0,0.0000,0.0000,0.0000,0.0000
Burst,21.06,20,2,0,0.0000,0.0000,0.0000,0.0000
Burst,21.06,21,0,0,0.0000,0.0000,0.0000,0.0000
Burst,21.06,21,1,0,0.0000,0.0000,0.0000,0.0000
Burst,21.06,21,2,0,0.0000,0.0000,0.0000,0.0000
Burst,21.06,22,0,0,0.0000,0.0000,0.0000,0.0000
Burst,21.06,22,1,0,0.0000,0.0000,0.0000,0.0000
Burst,21.06,22,2,0,0.0000,0.0000,0.0000,0.0000
Burst,21.06,23,0,0,0.0000,0.0000,0.0000,0.0000
Burst,21.06,23,1,0,0.0000,0.0000,0.0000,0.0000
Burst,21.06,23,2,0,0.0000,0.0000,0.0000,0.0000
Burst,21.06,24,0,0,0.0000,0.0000,0.0000,0.0000
Burst,21.06,24,1,0,0.0000,0.0000,0.0000,0.0000
Burst,21.06,24,2,0,0.0000,0.0000,0.0000,0.0000
Burst,21.06,25,0,0,0.0000,0.0000,0.0000,0.0000
Burst,21.06,25,1,0,0.0000,0.0000,0.0000,0.0000
Burst,21.06,25,2,0,0.0000,0.0000,0.0000,0.0000
Burst,21.06,26,0,0,0.0000,0.0000,0.0000,0.0000
Burst,21.06,26,1,0,0.0000,0.0000,0.0000,0.0000
Burst,21.06,26,2,0,0.0000,0.0000,0.0000,0.0000
Burst,21.06,27,0,0,0.0000,0.0000,0.0000,0.0000
Burst,21.06,27,1,0,0.0000,0.0000,0.0000,0.0000
Burst,21.06,27,2,0,0.0000,0.0000,0.0000,0.0000
Burst,21.06,28,0,0,0.0000,0.0000,0.0000,0.0000
Burst,21.06,28,1,0,0.0000,0.0000,0.0000,0.0000
Burst,21.06,28,2,0,0.0000,0.0000,0.0000,0.0000
Burst,21.06,29,0,0,0.0000,0.0000,0.0000,0.0000
Burst,21.06,29,1,0,0.0000,0.0000,0.0000,0.0000
Burst,21.06,29,2,0,0.0000,0.0000,0.0000,0.0000
Burst,21.59,0,0,0,0.0000,0.0000,0.0000,0.0000
Burst,21.59,0,1,0,0.0000,0.0000,0.0000,0.0000
Burst,21.59,0,2,0,0.0000,0.0000,0.0000,0.0000
Burst,21.59,1,0,0,0.0000,0.0000,0.0000,0.0000
Burst,21.59,1,1,0,0.0000,0.0000,0.0000,0.0000
Burst,21.59,1,2,0,0.0000,0.0000,0.0000,0.0000
Burst,21.59,2,0,0,0.0000,0.0000,0.0000,0.0000
Burst,21.59,2,1,0,0.0000,0.0000,0.0000,0.0000
Burst,21.59,2,2,0,0.0000,0.0000,0.0000,0.0000
Burst,21.59,3,0,0,0.0000,0.0000,0.0000,0.0000
Burst,21.59,3,1,0,0.0000,0.0000,0.0000,0.0000
Burst,21.59,3,2,0,0.0000,0.0000,0.0000,0.0000
Burst,21.59,4,0,0,0.0000,0.0000,0.0000,0.0000
Burst,21.59,4,1,0,0.0000,0.0000,0.0000,0.0000
Burst,21.59,4,2,0,0.0000,0.0000,0.0000,0.0000
Burst,21.59,5,0,0,0.0000,0.0000,0.0000,0.0000
Burst,21.59,5,1,0,0.0000,0.0000,0.0000,0.0000
Burst,21.59,5,2,0,0.0000,0.0000,0.0000,0.0000
Burst,21.59,6,0,0,0.0000,0.0000,0.0000,0.0000
Burst,21.59,6,1,0,0.0000,0.0000,0.0000,0.0000
Burst,21.59,6,2,0,0.0000,0.0000,0.0000,0.0000
Burst,21.59,7,0,0,0.0000,0.0000,0.0000,0.0000
Burst,21.59,7,1,0,0.0000,0.0000,0.0000,0.0000
Burst,21.59,7,2,0,0.0000,0.0000,0.0000,0.0000
Burst,21.59,8,0,0,0.0000,0.0000,0.0000,0.0000
Burst,21.59,8,1,0,0.0000,0.0000,0.0000,0.0000
Burst,21.59,8,2,0,0.0000,0.0000,0.0000,0.0000
Burst,21.59,9,0,0,0.0000,0.0000,0.0000,0.0000
Burst,21.59,9,1,2,0.0113,0.9323,-0.8647,-0.3485
Burst,21.59,9,2,0,0.0000,0.0000,0.0000,0.0000
Burst,21.59,10,0,0,0.0000,0.0000,0.0000,0.0000
Burst,21.59,10,1,0,0.0000,0.0000,0.0000,0.0000
Burst,21.59,10,2,0,0.0000,0.0000,0.0000,0.0000
Burst,21.59,11,0,0,0.0000,0.0000,0.0000,0.0000
Burst,21.59,11,1,0,0.0000,0.0000,0.0000,0.0000
Burst,21.59,11,2,0,0.0000,0.0000,0.0000,0.0000
Burst,21.59,12,0,0,0.0000,0.0000,0.0000,0.0000
Burst,21.59,12,1,2,0.0113,0.9994,-0.9366,-0.3486
Burst,21.59,12,2,1,0.0056,0.0000,0.0000,0.0000
Burst,21.59,13,0,0,0.0000,0.0000,0.0000,0.0000
Burst,21.59,13,1,0,0.0000,0.0000,0.0000,0.0000
Burst,21.59,13,2,0,0.0000,0.0000,0.0000,0.0000
Burst,21.59,14,0,0,0.0000,0.0000,0.0000,0.0000
Burst,21.59,14,1,0,0.0000,0.0000,0.0000,0.0000
Burst,21.59,14,2,0,0.0000,0.0000,0.0000,0.0000
Burst,21.59,15,0,0,0.0000,0.0000,0.0000,0.0000
Burst,21.59,15,1,1,0.0056,0.0000,0.0000,0.0000
Burst,21.59,15,2,0,0.0000,0.0000,0.0000,0.0000
Burst,21.59,16,0,0,0.0000,0.0000,0.0000,0.0000
Burst,21.59,16,1,2,0.0113,2.5118,2.5094,-0.0871
Burst,21.59,16,2,0,0.0000,0.0000,0.0000,0.0000
Burst,21.59,17,0,0,0.0000,0.0000,0.0000,0.0000
Burst,21.59,17,1,0,0.0000,0.0000,0.0000,0.0000
Burst,21.59,17,2,0,0.0000,0.0000,0.0000,0.0000
Burst,21.59,18,0,0,0.0000,0.0000,0.0000,0.0000
Burst,21.59,18,1,1,0.0056,0.0000,0.0000,0.0000
Burst,21.59,18,2,0,0.0000,0.0000,0.0000,0.0000
Burst,21.59,19,0,0,0.0000,0.0000,0.0000,0.0000
Burst,21.59,19,1,2,0.0113,1.3101,1.2440,-0.4110
Burst,21.59,19,2,0,0.0000,0.0000,0.0000,0.0000
Burst,21.59,20,0,0,0.0000,0.0000,0.0000,0.0000
Burst,21.59,20,1,0,0.0000,0.0000,0.0000,0.0000
Burst,21.59,20,2,0,0.0000,0.0000,0.0000,0.0000
Burst,21.59,21,0,0,0.0000,0.0000,0.0000,0.0000
Burst,21.59,21,1,0,0.0000,0.0000,0.0000,0.0000
Burst,21.59,21,2,0,0.0000,0.0000,0.0000,0.0000
Burst,21.59,22,0,0,0.0000,0.0000,0.0000,0.0000
Burst,21.59,22,1,0,0.0000,0.0000,0.0000,0.0000
Burst,21.59,22,2,0,0.0000,0.0000,0.0000,0.0000
Burst,21.59,23,0,0,0.0000,0.0000,0.0000,0.0000
Burst,21.59,23,1,0,0.0000,0.0000,0.0000,0.0000
Burst,21.59,23,2,0,0.0000,0.0000,0.0000,0.0000
Burst,21.59,24,0,0,0.0000,0.0000,0.0000,0.0000
Burst,21.59,24,1,0,0.0000,0.0000,0.0000,0.0000
Burst,21.59,24,2,0,0.0000,0.0000,0.0000,0.0000
Burst,21.59,25,0,0,0.0000,0.0000,0.0000,0.0000
Burst,21.59,25,1,0,0.0000,0.0000,0.0000,0.0000
Burst,21.59,25,2,0,0.0000,0.0000,0.0000,0.0000
Burst,21.59,26,0,0,0.0000,0.0000,0.0000,0.0000
Burst,21.59,26,1,0,0.0000,0.0000,0.0000,0.0000
Burst,21.59,26,2,0,0.0000,0.0000,0.0000,0.0000
Burst,21.59,27,0,0,0.0000,0.0000,0.0000,0.0000
Burst,21.59,27,1,0,0.0000,0.0000,0.0000,0.0000
Burst,21.59,27,2,0,0.0000,0.0000,0.0000,0.0000
Burst,21.59,28,0,0,0.0000,0.0000,0.0000,0.0000
Burst,21.59,28,1,0,0.0000,0.0000,0.0000,0.0000
Burst,21.59,28,2,0,0.0000,0.0000,0.0000,0.0000
Burst,21.59,29,0,0,0.0000,0.0000,0.0000,0.0000
Burst,21.59,29,1,0,0.0000,0.0000,0.0000,0.0000
Burst,21.59,29,2,0,0.0000,0.0000,0.0000,0.0000
Burst,22.10,0,0,0,0.0000,0.0000,0.0000,0.0000
Burst,22.10,0,1,0,0.0000,0.0000,0.0000,0.0000
Burst,22.10,0,2,0,0.0000,0.0000,0.0000,0.0000
Burst,22.10,1,0,0,0.0000,0.0000,0.0000,0.0000
Burst,22.10,1,1,0,0.0000,0.0000,0.0000,0.0000
Burst,22.10,1,2,0,0.0000,0.0000,0.0000,0.0000
Burst,22.10,2,0,0,0.0000,0.0000,0.0000,0.0000
Burst,22.10,2,1,0,0.0000,0.0000,0.0000,0.0000
Burst,22.10,2,2,0,0.0000,0.0000,0.0000,0.0000
Burst,22.10,3,0,0,0.0000,0.0000,0.0000,0.0000
Burst,22.10,3,1,0,0.0000,0.0000,0.0000,0.0000
Burst,22.10,3,2,0,0.0000,0.0000,0.0000,0.0000
Burst,22.10,4,0,0,0.0000,0.0000,0.0000,0.0000
Burst,22.10,4,1,0,0.0000,0.0000,0.0000,0.0000
Burst,22.10,4,2,0,0.0000,0.0000,0.0000,0.0000
Burst,22.10,5,0,0,0.0000,0.0000,0.0000,0.0000
Burst,22.10,5,1,0,0.0000,0.0000,0.0000,0.0000
Burst,22.10,5,2,0,0.0000,0.0000,0.0000,0.0000
Burst,22.10,6,0,0,0.0000,0.0000,0.0000,0.0000
Burst,22.10,6,1,0,0.0000,0.0000,0.0000,0.0000
Burst,22.10,6,2,0,0.0000,0.0000,0.0000,0.0000
Burst,22.10,7,0,0,0.0000,0.0000,0.0000,0.0000
Burst,22.10,7,1,0,0.0000,0.0000,0.0000,0.0000
Burst,22.10,7,2,0,0.0000,0.0000,0.0000,0.0000
Burst,22.10,8,0,0,0.0000,0.0000,0.0000,0.0000
Burst,22.10,8,1,0,0.0000,0.0000,0.0000,0.0000
Burst,22.10,8,2,0,0.0000,0.0000,0.0000,0.0000
Burst,22.10,9,0,0,0.0000,0.0000,0.0000,0.0000
Burst,22.10,9,1,3,0.0169,1.3421,-1.1500,-0.6036
Burst,22.10,9,2,0,0.0000,0.0000,0.0000,0.0000
Burst,22.10,10,0,0,0.0000,0.0000,0.0000,0.0000
Burst,22.10,10,1,0,0.0000,0.0000,0.0000,0.0000
Burst,22.10,10,2,0,0.0000,0.0000,0.0000,0.0000
Burst,22.10,11,0,0,0.0000,0.0000,0.0000,0.0000
Burst,22.10,11,1,0,0.0000,0.0000,0.0000,0.0000
Burst,22.10,11,2,0,0.0000,0.0000,0.0000,0.0000
Burst,22.10,12,0,0,0.0000,0.0000,0.0000,0.0000
Burst,22.10,12,1,3,0.0169,1.8469,-1.5273,-0.9950
Burst,22.10,12,2,1,0.0056,0.0000,0.0000,0.0000
Burst,22.10,13,0,0,0.0000,0.0000,0.0000,0.0000
Burst,22.10,13,1,0,0.0000,0.0000,0.0000,0.0000
Burst,22.10,13,2,0,0.0000,0.0000,0.0000,0.0000
Burst,22.10,14,0,0,0.0000,0.0000,0.0000,0.0000
Burst,22.10,14,1,0,0.0000,0.0000,0.0000,0.0000
Burst,22.10,14,2,0,0.0000,0.0000,0.0000,0.0000
Burst,22.10,15,0,0,0.0000,0.0000,0.0000,0.0000
Burst,22.10,15,1,2,0.0113,1.1303,1.1189,-0.1604
Burst,22.10,15,2,0,0.0000,0.0000,0.0000,0.0000
Burst,22.10,16,0,0,0.0000,0.0000,0.0000,0.0000
Burst,22.10,16,1,2,0.0113,2.2493,2.2320,-0.2711
Burst,22.10,16,2,0,0.0000,0.0000,0.0000,0.0000
Burst,22.10,17,0,0,0.0000,0.0000,0.0000,0.0000
Burst,22.10,17,1,0,0.0000,0.0000,0.0000,0.0000
Burst,22.10,17,2,0,0.0000,0.0000,0.0000,0.0000
Burst,22.10,18,0,0,0.0000,0.0000,0.0000,0.0000
Burst,22.10,18,1,0,0.0000,0.0000,0.0000,0.0000
Burst,22.10,18,2,0,0.0000,0.0000,0.0000,0.0000
Burst,22.10,19,0,0,0.0000,0.0000,0.0000,0.0000
Burst,22.10,19,1,3,0.0169,2.5545,2.4739,-0.5308
Burst,22.10,19,2,0,0.0000,0.0000,0.0000,0.0000
Burst,22.10,20,0,0,0.0000,0.0000,0.0000,0.0000
Burst,22.10,20,1,0,0.0000,0.0000,0.0000,0.0000
Burst,22.10,20,2,0,0.0000,0.0000,0.0000,0.0000
Burst,22.10,21,0,0,0.0000,0.0000,0.0000,0.0000
Burst,22.10,21,1,0,0.0000,0.0000,0.0000,0.0000
Burst,22.10,21,2,0,0.0000,0.0000,0.0000,0.0000
Burst,22.10,22,0,0,0.0000,0.0000,0.0000,0.0000
Burst,22.10,22,1,0,0.0000,0.0000,0.0000,0.0000
Burst,22.10,22,2,0,0.0000,0.0000,0.0000,0.0000
Burst,22.10,23,0,0,0.0000,0.0000,0.0000,0.0000
Burst,22.10,23,1,0,0.0000,0.0000,0.0000,0.0000
Burst,22.10,23,2,0,0.0000,0.0000,0.0000,0.0000
Burst,22.10,24,0,0,0.0000,0.0000,0.0000,0.0000
Burst,22.10,24,1,0,0.0000,0.0000,0.0000,0.0000
Burst,22.10,24,2,0,0.0000,0.0000,0.0000,0.0000
Burst,22.10,25,0,0,0.0000,0.0000,0.0000,0.0000
Burst,22.10,25,1,0,0.0000,0.0000,0.0000,0.0000
Burst,22.10,25,2,0,0.0000,0.0000,0.0000,0.0000
Burst,22.10,26,0,0,0.0000,0.0000,0.0000,0.0000
Burst,22.10,26,1,0,0.0000,0.0000,0.0000,0.0000
Burst,22.10,26,2,0,0.0000,0.0000,0.0000,0.0000
Burst,22.10,27,0,0,0.0000,0.0000,0.0000,0.0000
Burst,22.10,27,1,0,0.0000,0.0000,0.0000,0.0000
Burst,22.10,27,2,0,0.0000,0.0000,0.0000,0.0000
Burst,22.10,28,0,0,0.0000,0.0000,0.0000,0.0000
Burst,22.10,28,1,0,0.0000,0.0000,0.0000,0.0000
Burst,22.10,28,2,0,0.0000,0.0000,0.0000,0.0000
Burst,22.10,29,0,0,0.0000,0.0000,0.0000,0.0000
Burst,22.10,29,1,0,0.0000,0.0000,0.0000,0.0000
Burst,22.10,29,2,0,0.0000,0.0000,0.0000,0.0000
Burst,22.62,0,0,0,0.0000,0.0000,0.0000,0.0000
Burst,22.62,0,1,0,0.0000,0.0000,0.0000,0.0000
Burst,22.62,0,2,0,0.0000,0.0000,0.0000,0.0000
Burst,22.62,1,0,0,0.0000,0.0000,0.0000,0.0000
Burst,22.62,1,1,0,0.0000,0.0000,0.0000,0.0000
Burst,22.62,1,2,0,0.0000,0.0000,0.0000,0.0000
Burst,22.62,2,0,0,0.0000,0.0000,0.0000,0.0000
Burst,22.62,2,1,0,0.0000,0.0000,0.0000,0.0000
Burst,22.62,2,2,0,0.0000,0.0000,0.0000,0.0000
Burst,22.62,3,0,0,0.0000,0.0000,0.0000,0.0000
Burst,22.62,3,1,0,0.0000,0.0000,0.0000,0.0000
Burst,22.62,3,2,0,0.0000,0.0000,0.0000,0.0000
Burst,22.62,4,0,0,0.0000,0.0000,0.0000,0.0000
Burst,22.62,4,1,0,0.0000,0.0000,0.0000,0.0000
Burst,22.62,4,2,0,0.0000,0.0000,0.0000,0.0000
Burst,22.62,5,0,0,0.0000,0.0000,0.0000,0.0000
Burst,22.62,5,1,0,0.0000,0.0000,0.0000,0.0000
Burst,22.62,5,2,0,0.0000,0.0000,0.0000,0.0000
Burst,22.62,6,0,0,0.0000,0.0000,0.0000,0.0000
Burst,22.62,6,1,0,0.0000,0.0000,0.0000,0.0000
Burst,22.62,6,2,0,0.0000,0.0000,0.0000,0.0000
Burst,22.62,7,0,0,0.0000,0.0000,0.0000,0.0000
Burst,22.62,7,1,0,0.0000,0.0000,0.0000,0.0000
Burst,22.62,7,2,0,0.0000,0.0000,0.0000,0.0000
Burst,22.62,8,0,0,0.0000,0.0000,0.0000,0.0000
Burst,22.62,8,1,0,0.0000,0.0000,0.0000,0.0000
Burst,22.62,8,2,0,0.0000,0.0000,0.0000,0.0000
Burst,22.62,9,0,0,0.0000,0.0000,0.0000,0.0000
Burst,22.62,9,1,3,0.0169,2.1210,-1.8870,-0.9598
Burst,22.62,9,2,1,0.0056,0.0000,0.0000,0.0000
Burst,22.62,10,0,0,0.0000,0.0000,0.0000,0.0000
Burst,22.62,10,1,0,0.0000,0.0000,0.0000,0.0000
Burst,22.62,10,2,0,0.0000,0.0000,0.0000,0.0000
Burst,22.62,11,0,0,0.0000,0.0000,0.0000,0.0000
Burst,22.62,11,1,0,0.0000,0.0000,0.0000,0.0000
Burst,22.62,11,2,0,0.0000,0.0000,0.0000,0.0000
Burst,22.62,12,0,0,0.0000,0.0000,0.0000,0.0000
Burst,22.62,12,1,4,0.0225,2.2290,-1.9394,-1.0363
Burst,22.62,12,2,0,0.0000,0.0000,0.0000,0.0000
Burst,22.62,13,0,0,0.0000,0.0000,0.0000,0.0000
Burst,22.62,13,1,0,0.0000,0.0000,0.0000,0.0000
Burst,22.62,13,2,0,0.0000,0.0000,0.0000,0.0000
Burst,22.62,14,0,0,0.0000,0.0000,0.0000,0.0000
Burst,22.62,14,1,0,0.0000,0.0000,0.0000,0.0000
Burst,22.62,14,2,0,0.0000,0.0000,0.0000,0.0000
Burst,22.62,15,0,0,0.0000,0.0000,0.0000,0.0000
Burst,22.62,15,1,2,0.0113,1.2681,1.2360,-0.2832
Burst,22.62,15,2,0,0.0000,0.0000,0.0000,0.0000
Burst,22.62,16,0,0,0.0000,0.0000,0.0000,0.0000
Burst,22.62,16,1,3,0.0169,2.5094,2.4246,-0.5081
Burst,22.62,16,2,0,0.0000,0.0000,0.0000,0.0000
Burst,22.62,17,0,0,0.0000,0.0000,0.0000,0.0000
Burst,22.62,17,1,0,0.0000,0.0000,0.0000,0.0000
Burst,22.62,17,2,0,0.0000,0.0000,0.0000,0.0000
Burst,22.62,18,0,0,0.0000,0.0000,0.0000,0.0000
Burst,22.62,18,1,0,0.0000,0.0000,0.0000,0.0000
Burst,22.62,18,2,0,0.0000,0.0000,0.0000,0.0000
Burst,22.62,19,0,0,0.0000,0.0000,0.0000,0.0000
Burst,22.62,19,1,4,0.0225,2.0394,1.9749,-0.3699
Burst,22.62,19,2,0,0.0000,0.0000,0.0000,0.0000
Burst,22.62,20,0,0,0.0000,0.0000,0.0000,0.0000
Burst,22.62,20,1,0,0.0000,0.0000,0.0000,0.0000
Burst,22.62,20,2,0,0.0000,0.0000,0.0000,0.0000
Burst,22.62,21,0,0,0.0000,0.0000,0.0000,0.0000
Burst,22.62,21,1,0,0.0000,0.0000,0.0000,0.0000
Burst,22.62,21,2,0,0.0000,0.0000,0.0000,0.0000
Burst,22.62,22,0,0,0.0000,0.0000,0.0000,0.0000
Burst,22.62,22,1,0,0.0000,0.0000,0.0000,0.0000
Burst,22.62,22,2,0,0.0000,0.0000,0.0000,0.0000
Burst,22.62,23,0,0,0.0000,0.0000,0.0000,0.0000
Burst,22.62,23,1,0,0.0000,0.0000,0.0000,0.0000
Burst,22.62,23,2,0,0.0000,0.0000,0.0000,0.0000
Burst,22.62,24,0,0,0.0000,0.0000,0.0000,0.0000
Burst,22.62,24,1,0,0.0000,0.0000,0.0000,0.0000
Burst,22.62,24,2,0,0.0000,0.0000,0.0000,0.0000
Burst,22.62,25,0,0,0.0000,0.0000,0.0000,0.0000
Burst,22.62,25,1,0,0.0000,0.0000,0.0000,0.0000
Burst,22.62,25,2,0,0.0000,0.0000,0.0000,0.0000
Burst,22.62,26,0,0,0.0000,0.0000,0.0000,0.0000
Burst,22.62,26,1,0,0.0000,0.0000,0.0000,0.0000
Burst,22.62,26,2,0,0.0000,0.0000,0.0000,0.0000
Burst,22.62,27,0,0,0.0000,0.0000,0.0000,0.0000
Burst,22.62,27,1,0,0.0000,0.0000,0.0000,0.0000
Burst,22.62,27,2,0,0.0000,0.0000,0.0000,0.0000
Burst,22.62,28,0,0,0.0000,0.0000,0.0000,0.0000
Burst,22.62,28,1,0,0.0000,0.0000,0.0000,0.0000
Burst,22.62,28,2,0,0.0000,0.0000,0.0000,0.0000
Burst,22.62,29,0,0,0.0000,0.0000,0.0000,0.0000
Burst,22.62,29,1,0,0.0000,0.0000,0.0000,0.0000
Burst,22.62,29,2,0,0.0000,0.0000,0.0000,0.0000
Burst,23.14,0,0,0,0.0000,0.0000,0.0000,0.0000
Burst,23.14,0,1,0,0.0000,0.0000,0.0000,0.0000
Burst,23.14,0,2,0,0.0000,0.0000,0.0000,0.0000
Burst,23.14,1,0,0,0.0000,0.0000,0.0000,0.0000
Burst,23.14,1,1,0,0.0000,0.0000,0.0000,0.0000
Burst,23.14,1,2,0,0.0000,0.0000,0.0000,0.0000
Burst,23.14,2,0,0,0.0000,0.0000,0.0000,0.0000
Burst,23.14,2,1,0,0.0000,0.0000,0.0000,0.0000
Burst,23.14,2,2,0,0.0000,0.0000,0.0000,0.0000
Burst,23.14,3,0,0,0.0000,0.0000,0.0000,0.0000
Burst,23.14,3,1,0,0.0000,0.0000,0.0000,0.0000
Burst,23.14,3,2,0,0.0000,0.0000,0.0000,0.0000
Burst,23.14,4,0,0,0.0000,0.0000,0.0000,0.0000
Burst,23.14,4,1,0,0.0000,0.0000,0.0000,0.0000
Burst,23.14,4,2,0,0.0000,0.0000,0.0000,0.0000
Burst,23.14,5,0,0,0.0000,0.0000,0.0000,0.0000
Burst,23.14,5,1,0,0.0000,0.0000,0.0000,0.0000
Burst,23.14,5,2,0,0.0000,0.0000,0.0000,0.0000
Burst,23.14,6,0,0,0.0000,0.0000,0.0000,0.0000
Burst,23.14,6,1,0,0.0000,0.0000,0.0000,0.0000
Burst,23.14,6,2,0,0.0000,0.0000,0.0000,0.0000
Burst,23.14,7,0,0,0.0000,0.0000,0.0000,0.0000
Burst,23.14,7,1,0,0.0000,0.0000,0.0000,0.0000
Burst,23.14,7,2,0,0.0000,0.0000,0.0000,0.0000
Burst,23.14,8,0,0,0.0000,0.0000,0.0000,0.0000
Burst,23.14,8,1,0,0.0000,0.0000,0.0000,0.0000
Burst,23.14,8,2,0,0.0000,0.0000,0.0000,0.0000
Burst,23.14,9,0,0,0.0000,0.0000,0.0000,0.0000
Burst,23.14,9,1,5,0.0281,1.5808,-1.4278,-0.6626
Burst,23.14,9,2,0,0.0000,0.0000,0.0000,0.0000
Burst,23.14,10,0,0,0.0000,0.0000,0.0000,0.0000
Burst,23.14,10,1,0,0.0000,0.0000,0.0000,0.0000
Burst,23.14,10,2,0,0.0000,0.0000,0.0000,0.0000
Burst,23.14,11,0,0,0.0000,0.0000,0.0000,0.0000
Burst,23.14,11,1,0,0.0000,0.0000,0.0000,0.0000
Burst,23.14,11,2,0,0.0000,0.0000,0.0000,0.0000
Burst,23.14,12,0,0,0.0000,0.0000,0.0000,0.0000
Burst,23.14,12,1,4,0.0225,1.9280,-1.6688,-0.9525
Burst,23.14,12,2,0,0.0000,0.0000,0.0000,0.0000
Burst,23.14,13,0,0,0.0000,0.0000,0.0000,0.0000
Burst,23.14,13,1,0,0.0000,0.0000,0.0000,0.0000
Burst,23.14,13,2,0,0.0000,0.0000,0.0000,0.0000
Burst,23.14,14,0,0,0.0000,0.0000,0.0000,0.0000
Burst,23.14,14,1,0,0.0000,0.0000,0.0000,0.0000
Burst,23.14,14,2,0,0.0000,0.0000,0.0000,0.0000
Burst,23.14,15,0,0,0.0000,0.0000,0.0000,0.0000
Burst,23.14,15,1,1,0.0056,2.3605,2.2714,-0.6423
Burst,23.14,15,2,0,0.0000,0.0000,0.0000,0.0000
Burst,23.14,16,0,0,0.0000,0.0000,0.0000,0.0000
Burst,23.14,16,1,4,0.0225,2.1137,2.0800,-0.3673
Burst,23.14,16,2,0,0.0000,0.0000,0.0000,0.0000
Burst,23.14,17,0,0,0.0000,0.0000,0.0000,0.0000
Burst,23.14,17,1,0,0.0000,0.0000,0.0000,0.0000
Burst,23.14,17,2,0,0.0000,0.0000,0.0000,0.0000
Burst,23.14,18,0,0,0.0000,0.0000,0.0000,0.0000
Burst,23.14,18,1,0,0.0000,0.0000,0.0000,0.0000
Burst,23.14,18,2,0,0.0000,0.0000,0.0000,0.0000
Burst,23.14,19,0,0,0.0000,0.0000,0.0000,0.0000
Burst,23.14,19,1,5,0.0281,1.7096,1.6810,-0.2422
Burst,23.14,19,2,0,0.0000,0.0000,0.0000,0.0000
Burst,23.14,20,0,0,0.0000,0.0000,0.0000,0.0000
Burst,23.14,20,1,0,0.0000,0.0000,0.0000,0.0000
Burst,23.14,20,2,0,0.0000,0.0000,0.0000,0.0000
Burst,23.14,21,0,0,0.0000,0.0000,0.0000,0.0000
Burst,23.14,21,1,0,0.0000,0.0000,0.0000,0.0000
Burst,23.14,21,2,0,0.0000,0.0000,0.0000,0.0000
Burst,23.14,22,0,0,0.0000,0.0000,0.0000,0.0000
Burst,23.14,22,1,0,0.0000,0.0000,0.0000,0.0000
Burst,23.14,22,2,0,0.0000,0.0000,0.0000,0.0000
Burst,23.14,23,0,0,0.0000,0.0000,0.0000,0.0000
Burst,23.14,23,1,0,0.0000,0.0000,0.0000,0.0000
Burst,23.14,23,2,0,0.0000,0.0000,0.0000,0.0000
Burst,23.14,24,0,0,0.0000,0.0000,0.0000,0.0000
Burst,23.14,24,1,0,0.0000,0.0000,0.0000,0.0000
Burst,23.14,24,2,0,0.0000,0.0000,0.0000,0.0000
Burst,23.14,25,0,0,0.0000,0.0000,0.0000,0.0000
Burst,23.14,25,1,0,0.0000,0.0000,0.0000,0.0000
Burst,23.14,25,2,0,0.0000,0.0000,0.0000,0.0000
Burst,23.14,26,0,0,0.0000,0.0000,0.0000,0.0000
Burst,23.14,26,1,0,0.0000,0.0000,0.0000,0.0000
Burst,23.14,26,2,0,0.0000,0.0000,0.0000,0.0000
Burst,23.14,27,0,0,0.0000,0.0000,0.0000,0.0000
Burst,23.14,27,1,0,0.0000,0.0000,0.0000,0.0000
Burst,23.14,27,2,0,0.0000,0.0000,0.0000,0.0000
Burst,23.14,28,0,0,0.0000,0.0000,0.0000,0.0000
Burst,23.14,28,1,0,0.0000,0.0000,0.0000,0.0000
Burst,23.14,28,2,0,0.0000,0.0000,0.0000,0.0000
Burst,23.14,29,0,0,0.0000,0.0000,0.0000,0.0000
Burst,23.14,29,1,0,0.0000,0.0000,0.0000,0.0000
Burst,23.14,29,2,0,0.0000,0.0000,0.0000,0.0000
Burst,23.64,0,0,0,0.0000,0.0000,0.0000,0.0000
Burst,23.64,0,1,0,0.0000,0.0000,0.0000,0.0000
Burst,23.64,0,2,0,0.0000,0.0000,0.0000,0.0000
Burst,23.64,1,0,0,0.0000,0.0000,0.0000,0.0000
Burst,23.64,1,1,0,0.0000,0.0000,0.0000,0.0000
Burst,23.64,1,2,0,0.0000,0.0000,0.0000,0.0000
Burst,23.64,2,0,0,0.0000,0.0000,0.0000,0.0000
Burst,23.64,2,1,0,0.0000,0.0000,0.0000,0.0000
Burst,23.64,2,2,0,0.0000,0.0000,0.0000,0.0000
Burst,23.64,3,0,0,0.0000,0.0000,0.0000,0.0000
Burst,23.64,3,1,0,0.0000,0.0000,0.0000,0.0000
Burst,23.64,3,2,0,0.0000,0.0000,0.0000,0.0000
Burst,23.64,4,0,0,0.0000,0.0000,0.0000,0.0000
Burst,23.64,4,1,0,0.0000,0.0000,0.0000,0.0000
Burst,23.64,4,2,0,0.0000,0.0000,0.0000,0.0000
Burst,23.64,5,0,0,0.0000,0.0000,0.0000,0.0000
Burst,23.64,5,1,0,0.0000,0.0000,0.0000,0.0000
Burst,23.64,5,2,0,0.0000,0.0000,0.0000,0.0000
Burst,23.64,6,0,0,0.0000,0.0000,0.0000,0.0000
Burst,23.64,6,1,0,0.0000,0.0000,0.0000,0.0000
Burst,23.64,6,2,0,0.0000,0.0000,0.0000,0.0000
Burst,23.64,7,0,0,0.0000,0.0000,0.0000,0.0000
Burst,23.64,7,1,0,0.0000,0.0000,0.0000,0.0000
Burst,23.64,7,2,0,0.0000,0.0000,0.0000,0.0000
Burst,23.64,8,0,0,0.0000,0.0000,0.0000,0.0000
Burst,23.64,8,1,0,0.0000,0.0000,0.0000,0.0000
Burst,23.64,8,2,0,0.0000,0.0000,0.0000,0.0000
Burst,23.64,9,0,0,0.0000,0.0000,0.0000,0.0000
Burst,23.64,9,1,6,0.0338,1.7660,-1.4651,-0.9654
Burst,23.64,9,2,0,0.0000,0.0000,0.0000,0.0000
Burst,23.64,10,0,0,0.0000,0.0000,0.0000,0.0000
Burst,23.64,10,1,0,0.0000,0.0000,0.0000,0.0000
Burst,23.64,10,2,0,0.0000,0.0000,0.0000,0.0000
Burst,23.64,11,0,0,0.0000,0.0000,0.0000,0.0000
Burst,23.64,11,1,0,0.0000,0.0000,0.0000,0.0000
Burst,23.64,11,2,0,0.0000,0.0000,0.0000,0.0000
Burst,23.64,12,0,0,0.0000,0.0000,0.0000,0.0000
Burst,23.64,12,1,5,0.0281,1.8184,-1.6845,-0.6332
Burst,23.64,12,2,0,0.0000,0.0000,0.0000,0.0000
Burst,23.64,13,0,0,0.0000,0.0000,0.0000,0.0000
Burst,23.64,13,1,0,0.0000,0.0000,0.0000,0.0000
Burst,23.64,13,2,0,0.0000,0.0000,0.0000,0.0000
Burst,23.64,14,0,0,0.0000,0.0000,0.0000,0.0000
Burst,23.64,14,1,0,0.0000,0.0000,0.0000,0.0000
Burst,23.64,14,2,0,0.0000,0.0000,0.0000,0.0000
Burst,23.64,15,0,0,0.0000,0.0000,0.0000,0.0000
Burst,23.64,15,1,0,0.0000,0.0000,0.0000,0.0000
Burst,23.64,15,2,0,0.0000,0.0000,0.0000,0.0000
Burst,23.64,16,0,0,0.0000,0.0000,0.0000,0.0000
Burst,23.64,16,1,5,0.0281,2.3468,2.2668,-0.5339
Burst,23.64,16,2,0,0.0000,0.0000,0.0000,0.0000
Burst,23.64,17,0,0,0.0000,0.0000,0.0000,0.0000
Burst,23.64,17,1,0,0.0000,0.0000,0.0000,0.0000
Burst,23.64,17,2,0,0.0000,0.0000,0.0000,0.0000
Burst,23.64,18,0,0,0.0000,0.0000,0.0000,0.0000
Burst,23.64,18,1,0,0.0000,0.0000,0.0000,0.0000
Burst,23.64,18,2,0,0.0000,0.0000,0.0000,0.0000
Burst,23.64,19,0,0,0.0000,0.0000,0.0000,0.0000
Burst,23.64,19,1,5,0.0281,2.3015,2.2598,-0.2950
Burst,23.64,19,2,0,0.0000,0.0000,0.0000,0.0000
Burst,23.64,20,0,0,0.0000,0.0000,0.0000,0.0000
Burst,23.64,20,1,0,0.0000,0.0000,0.0000,0.0000
Burst,23.64,20,2,0,0.0000,0.0000,0.0000,0.0000
Burst,23.64,21,0,0,0.0000,0.0000,0.0000,0.0000
Burst,23.64,21,1,0,0.0000,0.0000,0.0000,0.0000
Burst,23.64,21,2,0,0.0000,0.0000,0.0000,0.0000
Burst,23.64,22,0,0,0.0000,0.0000,0.0000,0.0000
Burst,23.64,22,1,0,0.0000,0.0000,0.0000,0.0000
Burst,23.64,22,2,0,0.0000,0.0000,0.0000,0.0000
Burst,23.64,23,0,0,0.0000,0.0000,0.0000,0.0000
Burst,23.64,23,1,0,0.0000,0.0000,0.0000,0.0000
Burst,23.64,23,2,0,0.0000,0.0000,0.0000,0.0000
Burst,23.64,24,0,0,0.0000,0.0000,0.0000,0.0000
Burst,23.64,24,1,0,0.0000,0.0000,0.0000,0.0000
Burst,23.64,24,2,0,0.0000,0.0000,0.0000,0.0000
Burst,23.64,25,0,0,0.0000,0.0000,0.0000,0.0000
Burst,23.64,25,1,0,0.0000,0.0000,0.0000,0.0000
Burst,23.64,25,2,0,0.0000,0.0000,0.0000,0.0000
Burst,23.64,26,0,0,0.0000,0.0000,0.0000,0.0000
Burst,23.64,26,1,0,0.0000,0.0000,0.0000,0.0000
Burst,23.64,26,2,0,0.0000,0.0000,0.0000,0.0000
Burst,23.64,27,0,0,0.0000,0.0000,0.0000,0.0000
Burst,23.64,27,1,0,0.0000,0.0000,0.0000,0.0000
Burst,23.64,27,2,0,0.0000,0.0000,0.0000,0.0000
Burst,23.64,28,0,0,0.0000,0.0000,0.0000,0.0000
Burst,23.64,28,1,0,0.0000,0.0000,0.0000,0.0000
Burst,23.64,28,2,0,0.0000,0.0000,0.0000,0.0000
Burst,23.64,29,0,0,0.0000,0.0000,0.0000,0.0000
Burst,23.64,29,1,0,0.0000,0.0000,0.0000,0.0000
Burst,23.64,29,2,0,0.0000,0.0000,0.0000,0.0000
Burst,24.17,0,0,0,0.0000,0.0000,0.0000,0.0000
Burst,24.17,0,1,0,0.0000,0.0000,0.0000,0.0000
Burst,24.17,0,2,0,0.0000,0.0000,0.0000,0.0000
Burst,24.17,1,0,0,0.0000,0.0000,0.0000,0.0000
Burst,24.17,1,1,0,0.0000,0.0000,0.0000,0.0000
Burst,24.17,1,2,0,0.0000,0.0000,0.0000,0.0000
Burst,24.17,2,0,0,0.0000,0.0000,0.0000,0.0000
Burst,24.17,2,1,0,0.0000,0.0000,0.0000,0.0000
Burst,24.17,2,2,0,0.0000,0.0000,0.0000,0.0000
Burst,24.17,3,0,0,0.0000,0.0000,0.0000,0.0000
Burst,24.17,3,1,0,0.0000,0.0000,0.0000,0.0000
Burst,24.17,3,2,0,0.0000,0.0000,0.0000,0.0000
Burst,24.17,4,0,0,0.0000,0.0000,0.0000,0.0000
Burst,24.17,4,1,0,0.0000,0.0000,0.0000,0.0000
Burst,24.17,4,2,0,0.0000,0.0000,0.0000,0.0000
Burst,24.17,5,0,0,0.0000,0.0000,0.0000,0.0000
Burst,24.17,5,1,0,0.0000,0.0000,0.0000,0.0000
Burst,24.17,5,2,0,0.0000,0.0000,0.0000,0.0000
Burst,24.17,6,0,0,0.0000,0.0000,0.0000,0.0000
Burst,24.17,6,1,0,0.0000,0.0000,0.0000,0.0000
Burst,24.17,6,2,0,0.0000,0.0000,0.0000,0.0000
Burst,24.17,7,0,0,0.0000,0.0000,0.0000,0.0000
Burst,24.17,7,1,0,0.0000,0.0000,0.0000,0.0000
Burst,24.17,7,2,0,0.0000,0.0000,0.0000,0.0000
Burst,24.17,8,0,0,0.0000,0.0000,0.0000,0.0000
Burst,24.17,8,1,2,0.0113,2.7431,-2.3450,-1.4024
Burst,24.17,8,2,0,0.0000,0.0000,0.0000,0.0000
Burst,24.17,9,0,0,0.0000,0.0000,0.0000,0.0000
Burst,24.17,9,1,5,0.0281,1.3403,-0.9789,-0.8791
Burst,24.17,9,2,0,0.0000,0.0000,0.0000,0.0000
Burst,24.17,10,0,0,0.0000,0.0000,0.0000,0.0000
Burst,24.17,10,1,0,0.0000,0.0000,0.0000,0.0000
Burst,24.17,10,2,0,0.0000,0.0000,0.0000,0.0000
Burst,24.17,11,0,0,0.0000,0.0000,0.0000,0.0000
Burst,24.17,11,1,1,0.0056,2.8863,-2.8102,-0.6583
Burst,24.17,11,2,0,0.0000,0.0000,0.0000,0.0000
Burst,24.17,12,0,0,0.0000,0.0000,0.0000,0.0000
Burst,24.17,12,1,6,0.0338,1.4606,-1.3753,-0.4700
Burst,24.17,12,2,0,0.0000,0.0000,0.0000,0.0000
Burst,24.17,13,0,0,0.0000,0.0000,0.0000,0.0000
Burst,24.17,13,1,0,0.0000,0.0000,0.0000,0.0000
Burst,24.17,13,2,0,0.0000,0.0000,0.0000,0.0000
Burst,24.17,14,0,0,0.0000,0.0000,0.0000,0.0000
Burst,24.17,14,1,0,0.0000,0.0000,0.0000,0.0000
Burst,24.17,14,2,0,0.0000,0.0000,0.0000,0.0000
Burst,24.17,15,0,0,0.0000,0.0000,0.0000,0.0000
Burst,24.17,15,1,0,0.0000,0.0000,0.0000,0.0000
Burst,24.17,15,2,2,0.0113,0.0000,0.0000,0.0000
Burst,24.17,16,0,0,0.0000,0.0000,0.0000,0.0000
Burst,24.17,16,1,5,0.0281,2.1220,2.0853,-0.3344
Burst,24.17,16,2,0,0.0000,0.0000,0.0000,0.0000
Burst,24.17,17,0,0,0.0000,0.0000,0.0000,0.0000
Burst,24.17,17,1,0,0.0000,0.0000,0.0000,0.0000
Burst,24.17,17,2,0,0.0000,0.0000,0.0000,0.0000
Burst,24.17,18,0,0,0.0000,0.0000,0.0000,0.0000
Burst,24.17,18,1,0,0.0000,0.0000,0.0000,0.0000
Burst,24.17,18,2,0,0.0000,0.0000,0.0000,0.0000
Burst,24.17,19,0,0,0.0000,0.0000,0.0000,0.0000
Burst,24.17,19,1,6,0.0338,2.0017,1.9500,-0.3914
Burst,24.17,19,2,0,0.0000,0.0000,0.0000,0.0000
Burst,24.17,20,0,0,0.0000,0.0000,0.0000,0.0000
Burst,24.17,20,1,0,0.0000,0.0000,0.0000,0.0000
Burst,24.17,20,2,0,0.0000,0.0000,0.0000,0.0000
Burst,24.17,21,0,0,0.0000,0.0000,0.0000,0.0000
Burst,24.17,21,1,0,0.0000,0.0000,0.0000,0.0000
Burst,24.17,21,2,0,0.0000,0.0000,0.0000,0.0000
Burst,24.17,22,0,0,0.0000,0.0000,0.0000,0.0000
Burst,24.17,22,1,0,0.0000,0.0000,0.0000,0.0000
Burst,24.17,22,2,0,0.0000,0.0000,0.0000,0.0000
Burst,24.17,23,0,0,0.0000,0.0000,0.0000,0.0000
Burst,24.17,23,1,0,0.0000,0.0000,0.0000,0.0000
Burst,24.17,23,2,0,0.0000,0.0000,0.0000,0.0000
Burst,24.17,24,0,0,0.0000,0.0000,0.0000,0.0000
Burst,24.17,24,1,0,0.0000,0.0000,0.0000,0.0000
Burst,24.17,24,2,0,0.0000,0.0000,0.0000,0.0000
Burst,24.17,25,0,0,0.0000,0.0000,0.0000,0.0000
Burst,24.17,25,1,0,0.0000,0.0000,0.0000,0.0000
Burst,24.17,25,2,0,0.0000,0.0000,0.0000,0.0000
Burst,24.17,26,0,0,0.0000,0.0000,0.0000,0.0000
Burst,24.17,26,1,0,0.0000,0.0000,0.0000,0.0000
Burst,24.17,26,2,0,0.0000,0.0000,0.0000,0.0000
Burst,24.17,27,0,0,0.0000,0.0000,0.0000,0.0000
Burst,24.17,27,1,0,0.0000,0.0000,0.0000,0.0000
Burst,24.17,27,2,0,0.0000,0.0000,0.0000,0.0000
Burst,24.17,28,0,0,0.0000,0.0000,0.0000,0.0000
Burst,24.17,28,1,0,0.0000,0.0000,0.0000,0.0000
Burst,24.17,28,2,0,0.0000,0.0000,0.0000,0.0000
Burst,24.17,29,0,0,0.0000,0.0000,0.0000,0.0000
Burst,24.17,29,1,0,0.0000,0.0000,0.0000,0.0000
Burst,24.17,29,2,0,0.0000,0.0000,0.0000,0.0000
Burst,24.69,0,0,0,0.0000,0.0000,0.0000,0.0000
Burst,24.69,0,1,0,0.0000,0.0000,0.0000,0.0000
Burst,24.69,0,2,0,0.0000,0.0000,0.0000,0.0000
Burst,24.69,1,0,0,0.0000,0.0000,0.0000,0.0000
Burst,24.69,1,1,0,0.0000,0.0000,0.0000,0.0000
Burst,24.69,1,2,0,0.0000,0.0000,0.0000,0.0000
Burst,24.69,2,0,0,0.0000,0.0000,0.0000,0.0000
Burst,24.69,2,1,0,0.0000,0.0000,0.0000,0.0000
Burst,24.69,2,2,0,0.0000,0.0000,0.0000,0.0000
Burst,24.69,3,0,0,0.0000,0.0000,0.0000,0.0000
Burst,24.69,3,1,0,0.0000,0.0000,0.0000,0.0000
Burst,24.69,3,2,0,0.0000,0.0000,0.0000,0.0000
Burst,24.69,4,0,0,0.0000,0.0000,0.0000,0.0000
Burst,24.69,4,1,0,0.0000,0.0000,0.0000,0.0000
Burst,24.69,4,2,0,0.0000,0.0000,0.0000,0.0000
Burst,24.69,5,0,0,0.0000,0.0000,0.0000,0.0000
Burst,24.69,5,1,0,0.0000,0.0000,0.0000,0.0000
Burst,24.69,5,2,0,0.0000,0.0000,0.0000,0.0000
Burst,24.69,6,0,0,0.0000,0.0000,0.0000,0.0000
Burst,24.69,6,1,0,0.0000,0.0000,0.0000,0.0000
Burst,24.69,6,2,0,0.0000,0.0000,0.0000,0.0000
Burst,24.69,7,0,0,0.0000,0.0000,0.0000,0.0000
Burst,24.69,7,1,0,0.0000,0.0000,0.0000,0.0000
Burst,24.69,7,2,0,0.0000,0.0000,0.0000,0.0000
Burst,24.69,8,0,0,0.0000,0.0000,0.0000,0.0000
Burst,24.69,8,1,2,0.0113,2.5602,-2.1563,-1.3618
Burst,24.69,8,2,0,0.0000,0.0000,0.0000,0.0000
Burst,24.69,9,0,0,0.0000,0.0000,0.0000,0.0000
Burst,24.69,9,1,5,0.0281,1.7839,-1.3574,-1.1444
Burst,24.69,9,2,0,0.0000,0.0000,0.0000,0.0000
Burst,24.69,10,0,0,0.0000,0.0000,0.0000,0.0000
Burst,24.69,10,1,0,0.0000,0.0000,0.0000,0.0000
Burst,24.69,10,2,0,0.0000,0.0000,0.0000,0.0000
Burst,24.69,11,0,0,0.0000,0.0000,0.0000,0.0000
Burst,24.69,11,1,1,0.0056,2.6986,-2.5482,-0.8883
Burst,24.69,11,2,0,0.0000,0.0000,0.0000,0.0000
Burst,24.69,12,0,0,0.0000,0.0000,0.0000,0.0000
Burst,24.69,12,1,6,0.0338,1.8981,-1.7313,-0.7439
Burst,24.69,12,2,1,0.0056,0.0000,0.0000,0.0000
Burst,24.69,13,0,0,0.0000,0.0000,0.0000,0.0000
Burst,24.69,13,1,0,0.0000,0.0000,0.0000,0.0000
Burst,24.69,13,2,0,0.0000,0.0000,0.0000,0.0000
Burst,24.69,14,0,0,0.0000,0.0000,0.0000,0.0000
Burst,24.69,14,1,0,0.0000,0.0000,0.0000,0.0000
Burst,24.69,14,2,0,0.0000,0.0000,0.0000,0.0000
Burst,24.69,15,0,0,0.0000,0.0000,0.0000,0.0000
Burst,24.69,15,1,0,0.0000,0.0000,0.0000,0.0000
Burst,24.69,15,2,2,0.0113,1.1651,1.1620,-0.0842
Burst,24.69,16,0,0,0.0000,0.0000,0.0000,0.0000
Burst,24.69,16,1,5,0.0281,2.2360,2.2135,-0.2952
Burst,24.69,16,2,1,0.0056,2.5304,2.5289,-0.0866
Burst,24.69,17,0,0,0.0000,0.0000,0.0000,0.0000
Burst,24.69,17,1,0,0.0000,0.0000,0.0000,0.0000
Burst,24.69,17,2,0,0.0000,0.0000,0.0000,0.0000
Burst,24.69,18,0,0,0.0000,0.0000,0.0000,0.0000
Burst,24.69,18,1,0,0.0000,0.0000,0.0000,0.0000
Burst,24.69,18,2,0,0.0000,0.0000,0.0000,0.0000
Burst,24.69,19,0,0,0.0000,0.0000,0.0000,0.0000
Burst,24.69,19,1,7,0.0394,2.0160,1.9666,-0.4141
Burst,24.69,19,2,0,0.0000,0.0000,0.0000,0.0000
Burst,24.69,20,0,0,0.0000,0.0000,0.0000,0.0000
Burst,24.69,20,1,0,0.0000,0.0000,0.0000,0.0000
Burst,24.69,20,2,0,0.0000,0.0000,0.0000,0.0000
Burst,24.69,21,0,0,0.0000,0.0000,0.0000,0.0000
Burst,24.69,21,1,0,0.0000,0.0000,0.0000,0.0000
Burst,24.69,21,2,0,0.0000,0.0000,0.0000,0.0000
Burst,24.69,22,0,0,0.0000,0.0000,0.0000,0.0000
Burst,24.69,22,1,0,0.0000,0.0000,0.0000,0.0000
Burst,24.69,22,2,0,0.0000,0.0000,0.0000,0.0000
Burst,24.69,23,0,0,0.0000,0.0000,0.0000,0.0000
Burst,24.69,23,1,0,0.0000,0.0000,0.0000,0.0000
Burst,24.69,23,2,0,0.0000,0.0000,0.0000,0.0000
Burst,24.69,24,0,0,0.0000,0.0000,0.0000,0.0000
Burst,24.69,24,1,0,0.0000,0.0000,0.0000,0.0000
Burst,24.69,24,2,0,0.0000,0.0000,0.0000,0.0000
Burst,24.69,25,0,0,0.0000,0.0000,0.0000,0.0000
Burst,24.69,25,1,0,0.0000,0.0000,0.0000,0.0000
Burst,24.69,25,2,0,0.0000,0.0000,0.0000,0.0000
Burst,24.69,26,0,0,0.0000,0.0000,0.0000,0.0000
Burst,24.69,26,1,0,0.0000,0.0000,0.0000,0.0000
Burst,24.69,26,2,0,0.0000,0.0000,0.0000,0.0000
Burst,24.69,27,0,0,0.0000,0.0000,0.0000,0.0000
Burst,24.69,27,1,0,0.0000,0.0000,0.0000,0.0000
Burst,24.69,27,2,0,0.0000,0.0000,0.0000,0.0000
Burst,24.69,28,0,0,0.0000,0.0000,0.0000,0.0000
Burst,24.69,28,1,0,0.0000,0.0000,0.0000,0.0000
Burst,24.69,28,2,0,0.0000,0.0000,0.0000,0.0000
Burst,24.69,29,0,0,0.0000,0.0000,0.0000,0.0000
Burst,24.69,29,1,0,0.0000,0.0000,0.0000,0.0000
Burst,24.69,29,2,0,0.0000,0.0000,0.0000,0.0000
Burst,25.20,0,0,0,0.0000,0.0000,0.0000,0.0000
Burst,25.20,0,1,0,0.0000,0.0000,0.0000,0.0000
Burst,25.20,0,2,0,0.0000,0.0000,0.0000,0.0000
Burst,25.20,1,0,0,0.0000,0.0000,0.0000,0.0000
Burst,25.20,1,1,0,0.0000,0.0000,0.0000,0.0000
Burst,25.20,1,2,0,0.0000,0.0000,0.0000,0.0000
Burst,25.20,2,0,0,0.0000,0.0000,0.0000,0.0000
Burst,25.20,2,1,0,0.0000,0.0000,0.0000,0.0000
Burst,25.20,2,2,0,0.0000,0.0000,0.0000,0.0000
Burst,25.20,3,0,0,0.0000,0.0000,0.0000,0.0000
Burst,25.20,3,1,0,0.0000,0.0000,0.0000,0.0000
Burst,25.20,3,2,0,0.0000,0.0000,0.0000,0.0000
Burst,25.20,4,0,0,0.0000,0.0000,0.0000,0.0000
Burst,25.20,4,1,0,0.0000,0.0000,0.0000,0.0000
Burst,25.20,4,2,0,0.0000,0.0000,0.0000,0.0000
Burst,25.20,5,0,0,0.0000,0.0000,0.0000,0.0000
Burst,25.20,5,1,0,0.0000,0.0000,0.0000,0.0000
Burst,25.20,5,2,0,0.0000,0.0000,0.0000,0.0000
Burst,25.20,6,0,0,0.0000,0.0000,0.0000,0.0000
Burst,25.20,6,1,0,0.0000,0.0000,0.0000,0.0000
Burst,25.20,6,2,0,0.0000,0.0000,0.0000,0.0000
Burst,25.20,7,0,0,0.0000,0.0000,0.0000,0.0000
Burst,25.20,7,1,0,0.0000,0.0000,0.0000,0.0000
Burst,25.20,7,2,0,0.0000,0.0000,0.0000,0.0000
Burst,25.20,8,0,0,0.0000,0.0000,0.0000,0.0000
Burst,25.20,8,1,2,0.0113,2.3007,-1.9396,-1.1982
Burst,25.20,8,2,0,0.0000,0.0000,0.0000,0.0000
Burst,25.20,9,0,0,0.0000,0.0000,0.0000,0.0000
Burst,25.20,9,1,6,0.0338,1.6040,-1.2560,-0.9810
Burst,25.20,9,2,0,0.0000,0.0000,0.0000,0.0000
Burst,25.20,10,0,0,0.0000,0.0000,0.0000,0.0000
Burst,25.20,10,1,0,0.0000,0.0000,0.0000,0.0000
Burst,25.20,10,2,0,0.0000,0.0000,0.0000,0.0000
Burst,25.20,11,0,0,0.0000,0.0000,0.0000,0.0000
Burst,25.20,11,1,2,0.0113,2.7909,-2.7414,-0.5184
Burst,25.20,11,2,0,0.0000,0.0000,0.0000,0.0000
Burst,25.20,12,0,0,0.0000,0.0000,0.0000,0.0000
Burst,25.20,12,1,6,0.0338,1.8841,-1.7219,-0.7244
Burst,25.20,12,2,1,0.0056,0.0000,0.0000,0.0000
Burst,25.20,13,0,0,0.0000,0.0000,0.0000,0.0000
Burst,25.20,13,1,0,0.0000,0.0000,0.0000,0.0000
Burst,25.20,13,2,0,0.0000,0.0000,0.0000,0.0000
Burst,25.20,14,0,0,0.0000,0.0000,0.0000,0.0000
Burst,25.20,14,1,0,0.0000,0.0000,0.0000,0.0000
Burst,25.20,14,2,0,0.0000,0.0000,0.0000,0.0000
Burst,25.20,15,0,0,0.0000,0.0000,0.0000,0.0000
Burst,25.20,15,1,0,0.0000,0.0000,0.0000,0.0000
Burst,25.20,15,2,1,0.0056,0.0000,0.0000,0.0000
Burst,25.20,16,0,0,0.0000,0.0000,0.0000,0.0000
Burst,25.20,16,1,6,0.0338,2.3577,2.3272,-0.2973
Burst,25.20,16,2,1,0.0056,2.5230,2.5153,-0.1973
Burst,25.20,17,0,0,0.0000,0.0000,0.0000,0.0000
Burst,25.20,17,1,0,0.0000,0.0000,0.0000,0.0000
Burst,25.20,17,2,0,0.0000,0.0000,0.0000,0.0000
Burst,25.20,18,0,0,0.0000,0.0000,0.0000,0.0000
Burst,25.20,18,1,0,0.0000,0.0000,0.0000,0.0000
Burst,25.20,18,2,0,0.0000,0.0000,0.0000,0.0000
Burst,25.20,19,0,0,0.0000,0.0000,0.0000,0.0000
Burst,25.20,19,1,8,0.0450,2.0143,1.9296,-0.5552
Burst,25.20,19,2,0,0.0000,0.0000,0.0000,0.0000
Burst,25.20,20,0,0,0.0000,0.0000,0.0000,0.0000
Burst,25.20,20,1,0,0.0000,0.0000,0.0000,0.0000
Burst,25.20,20,2,0,0.0000,0.0000,0.0000,0.0000
Burst,25.20,21,0,0,0.0000,0.0000,0.0000,0.0000
Burst,25.20,21,1,0,0.0000,0.0000,0.0000,0.0000
Burst,25.20,21,2,0,0.0000,0.0000,0.0000,0.0000
Burst,25.20,22,0,0,0.0000,0.0000,0.0000,0.0000
Burst,25.20,22,1,0,0.0000,0.0000,0.0000,0.0000
Burst,25.20,22,2,0,0.0000,0.0000,0.0000,0.0000
Burst,25.20,23,0,0,0.0000,0.0000,0.0000,0.0000
Burst,25.20,23,1,0,0.0000,0.0000,0.0000,0.0000
Burst,25.20,23,2,0,0.0000,0.0000,0.0000,0.0000
Burst,25.20,24,0,0,0.0000,0.0000,0.0000,0.0000
Burst,25.20,24,1,0,0.0000,0.0000,0.0000,0.0000
Burst,25.20,24,2,0,0.0000,0.0000,0.0000,0.0000
Burst,25.20,25,0,0,0.0000,0.0000,0.0000,0.0000
Burst,25.20,25,1,0,0.0000,0.0000,0.0000,0.0000
Burst,25.20,25,2,0,0.0000,0.0000,0.0000,0.0000
Burst,25.20,26,0,0,0.0000,0.0000,0.0000,0.0000
Burst,25.20,26,1,0,0.0000,0.0000,0.0000,0.0000
Burst,25.20,26,2,0,0.0000,0.0000,0.0000,0.0000
Burst,25.20,27,0,0,0.0000,0.0000,0.0000,0.0000
Burst,25.20,27,1,0,0.0000,0.0000,0.0000,0.0000
Burst,25.20,27,2,0,0.0000,0.0000,0.0000,0.0000
Burst,25.20,28,0,0,0.0000,0.0000,0.0000,0.0000
Burst,25.20,28,1,0,0.0000,0.0000,0.0000,0.0000
Burst,25.20,28,2,0,0.0000,0.0000,0.0000,0.0000
Burst,25.20,29,0,0,0.0000,0.0000,0.0000,0.0000
Burst,25.20,29,1,0,0.0000,0.0000,0.0000,0.0000
Burst,25.20,29,2,0,0.0000,0.0000,0.0000,0.0000
Burst,25.72,0,0,0,0.0000,0.0000,0.0000,0.0000
Burst,25.72,0,1,0,0.0000,0.0000,0.0000,0.0000
Burst,25.72,0,2,0,0.0000,0.0000,0.0000,0.0000
Burst,25.72,1,0,0,0.0000,0.0000,0.0000,0.0000
Burst,25.72,1,1,0,0.0000,0.0000,0.0000,0.0000
Burst,25.72,1,2,0,0.0000,0.0000,0.0000,0.0000
Burst,25.72,2,0,0,0.0000,0.0000,0.0000,0.0000
Burst,25.72,2,1,0,0.0000,0.0000,0.0000,0.0000
Burst,25.72,2,2,0,0.0000,0.0000,0.0000,0.0000
Burst,25.72,3,0,0,0.0000,0.0000,0.0000,0.0000
Burst,25.72,3,1,0,0.0000,0.0000,0.0000,0.0000
Burst,25.72,3,2,0,0.0000,0.0000,0.0000,0.0000
Burst,25.72,4,0,0,0.0000,0.0000,0.0000,0.0000
Burst,25.72,4,1,0,0.0000,0.0000,0.0000,0.0000
Burst,25.72,4,2,0,0.0000,0.0000,0.0000,0.0000
Burst,25.72,5,0,0,0.0000,0.0000,0.0000,0.0000
Burst,25.72,5,1,0,0.0000,0.0000,0.0000,0.0000
Burst,25.72,5,2,0,0.0000,0.0000,0.0000,0.0000
Burst,25.72,6,0,0,0.0000,0.0000,0.0000,0.0000
Burst,25.72,6,1,0,0.0000,0.0000,0.0000,0.0000
Burst,25.72,6,2,0,0.0000,0.0000,0.0000,0.0000
Burst,25.72,7,0,0,0.0000,0.0000,0.0000,0.0000
Burst,25.72,7,1,0,0.0000,0.0000,0.0000,0.0000
Burst,25.72,7,2,0,0.0000,0.0000,0.0000,0.0000
Burst,25.72,8,0,0,0.0000,0.0000,0.0000,0.0000
Burst,25.72,8,1,3,0.0169,2.0043,-1.6804,-1.0761
Burst,25.72,8,2,0,0.0000,0.0000,0.0000,0.0000
Burst,25.72,9,0,0,0.0000,0.0000,0.0000,0.0000
Burst,25.72,9,1,5,0.0281,2.0952,-1.6661,-1.2255
Burst,25.72,9,2,0,0.0000,0.0000,0.0000,0.0000
Burst,25.72,10,0,0,0.0000,0.0000,0.0000,0.0000
Burst,25.72,10,1,0,0.0000,0.0000,0.0000,0.0000
Burst,25.72,10,2,0,0.0000,0.0000,0.0000,0.0000
Burst,25.72,11,0,0,0.0000,0.0000,0.0000,0.0000
Burst,25.72,11,1,3,0.0169,2.5645,-2.4663,-0.6383
Burst,25.72,11,2,0,0.0000,0.0000,0.0000,0.0000
Burst,25.72,12,0,0,0.0000,0.0000,0.0000,0.0000
Burst,25.72,12,1,7,0.0394,1.7302,-1.5140,-0.6995
Burst,25.72,12,2,0,0.0000,0.0000,0.0000,0.0000
Burst,25.72,13,0,0,0.0000,0.0000,0.0000,0.0000
Burst,25.72,13,1,0,0.0000,0.0000,0.0000,0.0000
Burst,25.72,13,2,0,0.0000,0.0000,0.0000,0.0000
Burst,25.72,14,0,0,0.0000,0.0000,0.0000,0.0000
Burst,25.72,14,1,0,0.0000,0.0000,0.0000,0.0000
Burst,25.72,14,2,0,0.0000,0.0000,0.0000,0.0000
Burst,25.72,15,0,0,0.0000,0.0000,0.0000,0.0000
Burst,25.72,15,1,1,0.0056,0.0000,0.0000,0.0000
Burst,25.72,15,2,1,0.0056,2.7299,2.7299,-0.0034
Burst,25.72,16,0,0,0.0000,0.0000,0.0000,0.0000
Burst,25.72,16,1,6,0.0338,2.3812,2.3524,-0.3483
Burst,25.72,16,2,1,0.0056,2.3333,2.3330,0.0401
Burst,25.72,17,0,0,0.0000,0.0000,0.0000,0.0000
Burst,25.72,17,1,0,0.0000,0.0000,0.0000,0.0000
Burst,25.72,17,2,0,0.0000,0.0000,0.0000,0.0000
Burst,25.72,18,0,0,0.0000,0.0000,0.0000,0.0000
Burst,25.72,18,1,0,0.0000,0.0000,0.0000,0.0000
Burst,25.72,18,2,0,0.0000,0.0000,0.0000,0.0000
Burst,25.72,19,0,0,0.0000,0.0000,0.0000,0.0000
Burst,25.72,19,1,7,0.0394,2.1832,2.1165,-0.4685
Burst,25.72,19,2,0,0.0000,0.0000,0.0000,0.0000
Burst,25.72,20,0,0,0.0000,0.0000,0.0000,0.0000
Burst,25.72,20,1,1,0.0056,2.9242,2.8556,-0.6296
Burst,25.72,20,2,0,0.0000,0.0000,0.0000,0.0000
Burst,25.72,21,0,0,0.0000,0.0000,0.0000,0.0000
Burst,25.72,21,1,0,0.0000,0.0000,0.0000,0.0000
Burst,25.72,21,2,0,0.0000,0.0000,0.0000,0.0000
Burst,25.72,22,0,0,0.0000,0.0000,0.0000,0.0000
Burst,25.72,22,1,0,0.0000,0.0000,0.0000,0.0000
Burst,25.72,22,2,0,0.0000,0.0000,0.0000,0.0000
Burst,25.72,23,0,0,0.0000,0.0000,0.0000,0.0000
Burst,25.72,23,1,0,0.0000,0.0000,0.0000,0.0000
Burst,25.72,23,2,0,0.0000,0.0000,0.0000,0.0000
Burst,25.72,24,0,0,0.0000,0.0000,0.0000,0.0000
Burst,25.72,24,1,0,0.0000,0.0000,0.0000,0.0000
Burst,25.72,24,2,0,0.0000,0.0000,0.0000,0.0000
Burst,25.72,25,0,0,0.0000,0.0000,0.0000,0.0000
Burst,25.72,25,1,0,0.0000,0.0000,0.0000,0.0000
Burst,25.72,25,2,0,0.0000,0.0000,0.0000,0.0000
Burst,25.72,26,0,0,0.0000,0.0000,0.0000,0.0000
Burst,25.72,26,1,0,0.0000,0.0000,0.0000,0.0000
Burst,25.72,26,2,0,0.0000,0.0000,0.0000,0.0000
Burst,25.72,27,0,0,0.0000,0.0000,0.0000,0.0000
Burst,25.72,27,1,0,0.0000,0.0000,0.0000,0.0000
Burst,25.72,27,2,0,0.0000,0.0000,0.0000,0.0000
Burst,25.72,28,0,0,0.0000,0.0000,0.0000,0.0000
Burst,25.72,28,1,0,0.0000,0.0000,0.0000,0.0000
Burst,25.72,28,2,0,0.0000,0.0000,0.0000,0.0000
Burst,25.72,29,0,0,0.0000,0.0000,0.0000,0.0000
Burst,25.72,29,1,0,0.0000,0.0000,0.0000,0.0000
Burst,25.72,29,2,0,0.0000,0.0000,0.0000,0.0000
Burst,26.22,0,0,0,0.0000,0.0000,0.0000,0.0000
Burst,26.22,0,1,0,0.0000,0.0000,0.0000,0.0000
Burst,26.22,0,2,0,0.0000,0.0000,0.0000,0.0000
Burst,26.22,1,0,0,0.0000,0.0000,0.0000,0.0000
Burst,26.22,1,1,0,0.0000,0.0000,0.0000,0.0000
Burst,26.22,1,2,0,0.0000,0.0000,0.0000,0.0000
Burst,26.22,2,0,0,0.0000,0.0000,0.0000,0.0000
Burst,26.22,2,1,0,0.0000,0.0000,0.0000,0.0000
Burst,26.22,2,2,0,0.0000,0.0000,0.0000,0.0000
Burst,26.22,3,0,0,0.0000,0.0000,0.0000,0.0000
Burst,26.22,3,1,0,0.0000,0.0000,0.0000,0.0000
Burst,26.22,3,2,0,0.0000,0.0000,0.0000,0.0000
Burst,26.22,4,0,0,0.0000,0.0000,0.0000,0.0000
Burst,26.22,4,1,0,0.0000,0.0000,0.0000,0.0000
Burst,26.22,4,2,0,0.0000,0.0000,0.0000,0.0000
Burst,26.22,5,0,0,0.0000,0.0000,0.0000,0.0000
Burst,26.22,5,1,0,0.0000,0.0000,0.0000,0.0000
Burst,26.22,5,2,0,0.0000,0.0000,0.0000,0.0000
Burst,26.22,6,0,0,0.0000,0.0000,0.0000,0.0000
Burst,26.22,6,1,0,0.0000,0.0000,0.0000,0.0000
Burst,26.22,6,2,0,0.0000,0.0000,0.0000,0.0000
Burst,26.22,7,0,0,0.0000,0.0000,0.0000,0.0000
Burst,26.22,7,1,0,0.0000,0.0000,0.0000,0.0000
Burst,26.22,7,2,0,0.0000,0.0000,0.0000,0.0000
Burst,26.22,8,0,0,0.0000,0.0000,0.0000,0.0000
Burst,26.22,8,1,5,0.0281,2.2062,-1.8386,-0.9946
Burst,26.22,8,2,0,0.0000,0.0000,0.0000,0.0000
Burst,26.22,9,0,0,0.0000,0.0000,0.0000,0.0000
Burst,26.22,9,1,4,0.0225,1.5203,-1.2791,-0.8186
Burst,26.22,9,2,0,0.0000,0.0000,0.0000,0.0000
Burst,26.22,10,0,0,0.0000,0.0000,0.0000,0.0000
Burst,26.22,10,1,0,0.0000,0.0000,0.0000,0.0000
Burst,26.22,10,2,0,0.0000,0.0000,0.0000,0.0000
Burst,26.22,11,0,0,0.0000,0.0000,0.0000,0.0000
Burst,26.22,11,1,3,0.0169,2.8024,-2.7291,-0.5853
Burst,26.22,11,2,0,0.0000,0.0000,0.0000,0.0000
Burst,26.22,12,0,0,0.0000,0.0000,0.0000,0.0000
Burst,26.22,12,1,8,0.0450,1.8538,-1.6003,-0.8700
Burst,26.22,12,2,0,0.0000,0.0000,0.0000,0.0000
Burst,26.22,13,0,0,0.0000,0.0000,0.0000,0.0000
Burst,26.22,13,1,0,0.0000,0.0000,0.0000,0.0000
Burst,26.22,13,2,0,0.0000,0.0000,0.0000,0.0000
Burst,26.22,14,0,0,0.0000,0.0000,0.0000,0.0000
Burst,26.22,14,1,0,0.0000,0.0000,0.0000,0.0000
Burst,26.22,14,2,0,0.0000,0.0000,0.0000,0.0000
Burst,26.22,15,0,0,0.0000,0.0000,0.0000,0.0000
Burst,26.22,15,1,2,0.0113,1.1583,1.1575,-0.0418
Burst,26.22,15,2,1,0.0056,0.0000,0.0000,0.0000
Burst,26.22,16,0,0,0.0000,0.0000,0.0000,0.0000
Burst,26.22,16,1,6,0.0338,2.3943,2.3606,-0.3647
Burst,26.22,16,2,2,0.0113,2.5919,2.5910,0.0561
Burst,26.22,17,0,0,0.0000,0.0000,0.0000,0.0000
Burst,26.22,17,1,0,0.0000,0.0000,0.0000,0.0000
Burst,26.22,17,2,0,0.0000,0.0000,0.0000,0.0000
Burst,26.22,18,0,0,0.0000,0.0000,0.0000,0.0000
Burst,26.22,18,1,0,0.0000,0.0000,0.0000,0.0000
Burst,26.22,18,2,0,0.0000,0.0000,0.0000,0.0000
Burst,26.22,19,0,0,0.0000,0.0000,0.0000,0.0000
Burst,26.22,19,1,8,0.0450,2.0617,1.9889,-0.4769
Burst,26.22,19,2,0,0.0000,0.0000,0.0000,0.0000
Burst,26.22,20,0,0,0.0000,0.0000,0.0000,0.0000
Burst,26.22,20,1,1,0.0056,2.7774,2.7634,-0.2781
Burst,26.22,20,2,0,0.0000,0.0000,0.0000,0.0000
Burst,26.22,21,0,0,0.0000,0.0000,0.0000,0.0000
Burst,26.22,21,1,0,0.0000,0.0000,0.0000,0.0000
Burst,26.22,21,2,0,0.0000,0.0000,0.0000,0.0000
Burst,26.22,22,0,0,0.0000,0.0000,0.0000,0.0000
Burst,26.22,22,1,0,0.0000,0.0000,0.0000,0.0000
Burst,26.22,22,2,0,0.0000,0.0000,0.0000,0.0000
Burst,26.22,23,0,0,0.0000,0.0000,0.0000,0.0000
Burst,26.22,23,1,0,0.0000,0.0000,0.0000,0.0000
Burst,26.22,23,2,0,0.0000,0.0000,0.0000,0.0000
Burst,26.22,24,0,0,0.0000,0.0000,0.0000,0.0000
Burst,26.22,24,1,0,0.0000,0.0000,0.0000,0.0000
Burst,26.22,24,2,0,0.0000,0.0000,0.0000,0.0000
Burst,26.22,25,0,0,0.0000,0.0000,0.0000,0.0000
Burst,26.22,25,1,0,0.0000,0.0000,0.0000,0.0000
Burst,26.22,25,2,0,0.0000,0.0000,0.0000,0.0000
Burst,26.22,26,0,0,0.0000,0.0000,0.0000,0.0000
Burst,26.22,26,1,0,0.0000,0.0000,0.0000,0.0000
Burst,26.22,26,2,0,0.0000,0.0000,0.0000,0.0000
Burst,26.22,27,0,0,0.0000,0.0000,0.0000,0.0000
Burst,26.22,27,1,0,0.0000,0.0000,0.0000,0.0000
Burst,26.22,27,2,0,0.0000,0.0000,0.0000,0.0000
Burst,26.22,28,0,0,0.0000,0.0000,0.0000,0.0000
Burst,26.22,28,1,0,0.0000,0.0000,0.0000,0.0000
Burst,26.22,28,2,0,0.0000,0.0000,0.0000,0.0000
Burst,26.22,29,0,0,0.0000,0.0000,0.0000,0.0000
Burst,26.22,29,1,0,0.0000,0.0000,0.0000,0.0000
Burst,26.22,29,2,0,0.0000,0.0000,0.0000,0.0000
Burst,26.73,0,0,0,0.0000,0.0000,0.0000,0.0000
Burst,26.73,0,1,0,0.0000,0.0000,0.0000,0.0000
Burst,26.73,0,2,0,0.0000,0.0000,0.0000,0.0000
Burst,26.73,1,0,0,0.0000,0.0000,0.0000,0.0000
Burst,26.73,1,1,0,0.0000,0.0000,0.0000,0.0000
Burst,26.73,1,2,0,0.0000,0.0000,0.0000,0.0000
Burst,26.73,2,0,0,0.0000,0.0000,0.0000,0.0000
Burst,26.73,2,1,0,0.0000,0.0000,0.0000,0.0000
Burst,26.73,2,2,0,0.0000,0.0000,0.0000,0.0000
Burst,26.73,3,0,0,0.0000,0.0000,0.0000,0.0000
Burst,26.73,3,1,0,0.0000,0.0000,0.0000,0.0000
Burst,26.73,3,2,0,0.0000,0.0000,0.0000,0.0000
Burst,26.73,4,0,0,0.0000,0.0000,0.0000,0.0000
Burst,26.73,4,1,0,0.0000,0.0000,0.0000,0.0000
Burst,26.73,4,2,0,0.0000,0.0000,0.0000,0.0000
Burst,26.73,5,0,0,0.0000,0.0000,0.0000,0.0000
Burst,26.73,5,1,0,0.0000,0.0000,0.0000,0.0000
Burst,26.73,5,2,0,0.0000,0.0000,0.0000,0.0000
Burst,26.73,6,0,0,0.0000,0.0000,0.0000,0.0000
Burst,26.73,6,1,0,0.0000,0.0000,0.0000,0.0000
Burst,26.73,6,2,0,0.0000,0.0000,0.0000,0.0000
Burst,26.73,7,0,0,0.0000,0.0000,0.0000,0.0000
Burst,26.73,7,1,0,0.0000,0.0000,0.0000,0.0000
Burst,26.73,7,2,0,0.0000,0.0000,0.0000,0.0000
Burst,26.73,8,0,0,0.0000,0.0000,0.0000,0.0000
Burst,26.73,8,1,6,0.0338,2.3299,-2.0356,-0.9188
Burst,26.73,8,2,0,0.0000,0.0000,0.0000,0.0000
Burst,26.73,9,0,0,0.0000,0.0000,0.0000,0.0000
Burst,26.73,9,1,4,0.0225,1.2943,-1.1354,-0.5833
Burst,26.73,9,2,0,0.0000,0.0000,0.0000,0.0000
Burst,26.73,10,0,0,0.0000,0.0000,0.0000,0.0000
Burst,26.73,10,1,0,0.0000,0.0000,0.0000,0.0000
Burst,26.73,10,2,0,0.0000,0.0000,0.0000,0.0000
Burst,26.73,11,0,0,0.0000,0.0000,0.0000,0.0000
Burst,26.73,11,1,4,0.0225,2.6182,-2.5249,-0.6135
Burst,26.73,11,2,0,0.0000,0.0000,0.0000,0.0000
Burst,26.73,12,0,0,0.0000,0.0000,0.0000,0.0000
Burst,26.73,12,1,8,0.0450,1.7513,-1.5909,-0.6669
Burst,26.73,12,2,0,0.0000,0.0000,0.0000,0.0000
Burst,26.73,13,0,0,0.0000,0.0000,0.0000,0.0000
Burst,26.73,13,1,0,0.0000,0.0000,0.0000,0.0000
Burst,26.73,13,2,0,0.0000,0.0000,0.0000,0.0000
Burst,26.73,14,0,0,0.0000,0.0000,0.0000,0.0000
Burst,26.73,14,1,0,0.0000,0.0000,0.0000,0.0000
Burst,26.73,14,2,0,0.0000,0.0000,0.0000,0.0000
Burst,26.73,15,0,0,0.0000,0.0000,0.0000,0.0000
Burst,26.73,15,1,1,0.0056,1.9135,1.8772,-0.3711
Burst,26.73,15,2,2,0.0113,1.1579,1.1551,0.0805
Burst,26.73,16,0,0,0.0000,0.0000,0.0000,0.0000
Burst,26.73,16,1,7,0.0394,2.3288,2.2935,-0.3383
Burst,26.73,16,2,1,0.0056,2.3182,2.3099,-0.1959
Burst,26.73,17,0,0,0.0000,0.0000,0.0000,0.0000
Burst,26.73,17,1,1,0.0056,2.6288,2.6221,0.1874
Burst,26.73,17,2,0,0.0000,0.0000,0.0000,0.0000
Burst,26.73,18,0,0,0.0000,0.0000,0.0000,0.0000
Burst,26.73,18,1,0,0.0000,0.0000,0.0000,0.0000
Burst,26.73,18,2,0,0.0000,0.0000,0.0000,0.0000
Burst,26.73,19,0,0,0.0000,0.0000,0.0000,0.0000
Burst,26.73,19,1,8,0.0450,1.9701,1.8698,-0.5635
Burst,26.73,19,2,0,0.0000,0.0000,0.0000,0.0000
Burst,26.73,20,0,0,0.0000,0.0000,0.0000,0.0000
Burst,26.73,20,1,2,0.0113,2.6335,2.5344,-0.5853
Burst,26.73,20,2,0,0.0000,0.0000,0.0000,0.0000
Burst,26.73,21,0,0,0.0000,0.0000,0.0000,0.0000
Burst,26.73,21,1,0,0.0000,0.0000,0.0000,0.0000
Burst,26.73,21,2,0,0.0000,0.0000,0.0000,0.0000
Burst,26.73,22,0,0,0.0000,0.0000,0.0000,0.0000
Burst,26.73,22,1,0,0.0000,0.0000,0.0000,0.0000
Burst,26.73,22,2,0,0.0000,0.0000,0.0000,0.0000
Burst,26.73,23,0,0,0.0000,0.0000,0.0000,0.0000
Burst,26.73,23,1,0,0.0000,0.0000,0.0000,0.0000
Burst,26.73,23,2,0,0.0000,0.0000,0.0000,0.0000
Burst,26.73,24,0,0,0.0000,0.0000,0.0000,0.0000
Burst,26.73,24,1,0,0.0000,0.0000,0.0000,0.0000
Burst,26.73,24,2,0,0.0000,0.0000,0.0000,0.0000
Burst,26.73,25,0,0,0.0000,0.0000,0.0000,0.0000
Burst,26.73,25,1,0,0.0000,0.0000,0.0000,0.0000
Burst,26.73,25,2,0,0.0000,0.0000,0.0000,0.0000
Burst,26.73,26,0,0,0.0000,0.0000,0.0000,0.0000
Burst,26.73,26,1,0,0.0000,0.0000,0.0000,0.0000
Burst,26.73,26,2,0,0.0000,0.0000,0.0000,0.0000
Burst,26.73,27,0,0,0.0000,0.0000,0.0000,0.0000
Burst,26.73,27,1,0,0.0000,0.0000,0.0000,0.0000
Burst,26.73,27,2,0,0.0000,0.0000,0.0000,0.0000
Burst,26.73,28,0,0,0.0000,0.0000,0.0000,0.0000
Burst,26.73,28,1,0,0.0000,0.0000,0.0000,0.0000
Burst,26.73,28,2,0,0.0000,0.0000,0.0000,0.0000
Burst,26.73,29,0,0,0.0000,0.0000,0.0000,0.0000
Burst,26.73,29,1,0,0.0000,0.0000,0.0000,0.0000
Burst,26.73,29,2,0,0.0000,0.0000,0.0000,0.0000
Burst,27.25,0,0,0,0.0000,0.0000,0.0000,0.0000
Burst,27.25,0,1,0,0.0000,0.0000,0.0000,0.0000
Burst,27.25,0,2,0,0.0000,0.0000,0.0000,0.0000
Burst,27.25,1,0,0,0.0000,0.0000,0.0000,0.0000
Burst,27.25,1,1,0,0.0000,0.0000,0.0000,0.0000
Burst,27.25,1,2,0,0.0000,0.0000,0.0000,0.0000
Burst,27.25,2,0,0,0.0000,0.0000,0.0000,0.0000
Burst,27.25,2,1,0,0.0000,0.0000,0.0000,0.0000
Burst,27.25,2,2,0,0.0000,0.0000,0.0000,0.0000
Burst,27.25,3,0,0,0.0000,0.0000,0.0000,0.0000
Burst,27.25,3,1,0,0.0000,0.0000,0.0000,0.0000
Burst,27.25,3,2,0,0.0000,0.0000,0.0000,0.0000
Burst,27.25,4,0,0,0.0000,0.0000,0.0000,0.0000
Burst,27.25,4,1,0,0.0000,0.0000,0.0000,0.0000
Burst,27.25,4,2,0,0.0000,0.0000,0.0000,0.0000
Burst,27.25,5,0,0,0.0000,0.0000,0.0000,0.0000
Burst,27.25,5,1,0,0.0000,0.0000,0.0000,0.0000
Burst,27.25,5,2,0,0.0000,0.0000,0.0000,0.0000
Burst,27.25,6,0,0,0.0000,0.0000,0.0000,0.0000
Burst,27.25,6,1,0,0.0000,0.0000,0.0000,0.0000
Burst,27.25,6,2,0,0.0000,0.0000,0.0000,0.0000
Burst,27.25,7,0,0,0.0000,0.0000,0.0000,0.0000
Burst,27.25,7,1,0,0.0000,0.0000,0.0000,0.0000
Burst,27.25,7,2,0,0.0000,0.0000,0.0000,0.0000
Burst,27.25,8,0,0,0.0000,0.0000,0.0000,0.0000
Burst,27.25,8,1,6,0.0338,2.2491,-2.0735,-0.6368
Burst,27.25,8,2,0,0.0000,0.0000,0.0000,0.0000
Burst,27.25,9,0,0,0.0000,0.0000,0.0000,0.0000
Burst,27.25,9,1,5,0.0281,1.5562,-1.2922,-0.8576
Burst,27.25,9,2,0,0.0000,0.0000,0.0000,0.0000
Burst,27.25,10,0,0,0.0000,0.0000,0.0000,0.0000
Burst,27.25,10,1,0,0.0000,0.0000,0.0000,0.0000
Burst,27.25,10,2,0,0.0000,0.0000,0.0000,0.0000
Burst,27.25,11,0,0,0.0000,0.0000,0.0000,0.0000
Burst,27.25,11,1,5,0.0281,2.5940,-2.5554,-0.2806
Burst,27.25,11,2,0,0.0000,0.0000,0.0000,0.0000
Burst,27.25,12,0,0,0.0000,0.0000,0.0000,0.0000
Burst,27.25,12,1,7,0.0394,2.1117,-1.8465,-0.9567
Burst,27.25,12,2,0,0.0000,0.0000,0.0000,0.0000
Burst,27.25,13,0,0,0.0000,0.0000,0.0000,0.0000
Burst,27.25,13,1,0,0.0000,0.0000,0.0000,0.0000
Burst,27.25,13,2,0,0.0000,0.0000,0.0000,0.0000
Burst,27.25,14,0,0,0.0000,0.0000,0.0000,0.0000
Burst,27.25,14,1,0,0.0000,0.0000,0.0000,0.0000
Burst,27.25,14,2,0,0.0000,0.0000,0.0000,0.0000
Burst,27.25,15,0,0,0.0000,0.0000,0.0000,0.0000
Burst,27.25,15,1,1,0.0056,1.8475,1.8449,-0.0993
Burst,27.25,15,2,2,0.0113,0.8448,0.8444,0.0264
Burst,27.25,16,0,0,0.0000,0.0000,0.0000,0.0000
Burst,27.25,16,1,8,0.0450,2.1276,2.0824,-0.4008
Burst,27.25,16,2,0,0.0000,0.0000,0.0000,0.0000
Burst,27.25,17,0,0,0.0000,0.0000,0.0000,0.0000
Burst,27.25,17,1,2,0.0113,2.4998,2.4791,-0.3148
Burst,27.25,17,2,0,0.0000,0.0000,0.0000,0.0000
Burst,27.25,18,0,0,0.0000,0.0000,0.0000,0.0000
Burst,27.25,18,1,0,0.0000,0.0000,0.0000,0.0000
Burst,27.25,18,2,0,0.0000,0.0000,0.0000,0.0000
Burst,27.25,19,0,0,0.0000,0.0000,0.0000,0.0000
Burst,27.25,19,1,9,0.0506,1.9621,1.9089,-0.3981
Burst,27.25,19,2,0,0.0000,0.0000,0.0000,0.0000
Burst,27.25,20,0,0,0.0000,0.0000,0.0000,0.0000
Burst,27.25,20,1,2,0.0113,2.8846,2.8433,-0.4669
Burst,27.25,20,2,0,0.0000,0.0000,0.0000,0.0000
Burst,27.25,21,0,0,0.0000,0.0000,0.0000,0.0000
Burst,27.25,21,1,0,0.0000,0.0000,0.0000,0.0000
Burst,27.25,21,2,0,0.0000,0.0000,0.0000,0.0000
Burst,27.25,22,0,0,0.0000,0.0000,0.0000,0.0000
Burst,27.25,22,1,0,0.0000,0.0000,0.0000,0.0000
Burst,27.25,22,2,0,0.0000,0.0000,0.0000,0.0000
Burst,27.25,23,0,0,0.0000,0.0000,0.0000,0.0000
Burst,27.25,23,1,0,0.0000,0.0000,0.0000,0.0000
Burst,27.25,23,2,0,0.0000,0.0000,0.0000,0.0000
Burst,27.25,24,0,0,0.0000,0.0000,0.0000,0.0000
Burst,27.25,24,1,0,0.0000,0.0000,0.0000,0.0000
Burst,27.25,24,2,0,0.0000,0.0000,0.0000,0.0000
Burst,27.25,25,0,0,0.0000,0.0000,0.0000,0.0000
Burst,27.25,25,1,0,0.0000,0.0000,0.0000,0.0000
Burst,27.25,25,2,0,0.0000,0.0000,0.0000,0.0000
Burst,27.25,26,0,0,0.0000,0.0000,0.0000,0.0000
Burst,27.25,26,1,0,0.0000,0.0000,0.0000,0.0000
Burst,27.25,26,2,0,0.0000,0.0000,0.0000,0.0000
Burst,27.25,27,0,0,0.0000,0.0000,0.0000,0.0000
Burst,27.25,27,1,0,0.0000,0.0000,0.0000,0.0000
Burst,27.25,27,2,0,0.0000,0.0000,0.0000,0.0000
Burst,27.25,28,0,0,0.0000,0.0000,0.0000,0.0000
Burst,27.25,28,1,0,0.0000,0.0000,0.0000,0.0000
Burst,27.25,28,2,0,0.0000,0.0000,0.0000,0.0000
Burst,27.25,29,0,0,0.0000,0.0000,0.0000,0.0000
Burst,27.25,29,1,0,0.0000,0.0000,0.0000,0.0000
Burst,27.25,29,2,0,0.0000,0.0000,0.0000,0.0000
Burst,27.75,0,0,0,0.0000,0.0000,0.0000,0.0000
Burst,27.75,0,1,0,0.0000,0.0000,0.0000,0.0000
Burst,27.75,0,2,0,0.0000,0.0000,0.0000,0.0000
Burst,27.75,1,0,0,0.0000,0.0000,0.0000,0.0000
Burst,27.75,1,1,0,0.0000,0.0000,0.0000,0.0000
Burst,27.75,1,2,0,0.0000,0.0000,0.0000,0.0000
Burst,27.75,2,0,0,0.0000,0.0000,0.0000,0.0000
Burst,27.75,2,1,0,0.0000,0.0000,0.0000,0.0000
Burst,27.75,2,2,0,0.0000,0.0000,0.0000,0.0000
Burst,27.75,3,0,0,0.0000,0.0000,0.0000,0.0000
Burst,27.75,3,1,0,0.0000,0.0000,0.0000,0.0000
Burst,27.75,3,2,0,0.0000,0.0000,0.0000,0.0000
Burst,27.75,4,0,0,0.0000,0.0000,0.0000,0.0000
Burst,27.75,4,1,0,0.0000,0.0000,0.0000,0.0000
Burst,27.75,4,2,0,0.0000,0.0000,0.0000,0.0000
Burst,27.75,5,0,0,0.0000,0.0000,0.0000,0.0000
Burst,27.75,5,1,0,0.0000,0.0000,0.0000,0.0000
Burst,27.75,5,2,0,0.0000,0.0000,0.0000,0.0000
Burst,27.75,6,0,0,0.0000,0.0000,0.0000,0.0000
Burst,27.75,6,1,0,0.0000,0.0000,0.0000,0.0000
Burst,27.75,6,2,0,0.0000,0.0000,0.0000,0.0000
Burst,27.75,7,0,0,0.0000,0.0000,0.0000,0.0000
Burst,27.75,7,1,0,0.0000,0.0000,0.0000,0.0000
Burst,27.75,7,2,0,0.0000,0.0000,0.0000,0.0000
Burst,27.75,8,0,0,0.0000,0.0000,0.0000,0.0000
Burst,27.75,8,1,7,0.0394,2.2498,-2.1584,-0.4883
Burst,27.75,8,2,0,0.0000,0.0000,0.0000,0.0000
Burst,27.75,9,0,0,0.0000,0.0000,0.0000,0.0000
Burst,27.75,9,1,4,0.0225,1.9454,-1.6461,-1.0280
Burst,27.75,9,2,1,0.0056,0.0000,0.0000,0.0000
Burst,27.75,10,0,0,0.0000,0.0000,0.0000,0.0000
Burst,27.75,10,1,0,0.0000,0.0000,0.0000,0.0000
Burst,27.75,10,2,0,0.0000,0.0000,0.0000,0.0000
Burst,27.75,11,0,0,0.0000,0.0000,0.0000,0.0000
Burst,27.75,11,1,5,0.0281,2.5419,-2.4602,-0.3915
Burst,27.75,11,2,0,0.0000,0.0000,0.0000,0.0000
Burst,27.75,12,0,0,0.0000,0.0000,0.0000,0.0000
Burst,27.75,12,1,8,0.0450,1.8141,-1.6585,-0.7004
Burst,27.75,12,2,0,0.0000,0.0000,0.0000,0.0000
Burst,27.75,13,0,0,0.0000,0.0000,0.0000,0.0000
Burst,27.75,13,1,0,0.0000,0.0000,0.0000,0.0000
Burst,27.75,13,2,0,0.0000,0.0000,0.0000,0.0000
Burst,27.75,14,0,0,0.0000,0.0000,0.0000,0.0000
Burst,27.75,14,1,0,0.0000,0.0000,0.0000,0.0000
Burst,27.75,14,2,0,0.0000,0.0000,0.0000,0.0000
Burst,27.75,15,0,0,0.0000,0.0000,0.0000,0.0000
Burst,27.75,15,1,0,0.0000,0.0000,0.0000,0.0000
Burst,27.75,15,2,1,0.0056,2.2081,2.2075,-0.0495
Burst,27.75,16,0,0,0.0000,0.0000,0.0000,0.0000
Burst,27.75,16,1,7,0.0394,2.2761,2.2338,-0.3559
Burst,27.75,16,2,3,0.0169,2.1620,2.1577,0.1187
Burst,27.75,17,0,0,0.0000,0.0000,0.0000,0.0000
Burst,27.75,17,1,2,0.0113,2.5993,2.5693,-0.3778
Burst,27.75,17,2,0,0.0000,0.0000,0.0000,0.0000
Burst,27.75,18,0,0,0.0000,0.0000,0.0000,0.0000
Burst,27.75,18,1,0,0.0000,0.0000,0.0000,0.0000
Burst,27.75,18,2,0,0.0000,0.0000,0.0000,0.0000
Burst,27.75,19,0,0,0.0000,0.0000,0.0000,0.0000
Burst,27.75,19,1,8,0.0450,2.1692,2.0865,-0.5088
Burst,27.75,19,2,0,0.0000,0.0000,0.0000,0.0000
Burst,27.75,20,0,0,0.0000,0.0000,0.0000,0.0000
Burst,27.75,20,1,3,0.0169,2.7850,2.7276,-0.4023
Burst,27.75,20,2,0,0.0000,0.0000,0.0000,0.0000
Burst,27.75,21,0,0,0.0000,0.0000,0.0000,0.0000
Burst,27.75,21,1,0,0.0000,0.0000,0.0000,0.0000
Burst,27.75,21,2,0,0.0000,0.0000,0.0000,0.0000
Burst,27.75,22,0,0,0.0000,0.0000,0.0000,0.0000
Burst,27.75,22,1,0,0.0000,0.0000,0.0000,0.0000
Burst,27.75,22,2,0,0.0000,0.0000,0.0000,0.0000
Burst,27.75,23,0,0,0.0000,0.0000,0.0000,0.0000
Burst,27.75,23,1,0,0.0000,0.0000,0.0000,0.0000
Burst,27.75,23,2,0,0.0000,0.0000,0.0000,0.0000
Burst,27.75,24,0,0,0.0000,0.0000,0.0000,0.0000
Burst,27.75,24,1,0,0.0000,0.0000,0.0000,0.0000
Burst,27.75,24,2,0,0.0000,0.0000,0.0000,0.0000
Burst,27.75,25,0,0,0.0000,0.0000,0.0000,0.0000
Burst,27.75,25,1,0,0.0000,0.0000,0.0000,0.0000
Burst,27.75,25,2,0,0.0000,0.0000,0.0000,0.0000
Burst,27.75,26,0,0,0.0000,0.0000,0.0000,0.0000
Burst,27.75,26,1,0,0.0000,0.0000,0.0000,0.0000
Burst,27.75,26,2,0,0.0000,0.0000,0.0000,0.0000
Burst,27.75,27,0,0,0.0000,0.0000,0.0000,0.0000
Burst,27.75,27,1,0,0.0000,0.0000,0.0000,0.0000
Burst,27.75,27,2,0,0.0000,0.0000,0.0000,0.0000
Burst,27.75,28,0,0,0.0000,0.0000,0.0000,0.0000
Burst,27.75,28,1,0,0.0000,0.0000,0.0000,0.0000
Burst,27.75,28,2,0,0.0000,0.0000,0.0000,0.0000
Burst,27.75,29,0,0,0.0000,0.0000,0.0000,0.0000
Burst,27.75,29,1,0,0.0000,0.0000,0.0000,0.0000
Burst,27.75,29,2,0,0.0000,0.0000,0.0000,0.0000
Burst,28.28,0,0,0,0.0000,0.0000,0.0000,0.0000
Burst,28.28,0,1,0,0.0000,0.0000,0.0000,0.0000
Burst,28.28,0,2,0,0.0000,0.0000,0.0000,0.0000
Burst,28.28,1,0,0,0.0000,0.0000,0.0000,0.0000
Burst,28.28,1,1,0,0.0000,0.0000,0.0000,0.0000
Burst,28.28,1,2,0,0.0000,0.0000,0.0000,0.0000
Burst,28.28,2,0,0,0.0000,0.0000,0.0000,0.0000
Burst,28.28,2,1,0,0.0000,0.0000,0.0000,0.0000
Burst,28.28,2,2,0,0.0000,0.0000,0.0000,0.0000
Burst,28.28,3,0,0,0.0000,0.0000,0.0000,0.0000
Burst,28.28,3,1,0,0.0000,0.0000,0.0000,0.0000
Burst,28.28,3,2,0,0.0000,0.0000,0.0000,0.0000
Burst,28.28,4,0,0,0.0000,0.0000,0.0000,0.0000
Burst,28.28,4,1,0,0.0000,0.0000,0.0000,0.0000
Burst,28.28,4,2,0,0.0000,0.0000,0.0000,0.0000
Burst,28.28,5,0,0,0.0000,0.0000,0.0000,0.0000
Burst,28.28,5,1,0,0.0000,0.0000,0.0000,0.0000
Burst,28.28,5,2,0,0.0000,0.0000,0.0000,0.0000
Burst,28.28,6,0,0,0.0000,0.0000,0.0000,0.0000
Burst,28.28,6,1,0,0.0000,0.0000,0.0000,0.0000
Burst,28.28,6,2,0,0.0000,0.0000,0.0000,0.0000
Burst,28.28,7,0,0,0.0000,0.0000,0.0000,0.0000
Burst,28.28,7,1,0,0.0000,0.0000,0.0000,0.0000
Burst,28.28,7,2,0,0.0000,0.0000,0.0000,0.0000
Burst,28.28,8,0,0,0.0000,0.0000,0.0000,0.0000
Burst,28.28,8,1,8,0.0450,2.4530,-2.3739,-0.4707
Burst,28.28,8,2,0,0.0000,0.0000,0.0000,0.0000
Burst,28.28,9,0,0,0.0000,0.0000,0.0000,0.0000
Burst,28.28,9,1,4,0.0225,1.7511,-1.4555,-0.9399
Burst,28.28,9,2,1,0.0056,0.0000,0.0000,0.0000
Burst,28.28,10,0,0,0.0000,0.0000,0.0000,0.0000
Burst,28.28,10,1,0,0.0000,0.0000,0.0000,0.0000
Burst,28.28,10,2,0,0.0000,0.0000,0.0000,0.0000
Burst,28.28,11,0,0,0.0000,0.0000,0.0000,0.0000
Burst,28.28,11,1,7,0.0394,2.5855,-2.4968,-0.6335
Burst,28.28,11,2,0,0.0000,0.0000,0.0000,0.0000
Burst,28.28,12,0,0,0.0000,0.0000,0.0000,0.0000
Burst,28.28,12,1,7,0.0394,1.7254,-1.5644,-0.6648
Burst,28.28,12,2,0,0.0000,0.0000,0.0000,0.0000
Burst,28.28,13,0,0,0.0000,0.0000,0.0000,0.0000
Burst,28.28,13,1,0,0.0000,0.0000,0.0000,0.0000
Burst,28.28,13,2,0,0.0000,0.0000,0.0000,0.0000
Burst,28.28,14,0,0,0.0000,0.0000,0.0000,0.0000
Burst,28.28,14,1,0,0.0000,0.0000,0.0000,0.0000
Burst,28.28,14,2,0,0.0000,0.0000,0.0000,0.0000
Burst,28.28,15,0,0,0.0000,0.0000,0.0000,0.0000
Burst,28.28,15,1,1,0.0056,0.0000,0.0000,0.0000
Burst,28.28,15,2,1,0.0056,0.0000,0.0000,0.0000
Burst,28.28,16,0,0,0.0000,0.0000,0.0000,0.0000
Burst,28.28,16,1,8,0.0450,2.1153,2.0915,-0.2056
Burst,28.28,16,2,3,0.0169,2.1002,2.0979,0.0003
Burst,28.28,17,0,0,0.0000,0.0000,0.0000,0.0000
Burst,28.28,17,1,2,0.0113,2.8829,2.8552,-0.3971
Burst,28.28,17,2,0,0.0000,0.0000,0.0000,0.0000
Burst,28.28,18,0,0,0.0000,0.0000,0.0000,0.0000
Burst,28.28,18,1,0,0.0000,0.0000,0.0000,0.0000
Burst,28.28,18,2,0,0.0000,0.0000,0.0000,0.0000
Burst,28.28,19,0,0,0.0000,0.0000,0.0000,0.0000
Burst,28.28,19,1,9,0.0506,1.9243,1.8695,-0.4175
Burst,28.28,19,2,0,0.0000,0.0000,0.0000,0.0000
Burst,28.28,20,0,0,0.0000,0.0000,0.0000,0.0000
Burst,28.28,20,1,3,0.0169,2.6703,2.6005,-0.5240
Burst,28.28,20,2,0,0.0000,0.0000,0.0000,0.0000
Burst,28.28,21,0,0,0.0000,0.0000,0.0000,0.0000
Burst,28.28,21,1,0,0.0000,0.0000,0.0000,0.0000
Burst,28.28,21,2,0,0.0000,0.0000,0.0000,0.0000
Burst,28.28,22,0,0,0.0000,0.0000,0.0000,0.0000
Burst,28.28,22,1,0,0.0000,0.0000,0.0000,0.0000
Burst,28.28,22,2,0,0.0000,0.0000,0.0000,0.0000
Burst,28.28,23,0,0,0.0000,0.0000,0.0000,0.0000
Burst,28.28,23,1,0,0.0000,0.0000,0.0000,0.0000
Burst,28.28,23,2,0,0.0000,0.0000,0.0000,0.0000
Burst,28.28,24,0,0,0.0000,0.0000,0.0000,0.0000
Burst,28.28,24,1,0,0.0000,0.0000,0.0000,0.0000
Burst,28.28,24,2,0,0.0000,0.0000,0.0000,0.0000
Burst,28.28,25,0,0,0.0000,0.0000,0.0000,0.0000
Burst,28.28,25,1,0,0.0000,0.0000,0.0000,0.0000
Burst,28.28,25,2,0,0.0000,0.0000,0.0000,0.0000
Burst,28.28,26,0,0,0.0000,0.0000,0.0000,0.0000
Burst,28.28,26,1,0,0.0000,0.0000,0.0000,0.0000
Burst,28.28,26,2,0,0.0000,0.0000,0.0000,0.0000
Burst,28.28,27,0,0,0.0000,0.0000,0.0000,0.0000
Burst,28.28,27,1,0,0.0000,0.0000,0.0000,0.0000
Burst,28.28,27,2,0,0.0000,0.0000,0.0000,0.0000
Burst,28.28,28,0,0,0.0000,0.0000,0.0000,0.0000
Burst,28.28,28,1,0,0.0000,0.0000,0.0000,0.0000
Burst,28.28,28,2,0,0.0000,0.0000,0.0000,0.0000
Burst,28.28,29,0,0,0.0000,0.0000,0.0000,0.0000
Burst,28.28,29,1,0,0.0000,0.0000,0.0000,0.0000
Burst,28.28,29,2,0,0.0000,0.0000,0.0000,0.0000
Burst,28.80,0,0,0,0.0000,0.0000,0.0000,0.0000
Burst,28.80,0,1,0,0.0000,0.0000,0.0000,0.0000
Burst,28.80,0,2,0,0.0000,0.0000,0.0000,0.0000
Burst,28.80,1,0,0,0.0000,0.0000,0.0000,0.0000
Burst,28.80,1,1,0,0.0000,0.0000,0.0000,0.0000
Burst,28.80,1,2,0,0.0000,0.0000,0.0000,0.0000
Burst,28.80,2,0,0,0.0000,0.0000,0.0000,0.0000
Burst,28.80,2,1,0,0.0000,0.0000,0.0000,0.0000
Burst,28.80,2,2,0,0.0000,0.0000,0.0000,0.0000
Burst,28.80,3,0,0,0.0000,0.0000,0.0000,0.0000
Burst,28.80,3,1,0,0.0000,0.0000,0.0000,0.0000
Burst,28.80,3,2,0,0.0000,0.0000,0.0000,0.0000
Burst,28.80,4,0,0,0.0000,0.0000,0.0000,0.0000
Burst,28.80,4,1,0,0.0000,0.0000,0.0000,0.0000
Burst,28.80,4,2,0,0.0000,0.0000,0.0000,0.0000
Burst,28.80,5,0,0,0.0000,0.0000,0.0000,0.0000
Burst,28.80,5,1,0,0.0000,0.0000,0.0000,0.0000
Burst,28.80,5,2,0,0.0000,0.0000,0.0000,0.0000
Burst,28.80,6,0,0,0.0000,0.0000,0.0000,0.0000
Burst,28.80,6,1,0,0.0000,0.0000,0.0000,0.0000
Burst,28.80,6,2,0,0.0000,0.0000,0.0000,0.0000
Burst,28.80,7,0,0,0.0000,0.0000,0.0000,0.0000
Burst,28.80,7,1,0,0.0000,0.0000,0.0000,0.0000
Burst,28.80,7,2,0,0.0000,0.0000,0.0000,0.0000
Burst,28.80,8,0,0,0.0000,0.0000,0.0000,0.0000
Burst,28.80,8,1,8,0.0450,2.5177,-2.4225,-0.5621
Burst,28.80,8,2,0,0.0000,0.0000,0.0000,0.0000
Burst,28.80,9,0,0,0.0000,0.0000,0.0000,0.0000
Burst,28.80,9,1,6,0.0338,1.5742,-1.3373,-0.8173
Burst,28.80,9,2,0,0.0000,0.0000,0.0000,0.0000
Burst,28.80,10,0,0,0.0000,0.0000,0.0000,0.0000
Burst,28.80,10,1,1,0.0056,2.8222,-2.8222,-0.0035
Burst,28.80,10,2,0,0.0000,0.0000,0.0000,0.0000
Burst,28.80,11,0,0,0.0000,0.0000,0.0000,0.0000
Burst,28.80,11,1,6,0.0338,2.5022,-2.3246,-0.8897
Burst,28.80,11,2,0,0.0000,0.0000,0.0000,0.0000
Burst,28.80,12,0,0,0.0000,0.0000,0.0000,0.0000
Burst,28.80,12,1,8,0.0450,1.6941,-1.4649,-0.7683
Burst,28.80,12,2,1,0.0056,0.0000,0.0000,0.0000
Burst,28.80,13,0,0,0.0000,0.0000,0.0000,0.0000
Burst,28.80,13,1,0,0.0000,0.0000,0.0000,0.0000
Burst,28.80,13,2,0,0.0000,0.0000,0.0000,0.0000
Burst,28.80,14,0,0,0.0000,0.0000,0.0000,0.0000
Burst,28.80,14,1,0,0.0000,0.0000,0.0000,0.0000
Burst,28.80,14,2,0,0.0000,0.0000,0.0000,0.0000
Burst,28.80,15,0,0,0.0000,0.0000,0.0000,0.0000
Burst,28.80,15,1,1,0.0056,2.2676,2.2057,-0.5262
Burst,28.80,15,2,1,0.0056,2.1565,2.1555,0.0648
Burst,28.80,16,0,0,0.0000,0.0000,0.0000,0.0000
Burst,28.80,16,1,9,0.0506,2.1825,2.1486,-0.3474
Burst,28.80,16,2,0,0.0000,0.0000,0.0000,0.0000
Burst,28.80,17,0,0,0.0000,0.0000,0.0000,0.0000
Burst,28.80,17,1,3,0.0169,2.5445,2.5153,-0.3791
Burst,28.80,17,2,0,0.0000,0.0000,0.0000,0.0000
Burst,28.80,18,0,0,0.0000,0.0000,0.0000,0.0000
Burst,28.80,18,1,0,0.0000,0.0000,0.0000,0.0000
Burst,28.80,18,2,0,0.0000,0.0000,0.0000,0.0000
Burst,28.80,19,0,0,0.0000,0.0000,0.0000,0.0000
Burst,28.80,19,1,9,0.0506,1.9538,1.8929,-0.4659
Burst,28.80,19,2,0,0.0000,0.0000,0.0000,0.0000
Burst,28.80,20,0,0,0.0000,0.0000,0.0000,0.0000
Burst,28.80,20,1,4,0.0225,2.5699,2.5465,-0.3151
Burst,28.80,20,2,0,0.0000,0.0000,0.0000,0.0000
Burst,28.80,21,0,0,0.0000,0.0000,0.0000,0.0000
Burst,28.80,21,1,0,0.0000,0.0000,0.0000,0.0000
Burst,28.80,21,2,0,0.0000,0.0000,0.0000,0.0000
Burst,28.80,22,0,0,0.0000,0.0000,0.0000,0.0000
Burst,28.80,22,1,0,0.0000,0.0000,0.0000,0.0000
Burst,28.80,22,2,0,0.0000,0.0000,0.0000,0.0000
Burst,28.80,23,0,0,0.0000,0.0000,0.0000,0.0000
Burst,28.80,23,1,0,0.0000,0.0000,0.0000,0.0000
Burst,28.80,23,2,0,0.0000,0.0000,0.0000,0.0000
Burst,28.80,24,0,0,0.0000,0.0000,0.0000,0.0000
Burst,28.80,24,1,0,0.0000,0.0000,0.0000,0.0000
Burst,28.80,24,2,0,0.0000,0.0000,0.0000,0.0000
Burst,28.80,25,0,0,0.0000,0.0000,0.0000,0.0000
Burst,28.80,25,1,0,0.0000,0.0000,0.0000,0.0000
Burst,28.80,25,2,0,0.0000,0.0000,0.0000,0.0000
Burst,28.80,26,0,0,0.0000,0.0000,0.0000,0.0000
Burst,28.80,26,1,0,0.0000,0.0000,0.0000,0.0000
Burst,28.80,26,2,0,0.0000,0.0000,0.0000,0.0000
Burst,28.80,27,0,0,0.0000,0.0000,0.0000,0.0000
Burst,28.80,27,1,0,0.0000,0.0000,0.0000,0.0000
Burst,28.80,27,2,0,0.0000,0.0000,0.0000,0.0000
Burst,28.80,28,0,0,0.0000,0.0000,0.0000,0.0000
Burst,28.80,28,1,0,0.0000,0.0000,0.0000,0.0000
Burst,28.80,28,2,0,0.0000,0.0000,0.0000,0.0000
Burst,28.80,29,0,0,0.0000,0.0000,0.0000,0.0000
Burst,28.80,29,1,0,0.0000,0.0000,0.0000,0.0000
Burst,28.80,29,2,0,0.0000,0.0000,0.0000,0.0000
Burst,29.33,0,0,0,0.0000,0.0000,0.0000,0.0000
Burst,29.33,0,1,0,0.0000,0.0000,0.0000,0.0000
Burst,29.33,0,2,0,0.0000,0.0000,0.0000,0.0000
Burst,29.33,1,0,0,0.0000,0.0000,0.0000,0.0000
Burst,29.33,1,1,0,0.0000,0.0000,0.0000,0.0000
Burst,29.33,1,2,0,0.0000,0.0000,0.0000,0.0000
Burst,29.33,2,0,0,0.0000,0.0000,0.0000,0.0000
Burst,29.33,2,1,0,0.0000,0.0000,0.0000,0.0000
Burst,29.33,2,2,0,0.0000,0.0000,0.0000,0.0000
Burst,29.33,3,0,0,0.0000,0.0000,0.0000,0.0000
Burst,29.33,3,1,0,0.0000,0.0000,0.0000,0.0000
Burst,29.33,3,2,0,0.0000,0.0000,0.0000,0.0000
Burst,29.33,4,0,0,0.0000,0.0000,0.0000,0.0000
Burst,29.33,4,1,0,0.0000,0.0000,0.0000,0.0000
Burst,29.33,4,2,0,0.0000,0.0000,0.0000,0.0000
Burst,29.33,5,0,0,0.0000,0.0000,0.0000,0.0000
Burst,29.33,5,1,0,0.0000,0.0000,0.0000,0.0000
Burst,29.33,5,2,0,0.0000,0.0000,0.0000,0.0000
Burst,29.33,6,0,0,0.0000,0.0000,0.0000,0.0000
Burst,29.33,6,1,0,0.0000,0.0000,0.0000,0.0000
Burst,29.33,6,2,0,0.0000,0.0000,0.0000,0.0000
Burst,29.33,7,0,0,0.0000,0.0000,0.0000,0.0000
Burst,29.33,7,1,1,0.0056,2.5049,-2.5029,0.0990
Burst,29.33,7,2,0,0.0000,0.0000,0.0000,0.0000
Burst,29.33,8,0,0,0.0000,0.0000,0.0000,0.0000
Burst,29.33,8,1,8,0.0450,2.3026,-2.1505,-0.6307
Burst,29.33,8,2,0,0.0000,0.0000,0.0000,0.0000
Burst,29.33,9,0,0,0.0000,0.0000,0.0000,0.0000
Burst,29.33,9,1,5,0.0281,1.8756,-1.5598,-1.0153
Burst,29.33,9,2,1,0.0056,0.0000,0.0000,0.0000
Burst,29.33,10,0,0,0.0000,0.0000,0.0000,0.0000
Burst,29.33,10,1,1,0.0056,2.7760,-2.7672,-0.2202
Burst,29.33,10,2,0,0.0000,0.0000,0.0000,0.0000
Burst,29.33,11,0,0,0.0000,0.0000,0.0000,0.0000
Burst,29.33,11,1,7,0.0394,2.4990,-2.3430,-0.8473
Burst,29.33,11,2,0,0.0000,0.0000,0.0000,0.0000
Burst,29.33,12,0,0,0.0000,0.0000,0.0000,0.0000
Burst,29.33,12,1,8,0.0450,1.9035,-1.6930,-0.8076
Burst,29.33,12,2,0,0.0000,0.0000,0.0000,0.0000
Burst,29.33,13,0,0,0.0000,0.0000,0.0000,0.0000
Burst,29.33,13,1,0,0.0000,0.0000,0.0000,0.0000
Burst,29.33,13,2,0,0.0000,0.0000,0.0000,0.0000
Burst,29.33,14,0,0,0.0000,0.0000,0.0000,0.0000
Burst,29.33,14,1,0,0.0000,0.0000,0.0000,0.0000
Burst,29.33,14,2,0,0.0000,0.0000,0.0000,0.0000
Burst,29.33,15,0,0,0.0000,0.0000,0.0000,0.0000
Burst,29.33,15,1,1,0.0056,0.0000,0.0000,0.0000
Burst,29.33,15,2,1,0.0056,2.1540,2.1540,0.0014
Burst,29.33,16,0,0,0.0000,0.0000,0.0000,0.0000
Burst,29.33,16,1,8,0.0450,2.0909,2.0555,-0.3420
Burst,29.33,16,2,1,0.0056,1.7573,1.7550,0.0895
Burst,29.33,17,0,0,0.0000,0.0000,0.0000,0.0000
Burst,29.33,17,1,4,0.0225,2.5330,2.5091,-0.2719
Burst,29.33,17,2,0,0.0000,0.0000,0.0000,0.0000
Burst,29.33,18,0,0,0.0000,0.0000,0.0000,0.0000
Burst,29.33,18,1,1,0.0056,0.0000,0.0000,0.0000
Burst,29.33,18,2,0,0.0000,0.0000,0.0000,0.0000
Burst,29.33,19,0,0,0.0000,0.0000,0.0000,0.0000
Burst,29.33,19,1,8,0.0450,2.1249,2.0297,-0.5697
Burst,29.33,19,2,0,0.0000,0.0000,0.0000,0.0000
Burst,29.33,20,0,0,0.0000,0.0000,0.0000,0.0000
Burst,29.33,20,1,5,0.0281,2.3113,2.2556,-0.4698
Burst,29.33,20,2,0,0.0000,0.0000,0.0000,0.0000
Burst,29.33,21,0,0,0.0000,0.0000,0.0000,0.0000
Burst,29.33,21,1,0,0.0000,0.0000,0.0000,0.0000
Burst,29.33,21,2,0,0.0000,0.0000,0.0000,0.0000
Burst,29.33,22,0,0,0.0000,0.0000,0.0000,0.0000
Burst,29.33,22,1,0,0.0000,0.0000,0.0000,0.0000
Burst,29.33,22,2,0,0.0000,0.0000,0.0000,0.0000
Burst,29.33,23,0,0,0.0000,0.0000,0.0000,0.0000
Burst,29.33,23,1,0,0.0000,0.0000,0.0000,0.0000
Burst,29.33,23,2,0,0.0000,0.0000,0.0000,0.0000
Burst,29.33,24,0,0,0.0000,0.0000,0.0000,0.0000
Burst,29.33,24,1,0,0.0000,0.0000,0.0000,0.0000
Burst,29.33,24,2,0,0.0000,0.0000,0.0000,0.0000
Burst,29.33,25,0,0,0.0000,0.0000,0.0000,0.0000
Burst,29.33,25,1,0,0.0000,0.0000,0.0000,0.0000
Burst,29.33,25,2,0,0.0000,0.0000,0.0000,0.0000
Burst,29.33,26,0,0,0.0000,0.0000,0.0000,0.0000
Burst,29.33,26,1,0,0.0000,0.0000,0.0000,0.0000
Burst,29.33,26,2,0,0.0000,0.0000,0.0000,0.0000
Burst,29.33,27,0,0,0.0000,0.0000,0.0000,0.0000
Burst,29.33,27,1,0,0.0000,0.0000,0.0000,0.0000
Burst,29.33,27,2,0,0.0000,0.0000,0.0000,0.0000
Burst,29.33,28,0,0,0.0000,0.0000,0.0000,0.0000
Burst,29.33,28,1,0,0.0000,0.0000,0.0000,0.0000
Burst,29.33,28,2,0,0.0000,0.0000,0.0000,0.0000
Burst,29.33,29,0,0,0.0000,0.0000,0.0000,0.0000
Burst,29.33,29,1,0,0.0000,0.0000,0.0000,0.0000
Burst,29.33,29,2,0,0.0000,0.0000,0.0000,0.0000
Burst,29.85,0,0,0,0.0000,0.0000,0.0000,0.0000
Burst,29.85,0,1,0,0.0000,0.0000,0.0000,0.0000
Burst,29.85,0,2,0,0.0000,0.0000,0.0000,0.0000
Burst,29.85,1,0,0,0.0000,0.0000,0.0000,0.0000
Burst,29.85,1,1,0,0.0000,0.0000,0.0000,0.0000
Burst,29.85,1,2,0,0.0000,0.0000,0.0000,0.0000
Burst,29.85,2,0,0,0.0000,0.0000,0.0000,0.0000
Burst,29.85,2,1,0,0.0000,0.0000,0.0000,0.0000
Burst,29.85,2,2,0,0.0000,0.0000,0.0000,0.0000
Burst,29.85,3,0,0,0.0000,0.0000,0.0000,0.0000
Burst,29.85,3,1,0,0.0000,0.0000,0.0000,0.0000
Burst,29.85,3,2,0,0.0000,0.0000,0.0000,0.0000
Burst,29.85,4,0,0,0.0000,0.0000,0.0000,0.0000
Burst,29.85,4,1,0,0.0000,0.0000,0.0000,0.0000
Burst,29.85,4,2,0,0.0000,0.0000,0.0000,0.0000
Burst,29.85,5,0,0,0.0000,0.0000,0.0000,0.0000
Burst,29.85,5,1,0,0.0000,0.0000,0.0000,0.0000
Burst,29.85,5,2,0,0.0000,0.0000,0.0000,0.0000
Burst,29.85,6,0,0,0.0000,0.0000,0.0000,0.0000
Burst,29.85,6,1,0,0.0000,0.0000,0.0000,0.0000
Burst,29.85,6,2,0,0.0000,0.0000,0.0000,0.0000
Burst,29.85,7,0,0,0.0000,0.0000,0.0000,0.0000
Burst,29.85,7,1,2,0.0113,2.5790,-2.5758,0.1289
Burst,29.85,7,2,0,0.0000,0.0000,0.0000,0.0000
Burst,29.85,8,0,0,0.0000,0.0000,0.0000,0.0000
Burst,29.85,8,1,8,0.0450,2.1444,-1.9773,-0.6532
Burst,29.85,8,2,0,0.0000,0.0000,0.0000,0.0000
Burst,29.85,9,0,0,0.0000,0.0000,0.0000,0.0000
Burst,29.85,9,1,6,0.0338,1.3846,-1.0841,-0.8410
Burst,29.85,9,2,0,0.0000,0.0000,0.0000,0.0000
Burst,29.85,10,0,0,0.0000,0.0000,0.0000,0.0000
Burst,29.85,10,1,1,0.0056,2.9349,-2.9342,-0.0665
Burst,29.85,10,2,0,0.0000,0.0000,0.0000,0.0000
Burst,29.85,11,0,0,0.0000,0.0000,0.0000,0.0000
Burst,29.85,11,1,9,0.0506,2.3865,-2.2407,-0.7918
Burst,29.85,11,2,0,0.0000,0.0000,0.0000,0.0000
Burst,29.85,12,0,0,0.0000,0.0000,0.0000,0.0000
Burst,29.85,12,1,7,0.0394,1.5538,-1.3757,-0.6935
Burst,29.85,12,2,0,0.0000,0.0000,0.0000,0.0000
Burst,29.85,13,0,0,0.0000,0.0000,0.0000,0.0000
Burst,29.85,13,1,0,0.0000,0.0000,0.0000,0.0000
Burst,29.85,13,2,0,0.0000,0.0000,0.0000,0.0000
Burst,29.85,14,0,0,0.0000,0.0000,0.0000,0.0000
Burst,29.85,14,1,0,0.0000,0.0000,0.0000,0.0000
Burst,29.85,14,2,0,0.0000,0.0000,0.0000,0.0000
Burst,29.85,15,0,0,0.0000,0.0000,0.0000,0.0000
Burst,29.85,15,1,1,0.0056,2.3252,2.2923,-0.3895
Burst,29.85,15,2,1,0.0056,0.0000,0.0000,0.0000
Burst,29.85,16,0,0,0.0000,0.0000,0.0000,0.0000
Burst,29.85,16,1,7,0.0394,2.0781,2.0446,-0.3199
Burst,29.85,16,2,2,0.0113,2.0420,2.0403,0.0291
Burst,29.85,17,0,0,0.0000,0.0000,0.0000,0.0000
Burst,29.85,17,1,5,0.0281,2.6011,2.5857,-0.2592
Burst,29.85,17,2,0,0.0000,0.0000,0.0000,0.0000
Burst,29.85,18,0,0,0.0000,0.0000,0.0000,0.0000
Burst,29.85,18,1,0,0.0000,0.0000,0.0000,0.0000
Burst,29.85,18,2,0,0.0000,0.0000,0.0000,0.0000
Burst,29.85,19,0,0,0.0000,0.0000,0.0000,0.0000
Burst,29.85,19,1,9,0.0506,2.1289,2.0576,-0.5212
Burst,29.85,19,2,0,0.0000,0.0000,0.0000,0.0000
Burst,29.85,20,0,0,0.0000,0.0000,0.0000,0.0000
Burst,29.85,20,1,5,0.0281,2.5867,2.5639,-0.3107
Burst,29.85,20,2,0,0.0000,0.0000,0.0000,0.0000
Burst,29.85,21,0,0,0.0000,0.0000,0.0000,0.0000
Burst,29.85,21,1,0,0.0000,0.0000,0.0000,0.0000
Burst,29.85,21,2,0,0.0000,0.0000,0.0000,0.0000
Burst,29.85,22,0,0,0.0000,0.0000,0.0000,0.0000
Burst,29.85,22,1,0,0.0000,0.0000,0.0000,0.0000
Burst,29.85,22,2,0,0.0000,0.0000,0.0000,0.0000
Burst,29.85,23,0,0,0.0000,0.0000,0.0000,0.0000
Burst,29.85,23,1,0,0.0000,0.0000,0.0000,0.0000
Burst,29.85,23,2,0,0.0000,0.0000,0.0000,0.0000
Burst,29.85,24,0,0,0.0000,0.0000,0.0000,0.0000
Burst,29.85,24,1,0,0.0000,0.0000,0.0000,0.0000
Burst,29.85,24,2,0,0.0000,0.0000,0.0000,0.0000
Burst,29.85,25,0,0,0.0000,0.0000,0.0000,0.0000
Burst,29.85,25,1,0,0.0000,0.0000,0.0000,0.0000
Burst,29.85,25,2,0,0.0000,0.0000,0.0000,0.0000
Burst,29.85,26,0,0,0.0000,0.0000,0.0000,0.0000
Burst,29.85,26,1,0,0.0000,0.0000,0.0000,0.0000
Burst,29.85,26,2,0,0.0000,0.0000,0.0000,0.0000
Burst,29.85,27,0,0,0.0000,0.0000,0.0000,0.0000
Burst,29.85,27,1,0,0.0000,0.0000,0.0000,0.0000
Burst,29.85,27,2,0,0.0000,0.0000,0.0000,0.0000
Burst,29.85,28,0,0,0.0000,0.0000,0.0000,0.0000
Burst,29.85,28,1,0,0.0000,0.0000,0.0000,0.0000
Burst,29.85,28,2,0,0.0000,0.0000,0.0000,0.0000
Burst,29.85,29,0,0,0.0000,0.0000,0.0000,0.0000
Burst,29.85,29,1,0,0.0000,0.0000,0.0000,0.0000
Burst,29.85,29,2,0,0.0000,0.0000,0.0000,0.0000
Burst,30.36,0,0,0,0.0000,0.0000,0.0000,0.0000
Burst,30.36,0,1,0,0.0000,0.0000,0.0000,0.0000
Burst,30.36,0,2,0,0.0000,0.0000,0.0000,0.0000
Burst,30.36,1,0,0,0.0000,0.0000,0.0000,0.0000
Burst,30.36,1,1,0,0.0000,0.0000,0.0000,0.0000
Burst,30.36,1,2,0,0.0000,0.0000,0.0000,0.0000
Burst,30.36,2,0,0,0.0000,0.0000,0.0000,0.0000
Burst,30.36,2,1,0,0.0000,0.0000,0.0000,0.0000
Burst,30.36,2,2,0,0.0000,0.0000,0.0000,0.0000
Burst,30.36,3,0,0,0.0000,0.0000,0.0000,0.0000
Burst,30.36,3,1,0,0.0000,0.0000,0.0000,0.0000
Burst,30.36,3,2,0,0.0000,0.0000,0.0000,0.0000
Burst,30.36,4,0,0,0.0000,0.0000,0.0000,0.0000
Burst,30.36,4,1,0,0.0000,0.0000,0.0000,0.0000
Burst,30.36,4,2,0,0.0000,0.0000,0.0000,0.0000
Burst,30.36,5,0,0,0.0000,0.0000,0.0000,0.0000
Burst,30.36,5,1,0,0.0000,0.0000,0.0000,0.0000
Burst,30.36,5,2,0,0.0000,0.0000,0.0000,0.0000
Burst,30.36,6,0,0,0.0000,0.0000,0.0000,0.0000
Burst,30.36,6,1,0,0.0000,0.0000,0.0000,0.0000
Burst,30.36,6,2,0,0.0000,0.0000,0.0000,0.0000
Burst,30.36,7,0,0,0.0000,0.0000,0.0000,0.0000
Burst,30.36,7,1,2,0.0113,2.6720,-2.6620,0.0591
Burst,30.36,7,2,0,0.0000,0.0000,0.0000,0.0000
Burst,30.36,8,0,0,0.0000,0.0000,0.0000,0.0000
Burst,30.36,8,1,8,0.0450,2.2456,-2.1280,-0.5687
Burst,30.36,8,2,0,0.0000,0.0000,0.0000,0.0000
Burst,30.36,9,0,0,0.0000,0.0000,0.0000,0.0000
Burst,30.36,9,1,6,0.0338,1.8481,-1.4183,-1.1478
Burst,30.36,9,2,0,0.0000,0.0000,0.0000,0.0000
Burst,30.36,10,0,0,0.0000,0.0000,0.0000,0.0000
Burst,30.36,10,1,1,0.0056,2.7559,-2.7352,-0.3368
Burst,30.36,10,2,0,0.0000,0.0000,0.0000,0.0000
Burst,30.36,11,0,0,0.0000,0.0000,0.0000,0.0000
Burst,30.36,11,1,9,0.0506,2.4985,-2.3877,-0.6724
Burst,30.36,11,2,0,0.0000,0.0000,0.0000,0.0000
Burst,30.36,12,0,0,0.0000,0.0000,0.0000,0.0000
Burst,30.36,12,1,8,0.0450,1.7852,-1.5954,-0.7834
Burst,30.36,12,2,0,0.0000,0.0000,0.0000,0.0000
Burst,30.36,13,0,0,0.0000,0.0000,0.0000,0.0000
Burst,30.36,13,1,0,0.0000,0.0000,0.0000,0.0000
Burst,30.36,13,2,0,0.0000,0.0000,0.0000,0.0000
Burst,30.36,14,0,0,0.0000,0.0000,0.0000,0.0000
Burst,30.36,14,1,0,0.0000,0.0000,0.0000,0.0000
Burst,30.36,14,2,0,0.0000,0.0000,0.0000,0.0000
Burst,30.36,15,0,0,0.0000,0.0000,0.0000,0.0000
Burst,30.36,15,1,2,0.0113,0.0000,0.0000,0.0000
Burst,30.36,15,2,1,0.0056,2.2565,2.2560,-0.0456
Burst,30.36,16,0,0,0.0000,0.0000,0.0000,0.0000
Burst,30.36,16,1,9,0.0506,2.2401,2.2114,-0.2627
Burst,30.36,16,2,1,0.0056,2.0651,2.0641,0.0635
Burst,30.36,17,0,0,0.0000,0.0000,0.0000,0.0000
Burst,30.36,17,1,5,0.0281,2.4587,2.4365,-0.3027
Burst,30.36,17,2,0,0.0000,0.0000,0.0000,0.0000
Burst,30.36,18,0,0,0.0000,0.0000,0.0000,0.0000
Burst,30.36,18,1,0,0.0000,0.0000,0.0000,0.0000
Burst,30.36,18,2,0,0.0000,0.0000,0.0000,0.0000
Burst,30.36,19,0,0,0.0000,0.0000,0.0000,0.0000
Burst,30.36,19,1,9,0.0506,1.8747,1.8112,-0.4666
Burst,30.36,19,2,0,0.0000,0.0000,0.0000,0.0000
Burst,30.36,20,0,0,0.0000,0.0000,0.0000,0.0000
Burst,30.36,20,1,5,0.0281,2.3015,2.2856,-0.2530
Burst,30.36,20,2,0,0.0000,0.0000,0.0000,0.0000
Burst,30.36,21,0,0,0.0000,0.0000,0.0000,0.0000
Burst,30.36,21,1,1,0.0056,2.8785,2.8779,-0.0555
Burst,30.36,21,2,0,0.0000,0.0000,0.0000,0.0000
Burst,30.36,22,0,0,0.0000,0.0000,0.0000,0.0000
Burst,30.36,22,1,0,0.0000,0.0000,0.0000,0.0000
Burst,30.36,22,2,0,0.0000,0.0000,0.0000,0.0000
Burst,30.36,23,0,0,0.0000,0.0000,0.0000,0.0000
Burst,30.36,23,1,0,0.0000,0.0000,0.0000,0.0000
Burst,30.36,23,2,0,0.0000,0.0000,0.0000,0.0000
Burst,30.36,24,0,0,0.0000,0.0000,0.0000,0.0000
Burst,30.36,24,1,0,0.0000,0.0000,0.0000,0.0000
Burst,30.36,24,2,0,0.0000,0.0000,0.0000,0.0000
Burst,30.36,25,0,0,0.0000,0.0000,0.0000,0.0000
Burst,30.36,25,1,0,0.0000,0.0000,0.0000,0.0000
Burst,30.36,25,2,0,0.0000,0.0000,0.0000,0.0000
Burst,30.36,26,0,0,0.0000,0.0000,0.0000,0.0000
Burst,30.36,26,1,0,0.0000,0.0000,0.0000,0.0000
Burst,30.36,26,2,0,0.0000,0.0000,0.0000,0.0000
Burst,30.36,27,0,0,0.0000,0.0000,0.0000,0.0000
Burst,30.36,27,1,0,0.0000,0.0000,0.0000,0.0000
Burst,30.36,27,2,0,0.0000,0.0000,0.0000,0.0000
Burst,30.36,28,0,0,0.0000,0.0000,0.0000,0.0000
Burst,30.36,28,1,0,0.0000,0.0000,0.0000,0.0000
Burst,30.36,28,2,0,0.0000,0.0000,0.0000,0.0000
Burst,30.36,29,0,0,0.0000,0.0000,0.0000,0.0000
Burst,30.36,29,1,0,0.0000,0.0000,0.0000,0.0000
Burst,30.36,29,2,0,0.0000,0.0000,0.0000,0.0000
Burst,30.86,0,0,0,0.0000,0.0000,0.0000,0.0000
Burst,30.86,0,1,0,0.0000,0.0000,0.0000,0.0000
Burst,30.86,0,2,0,0.0000,0.0000,0.0000,0.0000
Burst,30.86,1,0,0,0.0000,0.0000,0.0000,0.0000
Burst,30.86,1,1,0,0.0000,0.0000,0.0000,0.0000
Burst,30.86,1,2,0,0.0000,0.0000,0.0000,0.0000
Burst,30.86,2,0,0,0.0000,0.0000,0.0000,0.0000
Burst,30.86,2,1,0,0.0000,0.0000,0.0000,0.0000
Burst,30.86,2,2,0,0.0000,0.0000,0.0000,0.0000
Burst,30.86,3,0,0,0.0000,0.0000,0.0000,0.0000
Burst,30.86,3,1,0,0.0000,0.0000,0.0000,0.0000
Burst,30.86,3,2,0,0.0000,0.0000,0.0000,0.0000
Burst,30.86,4,0,0,0.0000,0.0000,0.0000,0.0000
Burst,30.86,4,1,0,0.0000,0.0000,0.0000,0.0000
Burst,30.86,4,2,0,0.0000,0.0000,0.0000,0.0000
Burst,30.86,5,0,0,0.0000,0.0000,0.0000,0.0000
Burst,30.86,5,1,0,0.0000,0.0000,0.0000,0.0000
Burst,30.86,5,2,0,0.0000,0.0000,0.0000,0.0000
Burst,30.86,6,0,0,0.0000,0.0000,0.0000,0.0000
Burst,30.86,6,1,0,0.0000,0.0000,0.0000,0.0000
Burst,30.86,6,2,0,0.0000,0.0000,0.0000,0.0000
Burst,30.86,7,0,0,0.0000,0.0000,0.0000,0.0000
Burst,30.86,7,1,2,0.0113,2.4229,-2.4159,0.0108
Burst,30.86,7,2,0,0.0000,0.0000,0.0000,0.0000
Burst,30.86,8,0,0,0.0000,0.0000,0.0000,0.0000
Burst,30.86,8,1,9,0.0506,2.2394,-2.0653,-0.4758
Burst,30.86,8,2,0,0.0000,0.0000,0.0000,0.0000
Burst,30.86,9,0,0,0.0000,0.0000,0.0000,0.0000
Burst,30.86,9,1,6,0.0338,1.6570,-1.2919,-1.0072
Burst,30.86,9,2,0,0.0000,0.0000,0.0000,0.0000
Burst,30.86,10,0,0,0.0000,0.0000,0.0000,0.0000
Burst,30.86,10,1,2,0.0113,2.7814,-2.7707,-0.1157
Burst,30.86,10,2,0,0.0000,0.0000,0.0000,0.0000
Burst,30.86,11,0,0,0.0000,0.0000,0.0000,0.0000
Burst,30.86,11,1,9,0.0506,2.3783,-2.3037,-0.5178
Burst,30.86,11,2,0,0.0000,0.0000,0.0000,0.0000
Burst,30.86,12,0,0,0.0000,0.0000,0.0000,0.0000
Burst,30.86,12,1,7,0.0394,1.9158,-1.6690,-0.9277
Burst,30.86,12,2,1,0.0056,0.0000,0.0000,0.0000
Burst,30.86,13,0,0,0.0000,0.0000,0.0000,0.0000
Burst,30.86,13,1,0,0.0000,0.0000,0.0000,0.0000
Burst,30.86,13,2,0,0.0000,0.0000,0.0000,0.0000
Burst,30.86,14,0,0,0.0000,0.0000,0.0000,0.0000
Burst,30.86,14,1,0,0.0000,0.0000,0.0000,0.0000
Burst,30.86,14,2,0,0.0000,0.0000,0.0000,0.0000
Burst,30.86,15,0,0,0.0000,0.0000,0.0000,0.0000
Burst,30.86,15,1,3,0.0169,1.3043,1.2909,0.1058
Burst,30.86,15,2,0,0.0000,0.0000,0.0000,0.0000
Burst,30.86,16,0,0,0.0000,0.0000,0.0000,0.0000
Burst,30.86,16,1,8,0.0450,2.3323,2.3101,-0.3011
Burst,30.86,16,2,2,0.0113,2.3839,2.3776,0.0462
Burst,30.86,17,0,0,0.0000,0.0000,0.0000,0.0000
Burst,30.86,17,1,6,0.0338,2.4461,2.4302,-0.1805
Burst,30.86,17,2,0,0.0000,0.0000,0.0000,0.0000
Burst,30.86,18,0,0,0.0000,0.0000,0.0000,0.0000
Burst,30.86,18,1,0,0.0000,0.0000,0.0000,0.0000
Burst,30.86,18,2,0,0.0000,0.0000,0.0000,0.0000
Burst,30.86,19,0,0,0.0000,0.0000,0.0000,0.0000
Burst,30.86,19,1,8,0.0450,2.0709,1.9991,-0.4903
Burst,30.86,19,2,0,0.0000,0.0000,0.0000,0.0000
Burst,30.86,20,0,0,0.0000,0.0000,0.0000,0.0000
Burst,30.86,20,1,6,0.0338,2.2632,2.2307,-0.3177
Burst,30.86,20,2,0,0.0000,0.0000,0.0000,0.0000
Burst,30.86,21,0,0,0.0000,0.0000,0.0000,0.0000
Burst,30.86,21,1,1,0.0056,2.7339,2.7278,0.1822
Burst,30.86,21,2,0,0.0000,0.0000,0.0000,0.0000
Burst,30.86,22,0,0,0.0000,0.0000,0.0000,0.0000
Burst,30.86,22,1,0,0.0000,0.0000,0.0000,0.0000
Burst,30.86,22,2,0,0.0000,0.0000,0.0000,0.0000
Burst,30.86,23,0,0,0.0000,0.0000,0.0000,0.0000
Burst,30.86,23,1,0,0.0000,0.0000,0.0000,0.0000
Burst,30.86,23,2,0,0.0000,0.0000,0.0000,0.0000
Burst,30.86,24,0,0,0.0000,0.0000,0.0000,0.0000
Burst,30.86,24,1,0,0.0000,0.0000,0.0000,0.0000
Burst,30.86,24,2,0,0.0000,0.0000,0.0000,0.0000
Burst,30.86,25,0,0,0.0000,0.0000,0.0000,0.0000
Burst,30.86,25,1,0,0.0000,0.0000,0.0000,0.0000
Burst,30.86,25,2,0,0.0000,0.0000,0.0000,0.0000
Burst,30.86,26,0,0,0.0000,0.0000,0.0000,0.0000
Burst,30.86,26,1,0,0.0000,0.0000,0.0000,0.0000
Burst,30.86,26,2,0,0.0000,0.0000,0.0000,0.0000
Burst,30.86,27,0,0,0.0000,0.0000,0.0000,0.0000
Burst,30.86,27,1,0,0.0000,0.0000,0.0000,0.0000
Burst,30.86,27,2,0,0.0000,0.0000,0.0000,0.0000
Burst,30.86,28,0,0,0.0000,0.0000,0.0000,0.0000
Burst,30.86,28,1,0,0.0000,0.0000,0.0000,0.0000
Burst,30.86,28,2,0,0.0000,0.0000,0.0000,0.0000
Burst,30.86,29,0,0,0.0000,0.0000,0.0000,0.0000
Burst,30.86,29,1,0,0.0000,0.0000,0.0000,0.0000
Burst,30.86,29,2,0,0.0000,0.0000,0.0000,0.0000
Burst,31.39,0,0,0,0.0000,0.0000,0.0000,0.0000
Burst,31.39,0,1,0,0.0000,0.0000,0.0000,0.0000
Burst,31.39,0,2,0,0.0000,0.0000,0.0000,0.0000
Burst,31.39,1,0,0,0.0000,0.0000,0.0000,0.0000
Burst,31.39,1,1,0,0.0000,0.0000,0.0000,0.0000
Burst,31.39,1,2,0,0.0000,0.0000,0.0000,0.0000
Burst,31.39,2,0,0,0.0000,0.0000,0.0000,0.0000
Burst,31.39,2,1,0,0.0000,0.0000,0.0000,0.0000
Burst,31.39,2,2,0,0.0000,0.0000,0.0000,0.0000
Burst,31.39,3,0,0,0.0000,0.0000,0.0000,0.0000
Burst,31.39,3,1,0,0.0000,0.0000,0.0000,0.0000
Burst,31.39,3,2,0,0.0000,0.0000,0.0000,0.0000
Burst,31.39,4,0,0,0.0000,0.0000,0.0000,0.0000
Burst,31.39,4,1,0,0.0000,0.0000,0.0000,0.0000
Burst,31.39,4,2,0,0.0000,0.0000,0.0000,0.0000
Burst,31.39,5,0,0,0.0000,0.0000,0.0000,0.0000
Burst,31.39,5,1,0,0.0000,0.0000,0.0000,0.0000
Burst,31.39,5,2,0,0.0000,0.0000,0.0000,0.0000
Burst,31.39,6,0,0,0.0000,0.0000,0.0000,0.0000
Burst,31.39,6,1,0,0.0000,0.0000,0.0000,0.0000
Burst,31.39,6,2,0,0.0000,0.0000,0.0000,0.0000
Burst,31.39,7,0,0,0.0000,0.0000,0.0000,0.0000
Burst,31.39,7,1,3,0.0169,2.4139,-2.4123,-0.0812
Burst,31.39,7,2,0,0.0000,0.0000,0.0000,0.0000
Burst,31.39,8,0,0,0.0000,0.0000,0.0000,0.0000
Burst,31.39,8,1,8,0.0450,1.9438,-1.8437,-0.4506
Burst,31.39,8,2,0,0.0000,0.0000,0.0000,0.0000
Burst,31.39,9,0,0,0.0000,0.0000,0.0000,0.0000
Burst,31.39,9,1,7,0.0394,1.5913,-1.2681,-0.9390
Burst,31.39,9,2,0,0.0000,0.0000,0.0000,0.0000
Burst,31.39,10,0,0,0.0000,0.0000,0.0000,0.0000
Burst,31.39,10,1,3,0.0169,2.5877,-2.5698,-0.2624
Burst,31.39,10,2,0,0.0000,0.0000,0.0000,0.0000
Burst,31.39,11,0,0,0.0000,0.0000,0.0000,0.0000
Burst,31.39,11,1,9,0.0506,2.2722,-2.1948,-0.5224
Burst,31.39,11,2,0,0.0000,0.0000,0.0000,0.0000
Burst,31.39,12,0,0,0.0000,0.0000,0.0000,0.0000
Burst,31.39,12,1,8,0.0450,1.7514,-1.5619,-0.7769
Burst,31.39,12,2,0,0.0000,0.0000,0.0000,0.0000
Burst,31.39,13,0,0,0.0000,0.0000,0.0000,0.0000
Burst,31.39,13,1,0,0.0000,0.0000,0.0000,0.0000
Burst,31.39,13,2,0,0.0000,0.0000,0.0000,0.0000
Burst,31.39,14,0,0,0.0000,0.0000,0.0000,0.0000
Burst,31.39,14,1,0,0.0000,0.0000,0.0000,0.0000
Burst,31.39,14,2,0,0.0000,0.0000,0.0000,0.0000
Burst,31.39,15,0,0,0.0000,0.0000,0.0000,0.0000
Burst,31.39,15,1,3,0.0169,1.2150,1.2061,0.1344
Burst,31.39,15,2,0,0.0000,0.0000,0.0000,0.0000
Burst,31.39,16,0,0,0.0000,0.0000,0.0000,0.0000
Burst,31.39,16,1,8,0.0450,2.0729,2.0509,-0.2349
Burst,31.39,16,2,2,0.0113,2.3912,2.3824,-0.1574
Burst,31.39,17,0,0,0.0000,0.0000,0.0000,0.0000
Burst,31.39,17,1,7,0.0394,2.3379,2.3215,-0.2477
Burst,31.39,17,2,0,0.0000,0.0000,0.0000,0.0000
Burst,31.39,18,0,0,0.0000,0.0000,0.0000,0.0000
Burst,31.39,18,1,0,0.0000,0.0000,0.0000,0.0000
Burst,31.39,18,2,0,0.0000,0.0000,0.0000,0.0000
Burst,31.39,19,0,0,0.0000,0.0000,0.0000,0.0000
Burst,31.39,19,1,8,0.0450,1.7655,1.6997,-0.4419
Burst,31.39,19,2,0,0.0000,0.0000,0.0000,0.0000
Burst,31.39,20,0,0,0.0000,0.0000,0.0000,0.0000
Burst,31.39,20,1,7,0.0394,2.3403,2.2972,-0.3528
Burst,31.39,20,2,0,0.0000,0.0000,0.0000,0.0000
Burst,31.39,21,0,0,0.0000,0.0000,0.0000,0.0000
Burst,31.39,21,1,1,0.0056,2.5095,2.5023,-0.1907
Burst,31.39,21,2,0,0.0000,0.0000,0.0000,0.0000
Burst,31.39,22,0,0,0.0000,0.0000,0.0000,0.0000
Burst,31.39,22,1,0,0.0000,0.0000,0.0000,0.0000
Burst,31.39,22,2,0,0.0000,0.0000,0.0000,0.0000
Burst,31.39,23,0,0,0.0000,0.0000,0.0000,0.0000
Burst,31.39,23,1,0,0.0000,0.0000,0.0000,0.0000
Burst,31.39,23,2,0,0.0000,0.0000,0.0000,0.0000
Burst,31.39,24,0,0,0.0000,0.0000,0.0000,0.0000
Burst,31.39,24,1,0,0.0000,0.0000,0.0000,0.0000
Burst,31.39,24,2,0,0.0000,0.0000,0.0000,0.0000
Burst,31.39,25,0,0,0.0000,0.0000,0.0000,0.0000
Burst,31.39,25,1,0,0.0000,0.0000,0.0000,0.0000
Burst,31.39,25,2,0,0.0000,0.0000,0.0000,0.0000
Burst,31.39,26,0,0,0.0000,0.0000,0.0000,0.0000
Burst,31.39,26,1,0,0.0000,0.0000,0.0000,0.0000
Burst,31.39,26,2,0,0.0000,0.0000,0.0000,0.0000
Burst,31.39,27,0,0,0.0000,0.0000,0.0000,0.0000
Burst,31.39,27,1,0,0.0000,0.0000,0.0000,0.0000
Burst,31.39,27,2,0,0.0000,0.0000,0.0000,0.0000
Burst,31.39,28,0,0,0.0000,0.0000,0.0000,0.0000
Burst,31.39,28,1,0,0.0000,0.0000,0.0000,0.0000
Burst,31.39,28,2,0,0.0000,0.0000,0.0000,0.0000
Burst,31.39,29,0,0,0.0000,0.0000,0.0000,0.0000
Burst,31.39,29,1,0,0.0000,0.0000,0.0000,0.0000
Burst,31.39,29,2,0,0.0000,0.0000,0.0000,0.0000
Burst,31.92,0,0,0,0.0000,0.0000,0.0000,0.0000
Burst,31.92,0,1,0,0.0000,0.0000,0.0000,0.0000
Burst,31.92,0,2,0,0.0000,0.0000,0.0000,0.0000
Burst,31.92,1,0,0,0.0000,0.0000,0.0000,0.0000
Burst,31.92,1,1,0,0.0000,0.0000,0.0000,0.0000
Burst,31.92,1,2,0,0.0000,0.0000,0.0000,0.0000
Burst,31.92,2,0,0,0.0000,0.0000,0.0000,0.0000
Burst,31.92,2,1,0,0.0000,0.0000,0.0000,0.0000
Burst,31.92,2,2,0,0.0000,0.0000,0.0000,0.0000
Burst,31.92,3,0,0,0.0000,0.0000,0.0000,0.0000
Burst,31.92,3,1,0,0.0000,0.0000,0.0000,0.0000
Burst,31.92,3,2,0,0.0000,0.0000,0.0000,0.0000
Burst,31.92,4,0,0,0.0000,0.0000,0.0000,0.0000
Burst,31.92,4,1,0,0.0000,0.0000,0.0000,0.0000
Burst,31.92,4,2,0,0.0000,0.0000,0.0000,0.0000
Burst,31.92,5,0,0,0.0000,0.0000,0.0000,0.0000
Burst,31.92,5,1,0,0.0000,0.0000,0.0000,0.0000
Burst,31.92,5,2,0,0.0000,0.0000,0.0000,0.0000
Burst,31.92,6,0,0,0.0000,0.0000,0.0000,0.0000
Burst,31.92,6,1,0,0.0000,0.0000,0.0000,0.0000
Burst,31.92,6,2,0,0.0000,0.0000,0.0000,0.0000
Burst,31.92,7,0,0,0.0000,0.0000,0.0000,0.0000
Burst,31.92,7,1,4,0.0225,2.5025,-2.4961,-0.0656
Burst,31.92,7,2,0,0.0000,0.0000,0.0000,0.0000
Burst,31.92,8,0,0,0.0000,0.0000,0.0000,0.0000
Burst,31.92,8,1,9,0.0506,2.0491,-1.9263,-0.4851
Burst,31.92,8,2,0,0.0000,0.0000,0.0000,0.0000
Burst,31.92,9,0,0,0.0000,0.0000,0.0000,0.0000
Burst,31.92,9,1,6,0.0338,1.6275,-1.3793,-0.8592
Burst,31.92,9,2,0,0.0000,0.0000,0.0000,0.0000
Burst,31.92,10,0,0,0.0000,0.0000,0.0000,0.0000
Burst,31.92,10,1,4,0.0225,2.5523,-2.5362,-0.2656
Burst,31.92,10,2,0,0.0000,0.0000,0.0000,0.0000
Burst,31.92,11,0,0,0.0000,0.0000,0.0000,0.0000
Burst,31.92,11,1,9,0.0506,2.2578,-2.1917,-0.4920
Burst,31.92,11,2,0,0.0000,0.0000,0.0000,0.0000
Burst,31.92,12,0,0,0.0000,0.0000,0.0000,0.0000
Burst,31.92,12,1,8,0.0450,1.6961,-1.4829,-0.7780
Burst,31.92,12,2,0,0.0000,0.0000,0.0000,0.0000
Burst,31.92,13,0,0,0.0000,0.0000,0.0000,0.0000
Burst,31.92,13,1,0,0.0000,0.0000,0.0000,0.0000
Burst,31.92,13,2,0,0.0000,0.0000,0.0000,0.0000
Burst,31.92,14,0,0,0.0000,0.0000,0.0000,0.0000
Burst,31.92,14,1,0,0.0000,0.0000,0.0000,0.0000
Burst,31.92,14,2,0,0.0000,0.0000,0.0000,0.0000
Burst,31.92,15,0,0,0.0000,0.0000,0.0000,0.0000
Burst,31.92,15,1,1,0.0056,2.0367,2.0284,-0.1838
Burst,31.92,15,2,0,0.0000,0.0000,0.0000,0.0000
Burst,31.92,16,0,0,0.0000,0.0000,0.0000,0.0000
Burst,31.92,16,1,10,0.0563,2.0429,2.0304,-0.1568
Burst,31.92,16,2,2,0.0113,2.0610,2.0501,0.1604
Burst,31.92,17,0,0,0.0000,0.0000,0.0000,0.0000
Burst,31.92,17,1,6,0.0338,2.4615,2.4219,-0.4189
Burst,31.92,17,2,0,0.0000,0.0000,0.0000,0.0000
Burst,31.92,18,0,0,0.0000,0.0000,0.0000,0.0000
Burst,31.92,18,1,1,0.0056,2.8916,2.8479,-0.5008
Burst,31.92,18,2,0,0.0000,0.0000,0.0000,0.0000
Burst,31.92,19,0,0,0.0000,0.0000,0.0000,0.0000
Burst,31.92,19,1,8,0.0450,2.1036,2.0597,-0.3483
Burst,31.92,19,2,0,0.0000,0.0000,0.0000,0.0000
Burst,31.92,20,0,0,0.0000,0.0000,0.0000,0.0000
Burst,31.92,20,1,6,0.0338,2.5244,2.4796,-0.4034
Burst,31.92,20,2,0,0.0000,0.0000,0.0000,0.0000
Burst,31.92,21,0,0,0.0000,0.0000,0.0000,0.0000
Burst,31.92,21,1,2,0.0113,2.3696,2.2903,-0.6042
Burst,31.92,21,2,0,0.0000,0.0000,0.0000,0.0000
Burst,31.92,22,0,0,0.0000,0.0000,0.0000,0.0000
Burst,31.92,22,1,0,0.0000,0.0000,0.0000,0.0000
Burst,31.92,22,2,0,0.0000,0.0000,0.0000,0.0000
Burst,31.92,23,0,0,0.0000,0.0000,0.0000,0.0000
Burst,31.92,23,1,0,0.0000,0.0000,0.0000,0.0000
Burst,31.92,23,2,0,0.0000,0.0000,0.0000,0.0000
Burst,31.92,24,0,0,0.0000,0.0000,0.0000,0.0000
Burst,31.92,24,1,0,0.0000,0.0000,0.0000,0.0000
Burst,31.92,24,2,0,0.0000,0.0000,0.0000,0.0000
Burst,31.92,25,0,0,0.0000,0.0000,0.0000,0.0000
Burst,31.92,25,1,0,0.0000,0.0000,0.0000,0.0000
Burst,31.92,25,2,0,0.0000,0.0000,0.0000,0.0000
Burst,31.92,26,0,0,0.0000,0.0000,0.0000,0.0000
Burst,31.92,26,1,0,0.0000,0.0000,0.0000,0.0000
Burst,31.92,26,2,0,0.0000,0.0000,0.0000,0.0000
Burst,31.92,27,0,0,0.0000,0.0000,0.0000,0.0000
Burst,31.92,27,1,0,0.0000,0.0000,0.0000,0.0000
Burst,31.92,27,2,0,0.0000,0.0000,0.0000,0.0000
Burst,31.92,28,0,0,0.0000,0.0000,0.0000,0.0000
Burst,31.92,28,1,0,0.0000,0.0000,0.0000,0.0000
Burst,31.92,28,2,0,0.0000,0.0000,0.0000,0.0000
Burst,31.92,29,0,0,0.0000,0.0000,0.0000,0.0000
Burst,31.92,29,1,0,0.0000,0.0000,0.0000,0.0000
Burst,31.92,29,2,0,0.0000,0.0000,0.0000,0.0000
Burst,32.42,0,0,0,0.0000,0.0000,0.0000,0.0000
Burst,32.42,0,1,0,0.0000,0.0000,0.0000,0.0000
Burst,32.42,0,2,0,0.0000,0.0000,0.0000,0.0000
Burst,32.42,1,0,0,0.0000,0.0000,0.0000,0.0000
Burst,32.42,1,1,0,0.0000,0.0000,0.0000,0.0000
Burst,32.42,1,2,0,0.0000,0.0000,0.0000,0.0000
Burst,32.42,2,0,0,0.0000,0.0000,0.0000,0.0000
Burst,32.42,2,1,0,0.0000,0.0000,0.0000,0.0000
Burst,32.42,2,2,0,0.0000,0.0000,0.0000,0.0000
Burst,32.42,3,0,0,0.0000,0.0000,0.0000,0.0000
Burst,32.42,3,1,0,0.0000,0.0000,0.0000,0.0000
Burst,32.42,3,2,0,0.0000,0.0000,0.0000,0.0000
Burst,32.42,4,0,0,0.0000,0.0000,0.0000,0.0000
Burst,32.42,4,1,0,0.0000,0.0000,0.0000,0.0000
Burst,32.42,4,2,0,0.0000,0.0000,0.0000,0.0000
Burst,32.42,5,0,0,0.0000,0.0000,0.0000,0.0000
Burst,32.42,5,1,0,0.0000,0.0000,0.0000,0.0000
Burst,32.42,5,2,0,0.0000,0.0000,0.0000,0.0000
Burst,32.42,6,0,0,0.0000,0.0000,0.0000,0.0000
Burst,32.42,6,1,0,0.0000,0.0000,0.0000,0.0000
Burst,32.42,6,2,0,0.0000,0.0000,0.0000,0.0000
Burst,32.42,7,0,0,0.0000,0.0000,0.0000,0.0000
Burst,32.42,7,1,4,0.0225,2.4104,-2.3927,-0.0393
Burst,32.42,7,2,0,0.0000,0.0000,0.0000,0.0000
Burst,32.42,8,0,0,0.0000,0.0000,0.0000,0.0000
Burst,32.42,8,1,10,0.0563,2.0339,-1.9060,-0.4845
Burst,32.42,8,2,0,0.0000,0.0000,0.0000,0.0000
Burst,32.42,9,0,0,0.0000,0.0000,0.0000,0.0000
Burst,32.42,9,1,6,0.0338,1.4939,-1.2324,-0.8105
Burst,32.42,9,2,0,0.0000,0.0000,0.0000,0.0000
Burst,32.42,10,0,0,0.0000,0.0000,0.0000,0.0000
Burst,32.42,10,1,4,0.0225,2.6961,-2.6894,-0.1748
Burst,32.42,10,2,0,0.0000,0.0000,0.0000,0.0000
Burst,32.42,11,0,0,0.0000,0.0000,0.0000,0.0000
Burst,32.42,11,1,11,0.0619,2.2326,-2.1353,-0.5394
Burst,32.42,11,2,0,0.0000,0.0000,0.0000,0.0000
Burst,32.42,12,0,0,0.0000,0.0000,0.0000,0.0000
Burst,32.42,12,1,6,0.0338,1.8419,-1.5625,-0.9013
Burst,32.42,12,2,1,0.0056,0.0000,0.0000,0.0000
Burst,32.42,13,0,0,0.0000,0.0000,0.0000,0.0000
Burst,32.42,13,1,0,0.0000,0.0000,0.0000,0.0000
Burst,32.42,13,2,0,0.0000,0.0000,0.0000,0.0000
Burst,32.42,14,0,0,0.0000,0.0000,0.0000,0.0000
Burst,32.42,14,1,0,0.0000,0.0000,0.0000,0.0000
Burst,32.42,14,2,0,0.0000,0.0000,0.0000,0.0000
Burst,32.42,15,0,0,0.0000,0.0000,0.0000,0.0000
Burst,32.42,15,1,0,0.0000,0.0000,0.0000,0.0000
Burst,32.42,15,2,0,0.0000,0.0000,0.0000,0.0000
Burst,32.42,16,0,0,0.0000,0.0000,0.0000,0.0000
Burst,32.42,16,1,10,0.0563,2.1107,2.0909,-0.0688
Burst,32.42,16,2,2,0.0113,1.9163,1.8921,0.2147
Burst,32.42,17,0,0,0.0000,0.0000,0.0000,0.0000
Burst,32.42,17,1,6,0.0338,2.4208,2.4005,-0.2616
Burst,32.42,17,2,0,0.0000,0.0000,0.0000,0.0000
Burst,32.42,18,0,0,0.0000,0.0000,0.0000,0.0000
Burst,32.42,18,1,2,0.0113,2.9166,2.9131,0.0166
Burst,32.42,18,2,0,0.0000,0.0000,0.0000,0.0000
Burst,32.42,19,0,0,0.0000,0.0000,0.0000,0.0000
Burst,32.42,19,1,8,0.0450,1.9406,1.8698,-0.4812
Burst,32.42,19,2,0,0.0000,0.0000,0.0000,0.0000
Burst,32.42,20,0,0,0.0000,0.0000,0.0000,0.0000
Burst,32.42,20,1,7,0.0394,2.2758,2.2423,-0.3300
Burst,32.42,20,2,0,0.0000,0.0000,0.0000,0.0000
Burst,32.42,21,0,0,0.0000,0.0000,0.0000,0.0000
Burst,32.42,21,1,2,0.0113,2.7442,2.5793,-0.8920
Burst,32.42,21,2,0,0.0000,0.0000,0.0000,0.0000
Burst,32.42,22,0,0,0.0000,0.0000,0.0000,0.0000
Burst,32.42,22,1,0,0.0000,0.0000,0.0000,0.0000
Burst,32.42,22,2,0,0.0000,0.0000,0.0000,0.0000
Burst,32.42,23,0,0,0.0000,0.0000,0.0000,0.0000
Burst,32.42,23,1,0,0.0000,0.0000,0.0000,0.0000
Burst,32.42,23,2,0,0.0000,0.0000,0.0000,0.0000
Burst,32.42,24,0,0,0.0000,0.0000,0.0000,0.0000
Burst,32.42,24,1,0,0.0000,0.0000,0.0000,0.0000
Burst,32.42,24,2,0,0.0000,0.0000,0.0000,0.0000
Burst,32.42,25,0,0,0.0000,0.0000,0.0000,0.0000
Burst,32.42,25,1,0,0.0000,0.0000,0.0000,0.0000
Burst,32.42,25,2,0,0.0000,0.0000,0.0000,0.0000
Burst,32.42,26,0,0,0.0000,0.0000,0.0000,0.0000
Burst,32.42,26,1,0,0.0000,0.0000,0.0000,0.0000
Burst,32.42,26,2,0,0.0000,0.0000,0.0000,0.0000
Burst,32.42,27,0,0,0.0000,0.0000,0.0000,0.0000
Burst,32.42,27,1,0,0.0000,0.0000,0.0000,0.0000
Burst,32.42,27,2,0,0.0000,0.0000,0.0000,0.0000
Burst,32.42,28,0,0,0.0000,0.0000,0.0000,0.0000
Burst,32.42,28,1,0,0.0000,0.0000,0.0000,0.0000
Burst,32.42,28,2,0,0.0000,0.0000,0.0000,0.0000
Burst,32.42,29,0,0,0.0000,0.0000,0.0000,0.0000
Burst,32.42,29,1,0,0.0000,0.0000,0.0000,0.0000
Burst,32.42,29,2,0,0.0000,0.0000,0.0000,0.0000
Burst,32.95,0,0,0,0.0000,0.0000,0.0000,0.0000
Burst,32.95,0,1,0,0.0000,0.0000,0.0000,0.0000
Burst,32.95,0,2,0,0.0000,0.0000,0.0000,0.0000
Burst,32.95,1,0,0,0.0000,0.0000,0.0000,0.0000
Burst,32.95,1,1,0,0.0000,0.0000,0.0000,0.0000
Burst,32.95,1,2,0,0.0000,0.0000,0.0000,0.0000
Burst,32.95,2,0,0,0.0000,0.0000,0.0000,0.0000
Burst,32.95,2,1,0,0.0000,0.0000,0.0000,0.0000
Burst,32.95,2,2,0,0.0000,0.0000,0.0000,0.0000
Burst,32.95,3,0,0,0.0000,0.0000,0.0000,0.0000
Burst,32.95,3,1,0,0.0000,0.0000,0.0000,0.0000
Burst,32.95,3,2,0,0.0000,0.0000,0.0000,0.0000
Burst,32.95,4,0,0,0.0000,0.0000,0.0000,0.0000
Burst,32.95,4,1,0,0.0000,0.0000,0.0000,0.0000
Burst,32.95,4,2,0,0.0000,0.0000,0.0000,0.0000
Burst,32.95,5,0,0,0.0000,0.0000,0.0000,0.0000
Burst,32.95,5,1,0,0.0000,0.0000,0.0000,0.0000
Burst,32.95,5,2,0,0.0000,0.0000,0.0000,0.0000
Burst,32.95,6,0,0,0.0000,0.0000,0.0000,0.0000
Burst,32.95,6,1,0,0.0000,0.0000,0.0000,0.0000
Burst,32.95,6,2,0,0.0000,0.0000,0.0000,0.0000
Burst,32.95,7,0,0,0.0000,0.0000,0.0000,0.0000
Burst,32.95,7,1,4,0.0225,2.5320,-2.5213,0.1714
Burst,32.95,7,2,0,0.0000,0.0000,0.0000,0.0000
Burst,32.95,8,0,0,0.0000,0.0000,0.0000,0.0000
Burst,32.95,8,1,11,0.0619,2.1854,-2.1091,-0.4374
Burst,32.95,8,2,0,0.0000,0.0000,0.0000,0.0000
Burst,32.95,9,0,0,0.0000,0.0000,0.0000,0.0000
Burst,32.95,9,1,6,0.0338,1.5370,-1.3324,-0.7576
Burst,32.95,9,2,0,0.0000,0.0000,0.0000,0.0000
Burst,32.95,10,0,0,0.0000,0.0000,0.0000,0.0000
Burst,32.95,10,1,4,0.0225,2.6312,-2.6247,0.0041
Burst,32.95,10,2,0,0.0000,0.0000,0.0000,0.0000
Burst,32.95,11,0,0,0.0000,0.0000,0.0000,0.0000
Burst,32.95,11,1,11,0.0619,2.3273,-2.2331,-0.4987
Burst,32.95,11,2,0,0.0000,0.0000,0.0000,0.0000
Burst,32.95,12,0,0,0.0000,0.0000,0.0000,0.0000
Burst,32.95,12,1,7,0.0394,1.9071,-1.7602,-0.7062
Burst,32.95,12,2,2,0.0113,0.0000,0.0000,0.0000
Burst,32.95,13,0,0,0.0000,0.0000,0.0000,0.0000
Burst,32.95,13,1,0,0.0000,0.0000,0.0000,0.0000
Burst,32.95,13,2,0,0.0000,0.0000,0.0000,0.0000
Burst,32.95,14,0,0,0.0000,0.0000,0.0000,0.0000
Burst,32.95,14,1,0,0.0000,0.0000,0.0000,0.0000
Burst,32.95,14,2,0,0.0000,0.0000,0.0000,0.0000
Burst,32.95,15,0,0,0.0000,0.0000,0.0000,0.0000
Burst,32.95,15,1,1,0.0056,0.0000,0.0000,0.0000
Burst,32.95,15,2,1,0.0056,0.0000,0.0000,0.0000
Burst,32.95,16,0,0,0.0000,0.0000,0.0000,0.0000
Burst,32.95,16,1,8,0.0450,2.1897,2.1735,0.0025
Burst,32.95,16,2,3,0.0169,1.9884,1.9771,-0.0077
Burst,32.95,17,0,0,0.0000,0.0000,0.0000,0.0000
Burst,32.95,17,1,7,0.0394,2.4686,2.4359,-0.3333
Burst,32.95,17,2,0,0.0000,0.0000,0.0000,0.0000
Burst,32.95,18,0,0,0.0000,0.0000,0.0000,0.0000
Burst,32.95,18,1,2,0.0113,2.8391,2.8303,0.2161
Burst,32.95,18,2,0,0.0000,0.0000,0.0000,0.0000
Burst,32.95,19,0,0,0.0000,0.0000,0.0000,0.0000
Burst,32.95,19,1,8,0.0450,1.9742,1.9330,-0.3728
Burst,32.95,19,2,0,0.0000,0.0000,0.0000,0.0000
Burst,32.95,20,0,0,0.0000,0.0000,0.0000,0.0000
Burst,32.95,20,1,8,0.0450,2.3537,2.3217,-0.3374
Burst,32.95,20,2,0,0.0000,0.0000,0.0000,0.0000
Burst,32.95,21,0,0,0.0000,0.0000,0.0000,0.0000
Burst,32.95,21,1,2,0.0113,2.7362,2.6616,-0.6067
Burst,32.95,21,2,0,0.0000,0.0000,0.0000,0.0000
Burst,32.95,22,0,0,0.0000,0.0000,0.0000,0.0000
Burst,32.95,22,1,0,0.0000,0.0000,0.0000,0.0000
Burst,32.95,22,2,0,0.0000,0.0000,0.0000,0.0000
Burst,32.95,23,0,0,0.0000,0.0000,0.0000,0.0000
Burst,32.95,23,1,0,0.0000,0.0000,0.0000,0.0000
Burst,32.95,23,2,0,0.0000,0.0000,0.0000,0.0000
Burst,32.95,24,0,0,0.0000,0.0000,0.0000,0.0000
Burst,32.95,24,1,0,0.0000,0.0000,0.0000,0.0000
Burst,32.95,24,2,0,0.0000,0.0000,0.0000,0.0000
Burst,32.95,25,0,0,0.0000,0.0000,0.0000,0.0000
Burst,32.95,25,1,0,0.0000,0.0000,0.0000,0.0000
Burst,32.95,25,2,0,0.0000,0.0000,0.0000,0.0000
Burst,32.95,26,0,0,0.0000,0.0000,0.0000,0.0000
Burst,32.95,26,1,0,0.0000,0.0000,0.0000,0.0000
Burst,32.95,26,2,0,0.0000,0.0000,0.0000,0.0000
Burst,32.95,27,0,0,0.0000,0.0000,0.0000,0.0000
Burst,32.95,27,1,0,0.0000,0.0000,0.0000,0.0000
Burst,32.95,27,2,0,0.0000,0.0000,0.0000,0.0000
Burst,32.95,28,0,0,0.0000,0.0000,0.0000,0.0000
Burst,32.95,28,1,0,0.0000,0.0000,0.0000,0.0000
Burst,32.95,28,2,0,0.0000,0.0000,0.0000,0.0000
Burst,32.95,29,0,0,0.0000,0.0000,0.0000,0.0000
Burst,32.95,29,1,0,0.0000,0.0000,0.0000,0.0000
Burst,32.95,29,2,0,0.0000,0.0000,0.0000,0.0000
Burst,33.46,0,0,0,0.0000,0.0000,0.0000,0.0000
Burst,33.46,0,1,0,0.0000,0.0000,0.0000,0.0000
Burst,33.46,0,2,0,0.0000,0.0000,0.0000,0.0000
Burst,33.46,1,0,0,0.0000,0.0000,0.0000,0.0000
Burst,33.46,1,1,0,0.0000,0.0000,0.0000,0.0000
Burst,33.46,1,2,0,0.0000,0.0000,0.0000,0.0000
Burst,33.46,2,0,0,0.0000,0.0000,0.0000,0.0000
Burst,33.46,2,1,0,0.0000,0.0000,0.0000,0.0000
Burst,33.46,2,2,0,0.0000,0.0000,0.0000,0.0000
Burst,33.46,3,0,0,0.0000,0.0000,0.0000,0.0000
Burst,33.46,3,1,0,0.0000,0.0000,0.0000,0.0000
Burst,33.46,3,2,0,0.0000,0.0000,0.0000,0.0000
Burst,33.46,4,0,0,0.0000,0.0000,0.0000,0.0000
Burst,33.46,4,1,0,0.0000,0.0000,0.0000,0.0000
Burst,33.46,4,2,0,0.0000,0.0000,0.0000,0.0000
Burst,33.46,5,0,0,0.0000,0.0000,0.0000,0.0000
Burst,33.46,5,1,0,0.0000,0.0000,0.0000,0.0000
Burst,33.46,5,2,0,0.0000,0.0000,0.0000,0.0000
Burst,33.46,6,0,0,0.0000,0.0000,0.0000,0.0000
Burst,33.46,6,1,0,0.0000,0.0000,0.0000,0.0000
Burst,33.46,6,2,0,0.0000,0.0000,0.0000,0.0000
Burst,33.46,7,0,0,0.0000,0.0000,0.0000,0.0000
Burst,33.46,7,1,5,0.0281,2.4235,-2.4181,0.0400
Burst,33.46,7,2,0,0.0000,0.0000,0.0000,0.0000
Burst,33.46,8,0,0,0.0000,0.0000,0.0000,0.0000
Burst,33.46,8,1,11,0.0619,2.2100,-2.0825,-0.5716
Burst,33.46,8,2,0,0.0000,0.0000,0.0000,0.0000
Burst,33.46,9,0,0,0.0000,0.0000,0.0000,0.0000
Burst,33.46,9,1,7,0.0394,1.7384,-1.5586,-0.5981
Burst,33.46,9,2,0,0.0000,0.0000,0.0000,0.0000
Burst,33.46,10,0,0,0.0000,0.0000,0.0000,0.0000
Burst,33.46,10,1,4,0.0225,2.5983,-2.5949,-0.1010
Burst,33.46,10,2,0,0.0000,0.0000,0.0000,0.0000
Burst,33.46,11,0,0,0.0000,0.0000,0.0000,0.0000
Burst,33.46,11,1,10,0.0563,2.1883,-2.0847,-0.5282
Burst,33.46,11,2,0,0.0000,0.0000,0.0000,0.0000
Burst,33.46,12,0,0,0.0000,0.0000,0.0000,0.0000
Burst,33.46,12,1,10,0.0563,1.8440,-1.6505,-0.7924
Burst,33.46,12,2,0,0.0000,0.0000,0.0000,0.0000
Burst,33.46,13,0,0,0.0000,0.0000,0.0000,0.0000
Burst,33.46,13,1,0,0.0000,0.0000,0.0000,0.0000
Burst,33.46,13,2,0,0.0000,0.0000,0.0000,0.0000
Burst,33.46,14,0,0,0.0000,0.0000,0.0000,0.0000
Burst,33.46,14,1,0,0.0000,0.0000,0.0000,0.0000
Burst,33.46,14,2,0,0.0000,0.0000,0.0000,0.0000
Burst,33.46,15,0,0,0.0000,0.0000,0.0000,0.0000
Burst,33.46,15,1,2,0.0113,1.1540,1.1119,-0.3089
Burst,33.46,15,2,1,0.0056,2.0785,2.0773,-0.0705
Burst,33.46,16,0,0,0.0000,0.0000,0.0000,0.0000
Burst,33.46,16,1,5,0.0281,2.1510,2.1401,-0.0963
Burst,33.46,16,2,5,0.0281,2.1125,2.0918,0.1878
Burst,33.46,17,0,0,0.0000,0.0000,0.0000,0.0000
Burst,33.46,17,1,8,0.0450,2.4012,2.3879,-0.2270
Burst,33.46,17,2,0,0.0000,0.0000,0.0000,0.0000
Burst,33.46,18,0,0,0.0000,0.0000,0.0000,0.0000
Burst,33.46,18,1,3,0.0169,1.8955,1.8925,-0.0519
Burst,33.46,18,2,0,0.0000,0.0000,0.0000,0.0000
Burst,33.46,19,0,0,0.0000,0.0000,0.0000,0.0000
Burst,33.46,19,1,8,0.0450,2.2492,2.2284,-0.2715
Burst,33.46,19,2,0,0.0000,0.0000,0.0000,0.0000
Burst,33.46,20,0,0,0.0000,0.0000,0.0000,0.0000
Burst,33.46,20,1,7,0.0394,2.2931,2.2611,-0.3298
Burst,33.46,20,2,0,0.0000,0.0000,0.0000,0.0000
Burst,33.46,21,0,0,0.0000,0.0000,0.0000,0.0000
Burst,33.46,21,1,3,0.0169,2.7533,2.7021,-0.5161
Burst,33.46,21,2,0,0.0000,0.0000,0.0000,0.0000
Burst,33.46,22,0,0,0.0000,0.0000,0.0000,0.0000
Burst,33.46,22,1,0,0.0000,0.0000,0.0000,0.0000
Burst,33.46,22,2,0,0.0000,0.0000,0.0000,0.0000
Burst,33.46,23,0,0,0.0000,0.0000,0.0000,0.0000
Burst,33.46,23,1,0,0.0000,0.0000,0.0000,0.0000
Burst,33.46,23,2,0,0.0000,0.0000,0.0000,0.0000
Burst,33.46,24,0,0,0.0000,0.0000,0.0000,0.0000
Burst,33.46,24,1,0,0.0000,0.0000,0.0000,0.0000
Burst,33.46,24,2,0,0.0000,0.0000,0.0000,0.0000
Burst,33.46,25,0,0,0.0000,0.0000,0.0000,0.0000
Burst,33.46,25,1,0,0.0000,0.0000,0.0000,0.0000
Burst,33.46,25,2,0,0.0000,0.0000,0.0000,0.0000
Burst,33.46,26,0,0,0.0000,0.0000,0.0000,0.0000
Burst,33.46,26,1,0,0.0000,0.0000,0.0000,0.0000
Burst,33.46,26,2,0,0.0000,0.0000,0.0000,0.0000
Burst,33.46,27,0,0,0.0000,0.0000,0.0000,0.0000
Burst,33.46,27,1,0,0.0000,0.0000,0.0000,0.0000
Burst,33.46,27,2,0,0.0000,0.0000,0.0000,0.0000
Burst,33.46,28,0,0,0.0000,0.0000,0.0000,0.0000
Burst,33.46,28,1,0,0.0000,0.0000,0.0000,0.0000
Burst,33.46,28,2,0,0.0000,0.0000,0.0000,0.0000
Burst,33.46,29,0,0,0.0000,0.0000,0.0000,0.0000
Burst,33.46,29,1,0,0.0000,0.0000,0.0000,0.0000
Burst,33.46,29,2,0,0.0000,0.0000,0.0000,0.0000
Burst,33.99,0,0,0,0.0000,0.0000,0.0000,0.0000
Burst,33.99,0,1,0,0.0000,0.0000,0.0000,0.0000
Burst,33.99,0,2,0,0.0000,0.0000,0.0000,0.0000
Burst,33.99,1,0,0,0.0000,0.0000,0.0000,0.0000
Burst,33.99,1,1,0,0.0000,0.0000,0.0000,0.0000
Burst,33.99,1,2,0,0.0000,0.0000,0.0000,0.0000
Burst,33.99,2,0,0,0.0000,0.0000,0.0000,0.0000
Burst,33.99,2,1,0,0.0000,0.0000,0.0000,0.0000
Burst,33.99,2,2,0,0.0000,0.0000,0.0000,0.0000
Burst,33.99,3,0,0,0.0000,0.0000,0.0000,0.0000
Burst,33.99,3,1,0,0.0000,0.0000,0.0000,0.0000
Burst,33.99,3,2,0,0.0000,0.0000,0.0000,0.0000
Burst,33.99,4,0,0,0.0000,0.0000,0.0000,0.0000
Burst,33.99,4,1,0,0.0000,0.0000,0.0000,0.0000
Burst,33.99,4,2,0,0.0000,0.0000,0.0000,0.0000
Burst,33.99,5,0,0,0.0000,0.0000,0.0000,0.0000
Burst,33.99,5,1,0,0.0000,0.0000,0.0000,0.0000
Burst,33.99,5,2,0,0.0000,0.0000,0.0000,0.0000
Burst,33.99,6,0,0,0.0000,0.0000,0.0000,0.0000
Burst,33.99,6,1,0,0.0000,0.0000,0.0000,0.0000
Burst,33.99,6,2,0,0.0000,0.0000,0.0000,0.0000
Burst,33.99,7,0,0,0.0000,0.0000,0.0000,0.0000
Burst,33.99,7,1,5,0.0281,2.2278,-2.2114,0.1023
Burst,33.99,7,2,0,0.0000,0.0000,0.0000,0.0000
Burst,33.99,8,0,0,0.0000,0.0000,0.0000,0.0000
Burst,33.99,8,1,12,0.0675,1.9925,-1.8526,-0.5527
Burst,33.99,8,2,0,0.0000,0.0000,0.0000,0.0000
Burst,33.99,9,0,0,0.0000,0.0000,0.0000,0.0000
Burst,33.99,9,1,7,0.0394,1.8100,-1.5050,-0.8603
Burst,33.99,9,2,0,0.0000,0.0000,0.0000,0.0000
Burst,33.99,10,0,0,0.0000,0.0000,0.0000,0.0000
Burst,33.99,10,1,5,0.0281,2.5017,-2.4898,-0.2181
Burst,33.99,10,2,0,0.0000,0.0000,0.0000,0.0000
Burst,33.99,11,0,0,0.0000,0.0000,0.0000,0.0000
Burst,33.99,11,1,11,0.0619,2.1835,-2.1127,-0.4787
Burst,33.99,11,2,0,0.0000,0.0000,0.0000,0.0000
Burst,33.99,12,0,0,0.0000,0.0000,0.0000,0.0000
Burst,33.99,12,1,8,0.0450,1.8495,-1.6274,-0.8397
Burst,33.99,12,2,0,0.0000,0.0000,0.0000,0.0000
Burst,33.99,13,0,0,0.0000,0.0000,0.0000,0.0000
Burst,33.99,13,1,0,0.0000,0.0000,0.0000,0.0000
Burst,33.99,13,2,0,0.0000,0.0000,0.0000,0.0000
Burst,33.99,14,0,0,0.0000,0.0000,0.0000,0.0000
Burst,33.99,14,1,0,0.0000,0.0000,0.0000,0.0000
Burst,33.99,14,2,0,0.0000,0.0000,0.0000,0.0000
Burst,33.99,15,0,0,0.0000,0.0000,0.0000,0.0000
Burst,33.99,15,1,2,0.0113,0.9798,0.8388,-0.5065
Burst,33.99,15,2,1,0.0056,2.1136,2.1130,-0.0521
Burst,33.99,16,0,0,0.0000,0.0000,0.0000,0.0000
Burst,33.99,16,1,5,0.0281,2.2140,2.1973,-0.1808
Burst,33.99,16,2,5,0.0281,2.0752,2.0735,-0.0555
Burst,33.99,17,0,0,0.0000,0.0000,0.0000,0.0000
Burst,33.99,17,1,8,0.0450,2.1813,2.1715,-0.1815
Burst,33.99,17,2,0,0.0000,0.0000,0.0000,0.0000
Burst,33.99,18,0,0,0.0000,0.0000,0.0000,0.0000
Burst,33.99,18,1,3,0.0169,2.8430,2.8344,-0.1269
Burst,33.99,18,2,0,0.0000,0.0000,0.0000,0.0000
Burst,33.99,19,0,0,0.0000,0.0000,0.0000,0.0000
Burst,33.99,19,1,8,0.0450,2.2214,2.1803,-0.2915
Burst,33.99,19,2,0,0.0000,0.0000,0.0000,0.0000
Burst,33.99,20,0,0,0.0000,0.0000,0.0000,0.0000
Burst,33.99,20,1,8,0.0450,2.2632,2.2140,-0.3968
Burst,33.99,20,2,0,0.0000,0.0000,0.0000,0.0000
Burst,33.99,21,0,0,0.0000,0.0000,0.0000,0.0000
Burst,33.99,21,1,3,0.0169,2.4905,2.4788,0.1048
Burst,33.99,21,2,0,0.0000,0.0000,0.0000,0.0000
Burst,33.99,22,0,0,0.0000,0.0000,0.0000,0.0000
Burst,33.99,22,1,0,0.0000,0.0000,0.0000,0.0000
Burst,33.99,22,2,0,0.0000,0.0000,0.0000,0.0000
Burst,33.99,23,0,0,0.0000,0.0000,0.0000,0.0000
Burst,33.99,23,1,0,0.0000,0.0000,0.0000,0.0000
Burst,33.99,23,2,0,0.0000,0.0000,0.0000,0.0000
Burst,33.99,24,0,0,0.0000,0.0000,0.0000,0.0000
Burst,33.99,24,1,0,0.0000,0.0000,0.0000,0.0000
Burst,33.99,24,2,0,0.0000,0.0000,0.0000,0.0000
Burst,33.99,25,0,0,0.0000,0.0000,0.0000,0.0000
Burst,33.99,25,1,0,0.0000,0.0000,0.0000,0.0000
Burst,33.99,25,2,0,0.0000,0.0000,0.0000,0.0000
Burst,33.99,26,0,0,0.0000,0.0000,0.0000,0.0000
Burst,33.99,26,1,0,0.0000,0.0000,0.0000,0.0000
Burst,33.99,26,2,0,0.0000,0.0000,0.0000,0.0000
Burst,33.99,27,0,0,0.0000,0.0000,0.0000,0.0000
Burst,33.99,27,1,0,0.0000,0.0000,0.0000,0.0000
Burst,33.99,27,2,0,0.0000,0.0000,0.0000,0.0000
Burst,33.99,28,0,0,0.0000,0.0000,0.0000,0.0000
Burst,33.99,28,1,0,0.0000,0.0000,0.0000,0.0000
Burst,33.99,28,2,0,0.0000,0.0000,0.0000,0.0000
Burst,33.99,29,0,0,0.0000,0.0000,0.0000,0.0000
Burst,33.99,29,1,0,0.0000,0.0000,0.0000,0.0000
Burst,33.99,29,2,0,0.0000,0.0000,0.0000,0.0000
Burst,34.51,0,0,0,0.0000,0.0000,0.0000,0.0000
Burst,34.51,0,1,0,0.0000,0.0000,0.0000,0.0000
Burst,34.51,0,2,0,0.0000,0.0000,0.0000,0.0000
Burst,34.51,1,0,0,0.0000,0.0000,0.0000,0.0000
Burst,34.51,1,1,0,0.0000,0.0000,0.0000,0.0000
Burst,34.51,1,2,0,0.0000,0.0000,0.0000,0.0000
Burst,34.51,2,0,0,0.0000,0.0000,0.0000,0.0000
Burst,34.51,2,1,0,0.0000,0.0000,0.0000,0.0000
Burst,34.51,2,2,0,0.0000,0.0000,0.0000,0.0000
Burst,34.51,3,0,0,0.0000,0.0000,0.0000,0.0000
Burst,34.51,3,1,0,0.0000,0.0000,0.0000,0.0000
Burst,34.51,3,2,0,0.0000,0.0000,0.0000,0.0000
Burst,34.51,4,0,0,0.0000,0.0000,0.0000,0.0000
Burst,34.51,4,1,0,0.0000,0.0000,0.0000,0.0000
Burst,34.51,4,2,0,0.0000,0.0000,0.0000,0.0000
Burst,34.51,5,0,0,0.0000,0.0000,0.0000,0.0000
Burst,34.51,5,1,0,0.0000,0.0000,0.0000,0.0000
Burst,34.51,5,2,0,0.0000,0.0000,0.0000,0.0000
Burst,34.51,6,0,0,0.0000,0.0000,0.0000,0.0000
Burst,34.51,6,1,1,0.0056,2.8084,-2.7961,0.2622
Burst,34.51,6,2,0,0.0000,0.0000,0.0000,0.0000
Burst,34.51,7,0,0,0.0000,0.0000,0.0000,0.0000
Burst,34.51,7,1,7,0.0394,2.2740,-2.2302,-0.1478
Burst,34.51,7,2,0,0.0000,0.0000,0.0000,0.0000
Burst,34.51,8,0,0,0.0000,0.0000,0.0000,0.0000
Burst,34.51,8,1,10,0.0563,2.0934,-1.9612,-0.5782
Burst,34.51,8,2,0,0.0000,0.0000,0.0000,0.0000
Burst,34.51,9,0,0,0.0000,0.0000,0.0000,0.0000
Burst,34.51,9,1,7,0.0394,1.6802,-1.4437,-0.7670
Burst,34.51,9,2,0,0.0000,0.0000,0.0000,0.0000
Burst,34.51,10,0,0,0.0000,0.0000,0.0000,0.0000
Burst,34.51,10,1,6,0.0338,2.4867,-2.4750,-0.1515
Burst,34.51,10,2,0,0.0000,0.0000,0.0000,0.0000
Burst,34.51,11,0,0,0.0000,0.0000,0.0000,0.0000
Burst,34.51,11,1,11,0.0619,2.1318,-2.0689,-0.4462
Burst,34.51,11,2,0,0.0000,0.0000,0.0000,0.0000
Burst,34.51,12,0,0,0.0000,0.0000,0.0000,0.0000
Burst,34.51,12,1,7,0.0394,1.8275,-1.5222,-0.9870
Burst,34.51,12,2,1,0.0056,0.0000,0.0000,0.0000
Burst,34.51,13,0,0,0.0000,0.0000,0.0000,0.0000
Burst,34.51,13,1,0,0.0000,0.0000,0.0000,0.0000
Burst,34.51,13,2,0,0.0000,0.0000,0.0000,0.0000
Burst,34.51,14,0,0,0.0000,0.0000,0.0000,0.0000
Burst,34.51,14,1,0,0.0000,0.0000,0.0000,0.0000
Burst,34.51,14,2,0,0.0000,0.0000,0.0000,0.0000
Burst,34.51,15,0,0,0.0000,0.0000,0.0000,0.0000
Burst,34.51,15,1,1,0.0056,2.0980,2.0978,0.0276
Burst,34.51,15,2,0,0.0000,0.0000,0.0000,0.0000
Burst,34.51,16,0,0,0.0000,0.0000,0.0000,0.0000
Burst,34.51,16,1,5,0.0281,2.0118,1.9894,-0.1718
Burst,34.51,16,2,6,0.0338,2.2591,2.2574,-0.0609
Burst,34.51,17,0,0,0.0000,0.0000,0.0000,0.0000
Burst,34.51,17,1,8,0.0450,2.2314,2.2147,-0.1790
Burst,34.51,17,2,0,0.0000,0.0000,0.0000,0.0000
Burst,34.51,18,0,0,0.0000,0.0000,0.0000,0.0000
Burst,34.51,18,1,4,0.0225,2.8231,2.8069,-0.2565
Burst,34.51,18,2,0,0.0000,0.0000,0.0000,0.0000
Burst,34.51,19,0,0,0.0000,0.0000,0.0000,0.0000
Burst,34.51,19,1,7,0.0394,2.4595,2.4019,-0.3278
Burst,34.51,19,2,0,0.0000,0.0000,0.0000,0.0000
Burst,34.51,20,0,0,0.0000,0.0000,0.0000,0.0000
Burst,34.51,20,1,8,0.0450,2.2652,2.2451,-0.2013
Burst,34.51,20,2,0,0.0000,0.0000,0.0000,0.0000
Burst,34.51,21,0,0,0.0000,0.0000,0.0000,0.0000
Burst,34.51,21,1,4,0.0225,2.6087,2.5380,-0.4190
Burst,34.51,21,2,0,0.0000,0.0000,0.0000,0.0000
Burst,34.51,22,0,0,0.0000,0.0000,0.0000,0.0000
Burst,34.51,22,1,0,0.0000,0.0000,0.0000,0.0000
Burst,34.51,22,2,0,0.0000,0.0000,0.0000,0.0000
Burst,34.51,23,0,0,0.0000,0.0000,0.0000,0.0000
Burst,34.51,23,1,0,0.0000,0.0000,0.0000,0.0000
Burst,34.51,23,2,0,0.0000,0.0000,0.0000,0.0000
Burst,34.51,24,0,0,0.0000,0.0000,0.0000,0.0000
Burst,34.51,24,1,0,0.0000,0.0000,0.0000,0.0000
Burst,34.51,24,2,0,0.0000,0.0000,0.0000,0.0000
Burst,34.51,25,0,0,0.0000,0.0000,0.0000,0.0000
Burst,34.51,25,1,0,0.0000,0.0000,0.0000,0.0000
Burst,34.51,25,2,0,0.0000,0.0000,0.0000,0.0000
Burst,34.51,26,0,0,0.0000,0.0000,0.0000,0.0000
Burst,34.51,26,1,0,0.0000,0.0000,0.0000,0.0000
Burst,34.51,26,2,0,0.0000,0.0000,0.0000,0.0000
Burst,34.51,27,0,0,0.0000,0.0000,0.0000,0.0000
Burst,34.51,27,1,0,0.0000,0.0000,0.0000,0.0000
Burst,34.51,27,2,0,0.0000,0.0000,0.0000,0.0000
Burst,34.51,28,0,0,0.0000,0.0000,0.0000,0.0000
Burst,34.51,28,1,0,0.0000,0.0000,0.0000,0.0000
Burst,34.51,28,2,0,0.0000,0.0000,0.0000,0.0000
Burst,34.51,29,0,0,0.0000,0.0000,0.0000,0.0000
Burst,34.51,29,1,0,0.0000,0.0000,0.0000,0.0000
Burst,34.51,29,2,0,0.0000,0.0000,0.0000,0.0000
Burst,35.07,0,0,0,0.0000,0.0000,0.0000,0.0000
Burst,35.07,0,1,0,0.0000,0.0000,0.0000,0.0000
Burst,35.07,0,2,0,0.0000,0.0000,0.0000,0.0000
Burst,35.07,1,0,0,0.0000,0.0000,0.0000,0.0000
Burst,35.07,1,1,0,0.0000,0.0000,0.0000,0.0000
Burst,35.07,1,2,0,0.0000,0.0000,0.0000,0.0000
Burst,35.07,2,0,0,0.0000,0.0000,0.0000,0.0000
Burst,35.07,2,1,0,0.0000,0.0000,0.0000,0.0000
Burst,35.07,2,2,0,0.0000,0.0000,0.0000,0.0000
Burst,35.07,3,0,0,0.0000,0.0000,0.0000,0.0000
Burst,35.07,3,1,0,0.0000,0.0000,0.0000,0.0000
Burst,35.07,3,2,0,0.0000,0.0000,0.0000,0.0000
Burst,35.07,4,0,0,0.0000,0.0000,0.0000,0.0000
Burst,35.07,4,1,0,0.0000,0.0000,0.0000,0.0000
Burst,35.07,4,2,0,0.0000,0.0000,0.0000,0.0000
Burst,35.07,5,0,0,0.0000,0.0000,0.0000,0.0000
Burst,35.07,5,1,0,0.0000,0.0000,0.0000,0.0000
Burst,35.07,5,2,0,0.0000,0.0000,0.0000,0.0000
Burst,35.07,6,0,0,0.0000,0.0000,0.0000,0.0000
Burst,35.07,6,1,1,0.0056,2.7638,-2.7609,-0.1273
Burst,35.07,6,2,0,0.0000,0.0000,0.0000,0.0000
Burst,35.07,7,0,0,0.0000,0.0000,0.0000,0.0000
Burst,35.07,7,1,7,0.0394,2.1396,-2.0996,-0.0218
Burst,35.07,7,2,0,0.0000,0.0000,0.0000,0.0000
Burst,35.07,8,0,0,0.0000,0.0000,0.0000,0.0000
Burst,35.07,8,1,11,0.0619,2.1054,-1.9822,-0.5615
Burst,35.07,8,2,0,0.0000,0.0000,0.0000,0.0000
Burst,35.07,9,0,0,0.0000,0.0000,0.0000,0.0000
Burst,35.07,9,1,7,0.0394,1.7523,-1.4792,-0.7693
Burst,35.07,9,2,0,0.0000,0.0000,0.0000,0.0000
Burst,35.07,10,0,0,0.0000,0.0000,0.0000,0.0000
Burst,35.07,10,1,6,0.0338,2.3369,-2.3164,-0.2425
Burst,35.07,10,2,0,0.0000,0.0000,0.0000,0.0000
Burst,35.07,11,0,0,0.0000,0.0000,0.0000,0.0000
Burst,35.07,11,1,11,0.0619,2.1952,-2.1157,-0.4684
Burst,35.07,11,2,0,0.0000,0.0000,0.0000,0.0000
Burst,35.07,12,0,0,0.0000,0.0000,0.0000,0.0000
Burst,35.07,12,1,8,0.0450,1.7889,-1.5357,-0.9003
Burst,35.07,12,2,1,0.0056,1.4604,-1.3680,-0.5113
Burst,35.07,13,0,0,0.0000,0.0000,0.0000,0.0000
Burst,35.07,13,1,0,0.0000,0.0000,0.0000,0.0000
Burst,35.07,13,2,0,0.0000,0.0000,0.0000,0.0000
Burst,35.07,14,0,0,0.0000,0.0000,0.0000,0.0000
Burst,35.07,14,1,0,0.0000,0.0000,0.0000,0.0000
Burst,35.07,14,2,0,0.0000,0.0000,0.0000,0.0000
Burst,35.07,15,0,0,0.0000,0.0000,0.0000,0.0000
Burst,35.07,15,1,0,0.0000,0.0000,0.0000,0.0000
Burst,35.07,15,2,2,0.0113,0.0000,0.0000,0.0000
Burst,35.07,16,0,0,0.0000,0.0000,0.0000,0.0000
Burst,35.07,16,1,8,0.0450,2.1757,2.1532,-0.1637
Burst,35.07,16,2,4,0.0225,2.2170,2.2158,-0.0041
Burst,35.07,17,0,0,0.0000,0.0000,0.0000,0.0000
Burst,35.07,17,1,8,0.0450,2.3775,2.3570,-0.2588
Burst,35.07,17,2,0,0.0000,0.0000,0.0000,0.0000
Burst,35.07,18,0,0,0.0000,0.0000,0.0000,0.0000
Burst,35.07,18,1,4,0.0225,2.8314,2.8138,-0.2677
Burst,35.07,18,2,0,0.0000,0.0000,0.0000,0.0000
Burst,35.07,19,0,0,0.0000,0.0000,0.0000,0.0000
Burst,35.07,19,1,7,0.0394,1.9176,1.8810,-0.2874
Burst,35.07,19,2,0,0.0000,0.0000,0.0000,0.0000
Burst,35.07,20,0,0,0.0000,0.0000,0.0000,0.0000
Burst,35.07,20,1,8,0.0450,2.2977,2.2847,-0.1191
Burst,35.07,20,2,0,0.0000,0.0000,0.0000,0.0000
Burst,35.07,21,0,0,0.0000,0.0000,0.0000,0.0000
Burst,35.07,21,1,5,0.0281,2.4924,2.4668,-0.2749
Burst,35.07,21,2,0,0.0000,0.0000,0.0000,0.0000
Burst,35.07,22,0,0,0.0000,0.0000,0.0000,0.0000
Burst,35.07,22,1,0,0.0000,0.0000,0.0000,0.0000
Burst,35.07,22,2,0,0.0000,0.0000,0.0000,0.0000
Burst,35.07,23,0,0,0.0000,0.0000,0.0000,0.0000
Burst,35.07,23,1,0,0.0000,0.0000,0.0000,0.0000
Burst,35.07,23,2,0,0.0000,0.0000,0.0000,0.0000
Burst,35.07,24,0,0,0.0000,0.0000,0.0000,0.0000
Burst,35.07,24,1,0,0.0000,0.0000,0.0000,0.0000
Burst,35.07,24,2,0,0.0000,0.0000,0.0000,0.0000
Burst,35.07,25,0,0,0.0000,0.0000,0.0000,0.0000
Burst,35.07,25,1,0,0.0000,0.0000,0.0000,0.0000
Burst,35.07,25,2,0,0.0000,0.0000,0.0000,0.0000
Burst,35.07,26,0,0,0.0000,0.0000,0.0000,0.0000
Burst,35.07,26,1,0,0.0000,0.0000,0.0000,0.0000
Burst,35.07,26,2,0,0.0000,0.0000,0.0000,0.0000
Burst,35.07,27,0,0,0.0000,0.0000,0.0000,0.0000
Burst,35.07,27,1,0,0.0000,0.0000,0.0000,0.0000
Burst,35.07,27,2,0,0.0000,0.0000,0.0000,0.0000
Burst,35.07,28,0,0,0.0000,0.0000,0.0000,0.0000
Burst,35.07,28,1,0,0.0000,0.0000,0.0000,0.0000
Burst,35.07,28,2,0,0.0000,0.0000,0.0000,0.0000
Burst,35.07,29,0,0,0.0000,0.0000,0.0000,0.0000
Burst,35.07,29,1,0,0.0000,0.0000,0.0000,0.0000
Burst,35.07,29,2,0,0.0000,0.0000,0.0000,0.0000
Burst,35.60,0,0,0,0.0000,0.0000,0.0000,0.0000
Burst,35.60,0,1,0,0.0000,0.0000,0.0000,0.0000
Burst,35.60,0,2,0,0.0000,0.0000,0.0000,0.0000
Burst,35.60,1,0,0,0.0000,0.0000,0.0000,0.0000
Burst,35.60,1,1,0,0.0000,0.0000,0.0000,0.0000
Burst,35.60,1,2,0,0.0000,0.0000,0.0000,0.0000
Burst,35.60,2,0,0,0.0000,0.0000,0.0000,0.0000
Burst,35.60,2,1,0,0.0000,0.0000,0.0000,0.0000
Burst,35.60,2,2,0,0.0000,0.0000,0.0000,0.0000
Burst,35.60,3,0,0,0.0000,0.0000,0.0000,0.0000
Burst,35.60,3,1,0,0.0000,0.0000,0.0000,0.0000
Burst,35.60,3,2,0,0.0000,0.0000,0.0000,0.0000
Burst,35.60,4,0,0,0.0000,0.0000,0.0000,0.0000
Burst,35.60,4,1,0,0.0000,0.0000,0.0000,0.0000
Burst,35.60,4,2,0,0.0000,0.0000,0.0000,0.0000
Burst,35.60,5,0,0,0.0000,0.0000,0.0000,0.0000
Burst,35.60,5,1,0,0.0000,0.0000,0.0000,0.0000
Burst,35.60,5,2,0,0.0000,0.0000,0.0000,0.0000
Burst,35.60,6,0,0,0.0000,0.0000,0.0000,0.0000
Burst,35.60,6,1,2,0.0113,2.7057,-2.6819,0.1376
Burst,35.60,6,2,0,0.0000,0.0000,0.0000,0.0000
Burst,35.60,7,0,0,0.0000,0.0000,0.0000,0.0000
Burst,35.60,7,1,6,0.0338,2.2884,-2.2610,-0.2064
Burst,35.60,7,2,0,0.0000,0.0000,0.0000,0.0000
Burst,35.60,8,0,0,0.0000,0.0000,0.0000,0.0000
Burst,35.60,8,1,11,0.0619,1.9536,-1.8956,-0.2953
Burst,35.60,8,2,0,0.0000,0.0000,0.0000,0.0000
Burst,35.60,9,0,0,0.0000,0.0000,0.0000,0.0000
Burst,35.60,9,1,9,0.0506,1.9512,-1.7635,-0.6512
Burst,35.60,9,2,0,0.0000,0.0000,0.0000,0.0000
Burst,35.60,10,0,0,0.0000,0.0000,0.0000,0.0000
Burst,35.60,10,1,6,0.0338,2.3421,-2.3414,-0.0020
Burst,35.60,10,2,0,0.0000,0.0000,0.0000,0.0000
Burst,35.60,11,0,0,0.0000,0.0000,0.0000,0.0000
Burst,35.60,11,1,10,0.0563,2.0777,-1.9563,-0.5514
Burst,35.60,11,2,0,0.0000,0.0000,0.0000,0.0000
Burst,35.60,12,0,0,0.0000,0.0000,0.0000,0.0000
Burst,35.60,12,1,9,0.0506,1.8587,-1.5629,-0.9668
Burst,35.60,12,2,1,0.0056,0.0000,0.0000,0.0000
Burst,35.60,13,0,0,0.0000,0.0000,0.0000,0.0000
Burst,35.60,13,1,0,0.0000,0.0000,0.0000,0.0000
Burst,35.60,13,2,0,0.0000,0.0000,0.0000,0.0000
Burst,35.60,14,0,0,0.0000,0.0000,0.0000,0.0000
Burst,35.60,14,1,0,0.0000,0.0000,0.0000,0.0000
Burst,35.60,14,2,0,0.0000,0.0000,0.0000,0.0000
Burst,35.60,15,0,0,0.0000,0.0000,0.0000,0.0000
Burst,35.60,15,1,0,0.0000,0.0000,0.0000,0.0000
Burst,35.60,15,2,3,0.0169,1.3205,1.3128,0.1244
Burst,35.60,16,0,0,0.0000,0.0000,0.0000,0.0000
Burst,35.60,16,1,10,0.0563,2.0395,2.0284,-0.0939
Burst,35.60,16,2,0,0.0000,0.0000,0.0000,0.0000
Burst,35.60,17,0,0,0.0000,0.0000,0.0000,0.0000
Burst,35.60,17,1,8,0.0450,2.3426,2.3225,-0.2409
Burst,35.60,17,2,1,0.0056,2.5832,2.5758,-0.1945
Burst,35.60,18,0,0,0.0000,0.0000,0.0000,0.0000
Burst,35.60,18,1,5,0.0281,2.8548,2.8373,-0.2743
Burst,35.60,18,2,0,0.0000,0.0000,0.0000,0.0000
Burst,35.60,19,0,0,0.0000,0.0000,0.0000,0.0000
Burst,35.60,19,1,7,0.0394,2.2528,2.1894,-0.4313
Burst,35.60,19,2,0,0.0000,0.0000,0.0000,0.0000
Burst,35.60,20,0,0,0.0000,0.0000,0.0000,0.0000
Burst,35.60,20,1,7,0.0394,2.3272,2.3081,-0.2786
Burst,35.60,20,2,0,0.0000,0.0000,0.0000,0.0000
Burst,35.60,21,0,0,0.0000,0.0000,0.0000,0.0000
Burst,35.60,21,1,5,0.0281,2.5338,2.5077,-0.2990
Burst,35.60,21,2,0,0.0000,0.0000,0.0000,0.0000
Burst,35.60,22,0,0,0.0000,0.0000,0.0000,0.0000
Burst,35.60,22,1,1,0.0056,2.7358,2.7210,-0.2836
Burst,35.60,22,2,0,0.0000,0.0000,0.0000,0.0000
Burst,35.60,23,0,0,0.0000,0.0000,0.0000,0.0000
Burst,35.60,23,1,0,0.0000,0.0000,0.0000,0.0000
Burst,35.60,23,2,0,0.0000,0.0000,0.0000,0.0000
Burst,35.60,24,0,0,0.0000,0.0000,0.0000,0.0000
Burst,35.60,24,1,0,0.0000,0.0000,0.0000,0.0000
Burst,35.60,24,2,0,0.0000,0.0000,0.0000,0.0000
Burst,35.60,25,0,0,0.0000,0.0000,0.0000,0.0000
Burst,35.60,25,1,0,0.0000,0.0000,0.0000,0.0000
Burst,35.60,25,2,0,0.0000,0.0000,0.0000,0.0000
Burst,35.60,26,0,0,0.0000,0.0000,0.0000,0.0000
Burst,35.60,26,1,0,0.0000,0.0000,0.0000,0.0000
Burst,35.60,26,2,0,0.0000,0.0000,0.0000,0.0000
Burst,35.60,27,0,0,0.0000,0.0000,0.0000,0.0000
Burst,35.60,27,1,0,0.0000,0.0000,0.0000,0.0000
Burst,35.60,27,2,0,0.0000,0.0000,0.0000,0.0000
Burst,35.60,28,0,0,0.0000,0.0000,0.0000,0.0000
Burst,35.60,28,1,0,0.0000,0.0000,0.0000,0.0000
Burst,35.60,28,2,0,0.0000,0.0000,0.0000,0.0000
Burst,35.60,29,0,0,0.0000,0.0000,0.0000,0.0000
Burst,35.60,29,1,0,0.0000,0.0000,0.0000,0.0000
Burst,35.60,29,2,0,0.0000,0.0000,0.0000,0.0000
Burst,36.30,0,0,0,0.0000,0.0000,0.0000,0.0000
Burst,36.30,0,1,0,0.0000,0.0000,0.0000,0.0000
Burst,36.30,0,2,0,0.0000,0.0000,0.0000,0.0000
Burst,36.30,1,0,0,0.0000,0.0000,0.0000,0.0000
Burst,36.30,1,1,0,0.0000,0.0000,0.0000,0.0000
Burst,36.30,1,2,0,0.0000,0.0000,0.0000,0.0000
Burst,36.30,2,0,0,0.0000,0.0000,0.0000,0.0000
Burst,36.30,2,1,0,0.0000,0.0000,0.0000,0.0000
Burst,36.30,2,2,0,0.0000,0.0000,0.0000,0.0000
Burst,36.30,3,0,0,0.0000,0.0000,0.0000,0.0000
Burst,36.30,3,1,0,0.0000,0.0000,0.0000,0.0000
Burst,36.30,3,2,0,0.0000,0.0000,0.0000,0.0000
Burst,36.30,4,0,0,0.0000,0.0000,0.0000,0.0000
Burst,36.30,4,1,0,0.0000,0.0000,0.0000,0.0000
Burst,36.30,4,2,0,0.0000,0.0000,0.0000,0.0000
Burst,36.30,5,0,0,0.0000,0.0000,0.0000,0.0000
Burst,36.30,5,1,0,0.0000,0.0000,0.0000,0.0000
Burst,36.30,5,2,0,0.0000,0.0000,0.0000,0.0000
Burst,36.30,6,0,0,0.0000,0.0000,0.0000,0.0000
Burst,36.30,6,1,2,0.0113,6.6707,-5.9310,2.7149
Burst,36.30,6,2,0,0.0000,0.0000,0.0000,0.0000
Burst,36.30,7,0,0,0.0000,0.0000,0.0000,0.0000
Burst,36.30,7,1,7,0.0394,2.2870,-2.2804,-0.0018
Burst,36.30,7,2,0,0.0000,0.0000,0.0000,0.0000
Burst,36.30,8,0,0,0.0000,0.0000,0.0000,0.0000
Burst,36.30,8,1,13,0.0731,1.9876,-1.9278,-0.3963
Burst,36.30,8,2,0,0.0000,0.0000,0.0000,0.0000
Burst,36.30,9,0,0,0.0000,0.0000,0.0000,0.0000
Burst,36.30,9,1,8,0.0450,1.8231,-1.6813,-0.3790
Burst,36.30,9,2,0,0.0000,0.0000,0.0000,0.0000
Burst,36.30,10,0,0,0.0000,0.0000,0.0000,0.0000
Burst,36.30,10,1,7,0.0394,2.3788,-2.3578,-0.1334
Burst,36.30,10,2,0,0.0000,0.0000,0.0000,0.0000
Burst,36.30,11,0,0,0.0000,0.0000,0.0000,0.0000
Burst,36.30,11,1,10,0.0563,2.0541,-1.9654,-0.5137
Burst,36.30,11,2,0,0.0000,0.0000,0.0000,0.0000
Burst,36.30,12,0,0,0.0000,0.0000,0.0000,0.0000
Burst,36.30,12,1,9,0.0506,1.7983,-1.4944,-0.9479
Burst,36.30,12,2,0,0.0000,0.0000,0.0000,0.0000
Burst,36.30,13,0,0,0.0000,0.0000,0.0000,0.0000
Burst,36.30,13,1,0,0.0000,0.0000,0.0000,0.0000
Burst,36.30,13,2,0,0.0000,0.0000,0.0000,0.0000
Burst,36.30,14,0,0,0.0000,0.0000,0.0000,0.0000
Burst,36.30,14,1,0,0.0000,0.0000,0.0000,0.0000
Burst,36.30,14,2,0,0.0000,0.0000,0.0000,0.0000
Burst,36.30,15,0,0,0.0000,0.0000,0.0000,0.0000
Burst,36.30,15,1,0,0.0000,0.0000,0.0000,0.0000
Burst,36.30,15,2,1,0.0056,0.0000,0.0000,0.0000
Burst,36.30,16,0,0,0.0000,0.0000,0.0000,0.0000
Burst,36.30,16,1,10,0.0563,2.0214,2.0026,-0.1688
Burst,36.30,16,2,2,0.0113,1.8409,1.8396,0.0316
Burst,36.30,17,0,0,0.0000,0.0000,0.0000,0.0000
Burst,36.30,17,1,7,0.0394,2.3460,2.3166,-0.3110
Burst,36.30,17,2,1,0.0056,2.6494,2.6438,-0.1725
Burst,36.30,18,0,0,0.0000,0.0000,0.0000,0.0000
Burst,36.30,18,1,6,0.0338,2.7002,2.6922,-0.1398
Burst,36.30,18,2,0,0.0000,0.0000,0.0000,0.0000
Burst,36.30,19,0,0,0.0000,0.0000,0.0000,0.0000
Burst,36.30,19,1,5,0.0281,2.1714,2.1074,-0.4863
Burst,36.30,19,2,0,0.0000,0.0000,0.0000,0.0000
Burst,36.30,20,0,0,0.0000,0.0000,0.0000,0.0000
Burst,36.30,20,1,9,0.0506,2.3932,2.3709,-0.2645
Burst,36.30,20,2,0,0.0000,0.0000,0.0000,0.0000
Burst,36.30,21,0,0,0.0000,0.0000,0.0000,0.0000
Burst,36.30,21,1,5,0.0281,2.3810,2.3401,-0.3206
Burst,36.30,21,2,0,0.0000,0.0000,0.0000,0.0000
Burst,36.30,22,0,0,0.0000,0.0000,0.0000,0.0000
Burst,36.30,22,1,1,0.0056,2.9262,2.8726,-0.5579
Burst,36.30,22,2,0,0.0000,0.0000,0.0000,0.0000
Burst,36.30,23,0,0,0.0000,0.0000,0.0000,0.0000
Burst,36.30,23,1,0,0.0000,0.0000,0.0000,0.0000
Burst,36.30,23,2,0,0.0000,0.0000,0.0000,0.0000
Burst,36.30,24,0,0,0.0000,0.0000,0.0000,0.0000
Burst,36.30,24,1,0,0.0000,0.0000,0.0000,0.0000
Burst,36.30,24,2,0,0.0000,0.0000,0.0000,0.0000
Burst,36.30,25,0,0,0.0000,0.0000,0.0000,0.0000
Burst,36.30,25,1,0,0.0000,0.0000,0.0000,0.0000
Burst,36.30,25,2,0,0.0000,0.0000,0.0000,0.0000
Burst,36.30,26,0,0,0.0000,0.0000,0.0000,0.0000
Burst,36.30,26,1,0,0.0000,0.0000,0.0000,0.0000
Burst,36.30,26,2,0,0.0000,0.0000,0.0000,0.0000
Burst,36.30,27,0,0,0.0000,0.0000,0.0000,0.0000
Burst,36.30,27,1,0,0.0000,0.0000,0.0000,0.0000
Burst,36.30,27,2,0,0.0000,0.0000,0.0000,0.0000
Burst,36.30,28,0,0,0.0000,0.0000,0.0000,0.0000
Burst,36.30,28,1,0,0.0000,0.0000,0.0000,0.0000
Burst,36.30,28,2,0,0.0000,0.0000,0.0000,0.0000
Burst,36.30,29,0,0,0.0000,0.0000,0.0000,0.0000
Burst,36.30,29,1,0,0.0000,0.0000,0.0000,0.0000
Burst,36.30,29,2,0,0.0000,0.0000,0.0000,0.0000
Burst,36.90,0,0,0,0.0000,0.0000,0.0000,0.0000
Burst,36.90,0,1,0,0.0000,0.0000,0.0000,0.0000
Burst,36.90,0,2,0,0.0000,0.0000,0.0000,0.0000
Burst,36.90,1,0,0,0.0000,0.0000,0.0000,0.0000
Burst,36.90,1,1,0,0.0000,0.0000,0.0000,0.0000
Burst,36.90,1,2,0,0.0000,0.0000,0.0000,0.0000
Burst,36.90,2,0,0,0.0000,0.0000,0.0000,0.0000
Burst,36.90,2,1,0,0.0000,0.0000,0.0000,0.0000
Burst,36.90,2,2,0,0.0000,0.0000,0.0000,0.0000
Burst,36.90,3,0,0,0.0000,0.0000,0.0000,0.0000
Burst,36.90,3,1,0,0.0000,0.0000,0.0000,0.0000
Burst,36.90,3,2,0,0.0000,0.0000,0.0000,0.0000
Burst,36.90,4,0,0,0.0000,0.0000,0.0000,0.0000
Burst,36.90,4,1,0,0.0000,0.0000,0.0000,0.0000
Burst,36.90,4,2,0,0.0000,0.0000,0.0000,0.0000
Burst,36.90,5,0,0,0.0000,0.0000,0.0000,0.0000
Burst,36.90,5,1,0,0.0000,0.0000,0.0000,0.0000
Burst,36.90,5,2,0,0.0000,0.0000,0.0000,0.0000
Burst,36.90,6,0,0,0.0000,0.0000,0.0000,0.0000
Burst,36.90,6,1,3,0.0169,3.3895,-3.2875,0.5114
Burst,36.90,6,2,0,0.0000,0.0000,0.0000,0.0000
Burst,36.90,7,0,0,0.0000,0.0000,0.0000,0.0000
Burst,36.90,7,1,7,0.0394,2.2036,-2.1910,0.0176
Burst,36.90,7,2,0,0.0000,0.0000,0.0000,0.0000
Burst,36.90,8,0,0,0.0000,0.0000,0.0000,0.0000
Burst,36.90,8,1,13,0.0731,2.0881,-1.9316,-0.5611
Burst,36.90,8,2,0,0.0000,0.0000,0.0000,0.0000
Burst,36.90,9,0,0,0.0000,0.0000,0.0000,0.0000
Burst,36.90,9,1,8,0.0450,2.0068,-1.7870,-0.5715
Burst,36.90,9,2,0,0.0000,0.0000,0.0000,0.0000
Burst,36.90,10,0,0,0.0000,0.0000,0.0000,0.0000
Burst,36.90,10,1,7,0.0394,2.3506,-2.3378,-0.1619
Burst,36.90,10,2,0,0.0000,0.0000,0.0000,0.0000
Burst,36.90,11,0,0,0.0000,0.0000,0.0000,0.0000
Burst,36.90,11,1,12,0.0675,1.9445,-1.8450,-0.5116
Burst,36.90,11,2,0,0.0000,0.0000,0.0000,0.0000
Burst,36.90,12,0,0,0.0000,0.0000,0.0000,0.0000
Burst,36.90,12,1,7,0.0394,1.9539,-1.7528,-0.8489
Burst,36.90,12,2,0,0.0000,0.0000,0.0000,0.0000
Burst,36.90,13,0,0,0.0000,0.0000,0.0000,0.0000
Burst,36.90,13,1,0,0.0000,0.0000,0.0000,0.0000
Burst,36.90,13,2,0,0.0000,0.0000,0.0000,0.0000
Burst,36.90,14,0,0,0.0000,0.0000,0.0000,0.0000
Burst,36.90,14,1,0,0.0000,0.0000,0.0000,0.0000
Burst,36.90,14,2,0,0.0000,0.0000,0.0000,0.0000
Burst,36.90,15,0,0,0.0000,0.0000,0.0000,0.0000
Burst,36.90,15,1,0,0.0000,0.0000,0.0000,0.0000
Burst,36.90,15,2,0,0.0000,0.0000,0.0000,0.0000
Burst,36.90,16,0,0,0.0000,0.0000,0.0000,0.0000
Burst,36.90,16,1,10,0.0563,2.0215,1.9911,-0.1687
Burst,36.90,16,2,2,0.0113,2.0766,2.0729,-0.0889
Burst,36.90,17,0,0,0.0000,0.0000,0.0000,0.0000
Burst,36.90,17,1,8,0.0450,2.1465,2.1328,-0.1454
Burst,36.90,17,2,0,0.0000,0.0000,0.0000,0.0000
Burst,36.90,18,0,0,0.0000,0.0000,0.0000,0.0000
Burst,36.90,18,1,5,0.0281,2.5149,2.4915,-0.3301
Burst,36.90,18,2,0,0.0000,0.0000,0.0000,0.0000
Burst,36.90,19,0,0,0.0000,0.0000,0.0000,0.0000
Burst,36.90,19,1,8,0.0450,2.0480,2.0097,-0.2881
Burst,36.90,19,2,0,0.0000,0.0000,0.0000,0.0000
Burst,36.90,20,0,0,0.0000,0.0000,0.0000,0.0000
Burst,36.90,20,1,8,0.0450,2.2551,2.2412,-0.0964
Burst,36.90,20,2,0,0.0000,0.0000,0.0000,0.0000
Burst,36.90,21,0,0,0.0000,0.0000,0.0000,0.0000
Burst,36.90,21,1,6,0.0338,2.4115,2.3818,-0.2080
Burst,36.90,21,2,0,0.0000,0.0000,0.0000,0.0000
Burst,36.90,22,0,0,0.0000,0.0000,0.0000,0.0000
Burst,36.90,22,1,1,0.0056,2.6208,2.6201,0.0583
Burst,36.90,22,2,0,0.0000,0.0000,0.0000,0.0000
Burst,36.90,23,0,0,0.0000,0.0000,0.0000,0.0000
Burst,36.90,23,1,0,0.0000,0.0000,0.0000,0.0000
Burst,36.90,23,2,0,0.0000,0.0000,0.0000,0.0000
Burst,36.90,24,0,0,0.0000,0.0000,0.0000,0.0000
Burst,36.90,24,1,0,0.0000,0.0000,0.0000,0.0000
Burst,36.90,24,2,0,0.0000,0.0000,0.0000,0.0000
Burst,36.90,25,0,0,0.0000,0.0000,0.0000,0.0000
Burst,36.90,25,1,0,0.0000,0.0000,0.0000,0.0000
Burst,36.90,25,2,0,0.0000,0.0000,0.0000,0.0000
Burst,36.90,26,0,0,0.0000,0.0000,0.0000,0.0000
Burst,36.90,26,1,0,0.0000,0.0000,0.0000,0.0000
Burst,36.90,26,2,0,0.0000,0.0000,0.0000,0.0000
Burst,36.90,27,0,0,0.0000,0.0000,0.0000,0.0000
Burst,36.90,27,1,0,0.0000,0.0000,0.0000,0.0000
Burst,36.90,27,2,0,0.0000,0.0000,0.0000,0.0000
Burst,36.90,28,0,0,0.0000,0.0000,0.0000,0.0000
Burst,36.90,28,1,0,0.0000,0.0000,0.0000,0.0000
Burst,36.90,28,2,0,0.0000,0.0000,0.0000,0.0000
Burst,36.90,29,0,0,0.0000,0.0000,0.0000,0.0000
Burst,36.90,29,1,0,0.0000,0.0000,0.0000,0.0000
Burst,36.90,29,2,0,0.0000,0.0000,0.0000,0.0000
Burst,37.40,0,0,0,0.0000,0.0000,0.0000,0.0000
Burst,37.40,0,1,0,0.0000,0.0000,0.0000,0.0000
Burst,37.40,0,2,0,0.0000,0.0000,0.0000,0.0000
Burst,37.40,1,0,0,0.0000,0.0000,0.0000,0.0000
Burst,37.40,1,1,0,0.0000,0.0000,0.0000,0.0000
Burst,37.40,1,2,0,0.0000,0.0000,0.0000,0.0000
Burst,37.40,2,0,0,0.0000,0.0000,0.0000,0.0000
Burst,37.40,2,1,0,0.0000,0.0000,0.0000,0.0000
Burst,37.40,2,2,0,0.0000,0.0000,0.0000,0.0000
Burst,37.40,3,0,0,0.0000,0.0000,0.0000,0.0000
Burst,37.40,3,1,0,0.0000,0.0000,0.0000,0.0000
Burst,37.40,3,2,0,0.0000,0.0000,0.0000,0.0000
Burst,37.40,4,0,0,0.0000,0.0000,0.0000,0.0000
Burst,37.40,4,1,0,0.0000,0.0000,0.0000,0.0000
Burst,37.40,4,2,0,0.0000,0.0000,0.0000,0.0000
Burst,37.40,5,0,0,0.0000,0.0000,0.0000,0.0000
Burst,37.40,5,1,1,0.0056,2.0469,-1.8046,-0.9660
Burst,37.40,5,2,0,0.0000,0.0000,0.0000,0.0000
Burst,37.40,6,0,0,0.0000,0.0000,0.0000,0.0000
Burst,37.40,6,1,3,0.0169,3.9090,-3.6862,0.9911
Burst,37.40,6,2,0,0.0000,0.0000,0.0000,0.0000
Burst,37.40,7,0,0,0.0000,0.0000,0.0000,0.0000
Burst,37.40,7,1,6,0.0338,2.2294,-2.2212,-0.0295
Burst,37.40,7,2,0,0.0000,0.0000,0.0000,0.0000
Burst,37.40,8,0,0,0.0000,0.0000,0.0000,0.0000
Burst,37.40,8,1,13,0.0731,2.1220,-1.9855,-0.4936
Burst,37.40,8,2,0,0.0000,0.0000,0.0000,0.0000
Burst,37.40,9,0,0,0.0000,0.0000,0.0000,0.0000
Burst,37.40,9,1,9,0.0506,2.2000,-1.8964,-0.6682
Burst,37.40,9,2,0,0.0000,0.0000,0.0000,0.0000
Burst,37.40,10,0,0,0.0000,0.0000,0.0000,0.0000
Burst,37.40,10,1,7,0.0394,2.1214,-2.1030,-0.2116
Burst,37.40,10,2,0,0.0000,0.0000,0.0000,0.0000
Burst,37.40,11,0,0,0.0000,0.0000,0.0000,0.0000
Burst,37.40,11,1,12,0.0675,2.1878,-2.0797,-0.5377
Burst,37.40,11,2,0,0.0000,0.0000,0.0000,0.0000
Burst,37.40,12,0,0,0.0000,0.0000,0.0000,0.0000
Burst,37.40,12,1,6,0.0338,1.8774,-1.6941,-0.7923
Burst,37.40,12,2,1,0.0056,0.0000,0.0000,0.0000
Burst,37.40,13,0,0,0.0000,0.0000,0.0000,0.0000
Burst,37.40,13,1,0,0.0000,0.0000,0.0000,0.0000
Burst,37.40,13,2,0,0.0000,0.0000,0.0000,0.0000
Burst,37.40,14,0,0,0.0000,0.0000,0.0000,0.0000
Burst,37.40,14,1,0,0.0000,0.0000,0.0000,0.0000
Burst,37.40,14,2,0,0.0000,0.0000,0.0000,0.0000
Burst,37.40,15,0,0,0.0000,0.0000,0.0000,0.0000
Burst,37.40,15,1,1,0.0056,0.0000,0.0000,0.0000
Burst,37.40,15,2,0,0.0000,0.0000,0.0000,0.0000
Burst,37.40,16,0,0,0.0000,0.0000,0.0000,0.0000
Burst,37.40,16,1,8,0.0450,2.2391,2.2068,-0.1413
Burst,37.40,16,2,2,0.0113,2.0803,2.0793,0.0428
Burst,37.40,17,0,0,0.0000,0.0000,0.0000,0.0000
Burst,37.40,17,1,10,0.0563,2.1476,2.1177,-0.2512
Burst,37.40,17,2,0,0.0000,0.0000,0.0000,0.0000
Burst,37.40,18,0,0,0.0000,0.0000,0.0000,0.0000
Burst,37.40,18,1,5,0.0281,2.6620,2.6476,-0.2459
Burst,37.40,18,2,0,0.0000,0.0000,0.0000,0.0000
Burst,37.40,19,0,0,0.0000,0.0000,0.0000,0.0000
Burst,37.40,19,1,8,0.0450,2.0854,2.0494,-0.2859
Burst,37.40,19,2,0,0.0000,0.0000,0.0000,0.0000
Burst,37.40,20,0,0,0.0000,0.0000,0.0000,0.0000
Burst,37.40,20,1,8,0.0450,2.3931,2.3693,-0.2868
Burst,37.40,20,2,0,0.0000,0.0000,0.0000,0.0000
Burst,37.40,21,0,0,0.0000,0.0000,0.0000,0.0000
Burst,37.40,21,1,6,0.0338,2.3988,2.3645,-0.0833
Burst,37.40,21,2,0,0.0000,0.0000,0.0000,0.0000
Burst,37.40,22,0,0,0.0000,0.0000,0.0000,0.0000
Burst,37.40,22,1,2,0.0113,2.9217,2.8872,-0.2447
Burst,37.40,22,2,0,0.0000,0.0000,0.0000,0.0000
Burst,37.40,23,0,0,0.0000,0.0000,0.0000,0.0000
Burst,37.40,23,1,0,0.0000,0.0000,0.0000,0.0000
Burst,37.40,23,2,0,0.0000,0.0000,0.0000,0.0000
Burst,37.40,24,0,0,0.0000,0.0000,0.0000,0.0000
Burst,37.40,24,1,0,0.0000,0.0000,0.0000,0.0000
Burst,37.40,24,2,0,0.0000,0.0000,0.0000,0.0000
Burst,37.40,25,0,0,0.0000,0.0000,0.0000,0.0000
Burst,37.40,25,1,0,0.0000,0.0000,0.0000,0.0000
Burst,37.40,25,2,0,0.0000,0.0000,0.0000,0.0000
Burst,37.40,26,0,0,0.0000,0.0000,0.0000,0.0000
Burst,37.40,26,1,0,0.0000,0.0000,0.0000,0.0000
Burst,37.40,26,2,0,0.0000,0.0000,0.0000,0.0000
Burst,37.40,27,0,0,0.0000,0.0000,0.0000,0.0000
Burst,37.40,27,1,0,0.0000,0.0000,0.0000,0.0000
Burst,37.40,27,2,0,0.0000,0.0000,0.0000,0.0000
Burst,37.40,28,0,0,0.0000,0.0000,0.0000,0.0000
Burst,37.40,28,1,0,0.0000,0.0000,0.0000,0.0000
Burst,37.40,28,2,0,0.0000,0.0000,0.0000,0.0000
Burst,37.40,29,0,0,0.0000,0.0000,0.0000,0.0000
Burst,37.40,29,1,0,0.0000,0.0000,0.0000,0.0000
Burst,37.40,29,2,0,0.0000,0.0000,0.0000,0.0000
Burst,37.92,0,0,0,0.0000,0.0000,0.0000,0.0000
Burst,37.92,0,1,0,0.0000,0.0000,0.0000,0.0000
Burst,37.92,0,2,0,0.0000,0.0000,0.0000,0.0000
Burst,37.92,1,0,0,0.0000,0.0000,0.0000,0.0000
Burst,37.92,1,1,0,0.0000,0.0000,0.0000,0.0000
Burst,37.92,1,2,0,0.0000,0.0000,0.0000,0.0000
Burst,37.92,2,0,0,0.0000,0.0000,0.0000,0.0000
Burst,37.92,2,1,0,0.0000,0.0000,0.0000,0.0000
Burst,37.92,2,2,0,0.0000,0.0000,0.0000,0.0000
Burst,37.92,3,0,0,0.0000,0.0000,0.0000,0.0000
Burst,37.92,3,1,0,0.0000,0.0000,0.0000,0.0000
Burst,37.92,3,2,0,0.0000,0.0000,0.0000,0.0000
Burst,37.92,4,0,0,0.0000,0.0000,0.0000,0.0000
Burst,37.92,4,1,0,0.0000,0.0000,0.0000,0.0000
Burst,37.92,4,2,0,0.0000,0.0000,0.0000,0.0000
Burst,37.92,5,0,0,0.0000,0.0000,0.0000,0.0000
Burst,37.92,5,1,1,0.0056,2.2000,-1.8432,-1.2011
Burst,37.92,5,2,0,0.0000,0.0000,0.0000,0.0000
Burst,37.92,6,0,0,0.0000,0.0000,0.0000,0.0000
Burst,37.92,6,1,3,0.0169,5.5215,-4.9016,1.9445
Burst,37.92,6,2,0,0.0000,0.0000,0.0000,0.0000
Burst,37.92,7,0,0,0.0000,0.0000,0.0000,0.0000
Burst,37.92,7,1,7,0.0394,2.2631,-2.2534,0.1121
Burst,37.92,7,2,0,0.0000,0.0000,0.0000,0.0000
Burst,37.92,8,0,0,0.0000,0.0000,0.0000,0.0000
Burst,37.92,8,1,13,0.0731,2.0907,-1.9552,-0.5613
Burst,37.92,8,2,0,0.0000,0.0000,0.0000,0.0000
Burst,37.92,9,0,0,0.0000,0.0000,0.0000,0.0000
Burst,37.92,9,1,9,0.0506,1.8759,-1.6476,-0.5344
Burst,37.92,9,2,0,0.0000,0.0000,0.0000,0.0000
Burst,37.92,10,0,0,0.0000,0.0000,0.0000,0.0000
Burst,37.92,10,1,8,0.0450,2.2468,-2.2310,-0.1151
Burst,37.92,10,2,0,0.0000,0.0000,0.0000,0.0000
Burst,37.92,11,0,0,0.0000,0.0000,0.0000,0.0000
Burst,37.92,11,1,12,0.0675,2.1280,-2.0318,-0.5465
Burst,37.92,11,2,0,0.0000,0.0000,0.0000,0.0000
Burst,37.92,12,0,0,0.0000,0.0000,0.0000,0.0000
Burst,37.92,12,1,7,0.0394,1.6039,-1.4122,-0.7441
Burst,37.92,12,2,0,0.0000,0.0000,0.0000,0.0000
Burst,37.92,13,0,0,0.0000,0.0000,0.0000,0.0000
Burst,37.92,13,1,0,0.0000,0.0000,0.0000,0.0000
Burst,37.92,13,2,0,0.0000,0.0000,0.0000,0.0000
Burst,37.92,14,0,0,0.0000,0.0000,0.0000,0.0000
Burst,37.92,14,1,0,0.0000,0.0000,0.0000,0.0000
Burst,37.92,14,2,0,0.0000,0.0000,0.0000,0.0000
Burst,37.92,15,0,0,0.0000,0.0000,0.0000,0.0000
Burst,37.92,15,1,2,0.0113,0.0000,0.0000,0.0000
Burst,37.92,15,2,0,0.0000,0.0000,0.0000,0.0000
Burst,37.92,16,0,0,0.0000,0.0000,0.0000,0.0000
Burst,37.92,16,1,7,0.0394,2.2996,2.2830,-0.2226
Burst,37.92,16,2,4,0.0225,2.1725,2.1583,0.1688
Burst,37.92,17,0,0,0.0000,0.0000,0.0000,0.0000
Burst,37.92,17,1,10,0.0563,2.0904,2.0651,-0.2247
Burst,37.92,17,2,0,0.0000,0.0000,0.0000,0.0000
Burst,37.92,18,0,0,0.0000,0.0000,0.0000,0.0000
Burst,37.92,18,1,5,0.0281,2.5182,2.5073,-0.1124
Burst,37.92,18,2,0,0.0000,0.0000,0.0000,0.0000
Burst,37.92,19,0,0,0.0000,0.0000,0.0000,0.0000
Burst,37.92,19,1,8,0.0450,1.9738,1.9397,-0.3282
Burst,37.92,19,2,0,0.0000,0.0000,0.0000,0.0000
Burst,37.92,20,0,0,0.0000,0.0000,0.0000,0.0000
Burst,37.92,20,1,8,0.0450,2.1936,2.1621,-0.2393
Burst,37.92,20,2,0,0.0000,0.0000,0.0000,0.0000
Burst,37.92,21,0,0,0.0000,0.0000,0.0000,0.0000
Burst,37.92,21,1,7,0.0394,2.3155,2.2541,-0.2781
Burst,37.92,21,2,0,0.0000,0.0000,0.0000,0.0000
Burst,37.92,22,0,0,0.0000,0.0000,0.0000,0.0000
Burst,37.92,22,1,2,0.0113,2.6082,2.5901,-0.2767
Burst,37.92,22,2,0,0.0000,0.0000,0.0000,0.0000
Burst,37.92,23,0,0,0.0000,0.0000,0.0000,0.0000
Burst,37.92,23,1,0,0.0000,0.0000,0.0000,0.0000
Burst,37.92,23,2,0,0.0000,0.0000,0.0000,0.0000
Burst,37.92,24,0,0,0.0000,0.0000,0.0000,0.0000
Burst,37.92,24,1,0,0.0000,0.0000,0.0000,0.0000
Burst,37.92,24,2,0,0.0000,0.0000,0.0000,0.0000
Burst,37.92,25,0,0,0.0000,0.0000,0.0000,0.0000
Burst,37.92,25,1,0,0.0000,0.0000,0.0000,0.0000
Burst,37.92,25,2,0,0.0000,0.0000,0.0000,0.0000
Burst,37.92,26,0,0,0.0000,0.0000,0.0000,0.0000
Burst,37.92,26,1,0,0.0000,0.0000,0.0000,0.0000
Burst,37.92,26,2,0,0.0000,0.0000,0.0000,0.0000
Burst,37.92,27,0,0,0.0000,0.0000,0.0000,0.0000
Burst,37.92,27,1,0,0.0000,0.0000,0.0000,0.0000
Burst,37.92,27,2,0,0.0000,0.0000,0.0000,0.0000
Burst,37.92,28,0,0,0.0000,0.0000,0.0000,0.0000
Burst,37.92,28,1,0,0.0000,0.0000,0.0000,0.0000
Burst,37.92,28,2,0,0.0000,0.0000,0.0000,0.0000
Burst,37.92,29,0,0,0.0000,0.0000,0.0000,0.0000
Burst,37.92,29,1,0,0.0000,0.0000,0.0000,0.0000
Burst,37.92,29,2,0,0.0000,0.0000,0.0000,0.0000
Burst,38.45,0,0,0,0.0000,0.0000,0.0000,0.0000
Burst,38.45,0,1,0,0.0000,0.0000,0.0000,0.0000
Burst,38.45,0,2,0,0.0000,0.0000,0.0000,0.0000
Burst,38.45,1,0,0,0.0000,0.0000,0.0000,0.0000
Burst,38.45,1,1,0,0.0000,0.0000,0.0000,0.0000
Burst,38.45,1,2,0,0.0000,0.0000,0.0000,0.0000
Burst,38.45,2,0,0,0.0000,0.0000,0.0000,0.0000
Burst,38.45,2,1,0,0.0000,0.0000,0.0000,0.0000
Burst,38.45,2,2,0,0.0000,0.0000,0.0000,0.0000
Burst,38.45,3,0,0,0.0000,0.0000,0.0000,0.0000
Burst,38.45,3,1,0,0.0000,0.0000,0.0000,0.0000
Burst,38.45,3,2,0,0.0000,0.0000,0.0000,0.0000
Burst,38.45,4,0,0,0.0000,0.0000,0.0000,0.0000
Burst,38.45,4,1,0,0.0000,0.0000,0.0000,0.0000
Burst,38.45,4,2,0,0.0000,0.0000,0.0000,0.0000
Burst,38.45,5,0,0,0.0000,0.0000,0.0000,0.0000
Burst,38.45,5,1,1,0.0056,2.5079,-2.2025,-1.1994
Burst,38.45,5,2,0,0.0000,0.0000,0.0000,0.0000
Burst,38.45,6,0,0,0.0000,0.0000,0.0000,0.0000
Burst,38.45,6,1,3,0.0169,5.3816,-4.9272,1.7822
Burst,38.45,6,2,0,0.0000,0.0000,0.0000,0.0000
Burst,38.45,7,0,0,0.0000,0.0000,0.0000,0.0000
Burst,38.45,7,1,9,0.0506,2.0868,-2.0775,0.0085
Burst,38.45,7,2,0,0.0000,0.0000,0.0000,0.0000
Burst,38.45,8,0,0,0.0000,0.0000,0.0000,0.0000
Burst,38.45,8,1,12,0.0675,1.9597,-1.8169,-0.5447
Burst,38.45,8,2,0,0.0000,0.0000,0.0000,0.0000
Burst,38.45,9,0,0,0.0000,0.0000,0.0000,0.0000
Burst,38.45,9,1,9,0.0506,2.0380,-1.8876,-0.4594
Burst,38.45,9,2,0,0.0000,0.0000,0.0000,0.0000
Burst,38.45,10,0,0,0.0000,0.0000,0.0000,0.0000
Burst,38.45,10,1,8,0.0450,2.0365,-2.0234,-0.0082
Burst,38.45,10,2,0,0.0000,0.0000,0.0000,0.0000
Burst,38.45,11,0,0,0.0000,0.0000,0.0000,0.0000
Burst,38.45,11,1,12,0.0675,2.0756,-2.0007,-0.4620
Burst,38.45,11,2,0,0.0000,0.0000,0.0000,0.0000
Burst,38.45,12,0,0,0.0000,0.0000,0.0000,0.0000
Burst,38.45,12,1,6,0.0338,1.7752,-1.6126,-0.6917
Burst,38.45,12,2,0,0.0000,0.0000,0.0000,0.0000
Burst,38.45,13,0,0,0.0000,0.0000,0.0000,0.0000
Burst,38.45,13,1,0,0.0000,0.0000,0.0000,0.0000
Burst,38.45,13,2,0,0.0000,0.0000,0.0000,0.0000
Burst,38.45,14,0,0,0.0000,0.0000,0.0000,0.0000
Burst,38.45,14,1,0,0.0000,0.0000,0.0000,0.0000
Burst,38.45,14,2,0,0.0000,0.0000,0.0000,0.0000
Burst,38.45,15,0,0,0.0000,0.0000,0.0000,0.0000
Burst,38.45,15,1,2,0.0113,1.9491,1.9326,-0.2324
Burst,38.45,15,2,1,0.0056,0.0000,0.0000,0.0000
Burst,38.45,16,0,0,0.0000,0.0000,0.0000,0.0000
Burst,38.45,16,1,7,0.0394,2.1152,2.0981,-0.1839
Burst,38.45,16,2,3,0.0169,2.1548,2.1487,-0.0976
Burst,38.45,17,0,0,0.0000,0.0000,0.0000,0.0000
Burst,38.45,17,1,10,0.0563,2.1677,2.1403,-0.2346
Burst,38.45,17,2,0,0.0000,0.0000,0.0000,0.0000
Burst,38.45,18,0,0,0.0000,0.0000,0.0000,0.0000
Burst,38.45,18,1,5,0.0281,2.3845,2.3699,-0.2197
Burst,38.45,18,2,0,0.0000,0.0000,0.0000,0.0000
Burst,38.45,19,0,0,0.0000,0.0000,0.0000,0.0000
Burst,38.45,19,1,10,0.0563,2.0378,2.0091,-0.2949
Burst,38.45,19,2,0,0.0000,0.0000,0.0000,0.0000
Burst,38.45,20,0,0,0.0000,0.0000,0.0000,0.0000
Burst,38.45,20,1,8,0.0450,2.2249,2.2145,-0.1154
Burst,38.45,20,2,0,0.0000,0.0000,0.0000,0.0000
Burst,38.45,21,0,0,0.0000,0.0000,0.0000,0.0000
Burst,38.45,21,1,6,0.0338,2.3541,2.3342,-0.1579
Burst,38.45,21,2,0,0.0000,0.0000,0.0000,0.0000
Burst,38.45,22,0,0,0.0000,0.0000,0.0000,0.0000
Burst,38.45,22,1,3,0.0169,2.5659,2.5467,-0.2734
Burst,38.45,22,2,0,0.0000,0.0000,0.0000,0.0000
Burst,38.45,23,0,0,0.0000,0.0000,0.0000,0.0000
Burst,38.45,23,1,0,0.0000,0.0000,0.0000,0.0000
Burst,38.45,23,2,0,0.0000,0.0000,0.0000,0.0000
Burst,38.45,24,0,0,0.0000,0.0000,0.0000,0.0000
Burst,38.45,24,1,0,0.0000,0.0000,0.0000,0.0000
Burst,38.45,24,2,0,0.0000,0.0000,0.0000,0.0000
Burst,38.45,25,0,0,0.0000,0.0000,0.0000,0.0000
Burst,38.45,25,1,0,0.0000,0.0000,0.0000,0.0000
Burst,38.45,25,2,0,0.0000,0.0000,0.0000,0.0000
Burst,38.45,26,0,0,0.0000,0.0000,0.0000,0.0000
Burst,38.45,26,1,0,0.0000,0.0000,0.0000,0.0000
Burst,38.45,26,2,0,0.0000,0.0000,0.0000,0.0000
Burst,38.45,27,0,0,0.0000,0.0000,0.0000,0.0000
Burst,38.45,27,1,0,0.0000,0.0000,0.0000,0.0000
Burst,38.45,27,2,0,0.0000,0.0000,0.0000,0.0000
Burst,38.45,28,0,0,0.0000,0.0000,0.0000,0.0000
Burst,38.45,28,1,0,0.0000,0.0000,0.0000,0.0000
Burst,38.45,28,2,0,0.0000,0.0000,0.0000,0.0000
Burst,38.45,29,0,0,0.0000,0.0000,0.0000,0.0000
Burst,38.45,29,1,0,0.0000,0.0000,0.0000,0.0000
Burst,38.45,29,2,0,0.0000,0.0000,0.0000,0.0000
Burst,38.97,0,0,0,0.0000,0.0000,0.0000,0.0000
Burst,38.97,0,1,0,0.0000,0.0000,0.0000,0.0000
Burst,38.97,0,2,0,0.0000,0.0000,0.0000,0.0000
Burst,38.97,1,0,0,0.0000,0.0000,0.0000,0.0000
Burst,38.97,1,1,0,0.0000,0.0000,0.0000,0.0000
Burst,38.97,1,2,0,0.0000,0.0000,0.0000,0.0000
Burst,38.97,2,0,0,0.0000,0.0000,0.0000,0.0000
Burst,38.97,2,1,0,0.0000,0.0000,0.0000,0.0000
Burst,38.97,2,2,0,0.0000,0.0000,0.0000,0.0000
Burst,38.97,3,0,0,0.0000,0.0000,0.0000,0.0000
Burst,38.97,3,1,0,0.0000,0.0000,0.0000,0.0000
Burst,38.97,3,2,0,0.0000,0.0000,0.0000,0.0000
Burst,38.97,4,0,0,0.0000,0.0000,0.0000,0.0000
Burst,38.97,4,1,0,0.0000,0.0000,0.0000,0.0000
Burst,38.97,4,2,0,0.0000,0.0000,0.0000,0.0000
Burst,38.97,5,0,0,0.0000,0.0000,0.0000,0.0000
Burst,38.97,5,1,2,0.0113,2.4651,-2.1512,-1.1950
Burst,38.97,5,2,0,0.0000,0.0000,0.0000,0.0000
Burst,38.97,6,0,0,0.0000,0.0000,0.0000,0.0000
Burst,38.97,6,1,2,0.0113,6.5599,-5.8163,2.5982
Burst,38.97,6,2,0,0.0000,0.0000,0.0000,0.0000
Burst,38.97,7,0,0,0.0000,0.0000,0.0000,0.0000
Burst,38.97,7,1,9,0.0506,1.9828,-1.9525,-0.0268
Burst,38.97,7,2,0,0.0000,0.0000,0.0000,0.0000
Burst,38.97,8,0,0,0.0000,0.0000,0.0000,0.0000
Burst,38.97,8,1,14,0.0788,2.1742,-2.0470,-0.5821
Burst,38.97,8,2,0,0.0000,0.0000,0.0000,0.0000
Burst,38.97,9,0,0,0.0000,0.0000,0.0000,0.0000
Burst,38.97,9,1,8,0.0450,1.9733,-1.8932,-0.1457
Burst,38.97,9,2,0,0.0000,0.0000,0.0000,0.0000
Burst,38.97,10,0,0,0.0000,0.0000,0.0000,0.0000
Burst,38.97,10,1,9,0.0506,2.1764,-2.1556,-0.0192
Burst,38.97,10,2,0,0.0000,0.0000,0.0000,0.0000
Burst,38.97,11,0,0,0.0000,0.0000,0.0000,0.0000
Burst,38.97,11,1,12,0.0675,2.1155,-1.9928,-0.5876
Burst,38.97,11,2,0,0.0000,0.0000,0.0000,0.0000
Burst,38.97,12,0,0,0.0000,0.0000,0.0000,0.0000
Burst,38.97,12,1,5,0.0281,1.9710,-1.7045,-0.9760
Burst,38.97,12,2,0,0.0000,0.0000,0.0000,0.0000
Burst,38.97,13,0,0,0.0000,0.0000,0.0000,0.0000
Burst,38.97,13,1,0,0.0000,0.0000,0.0000,0.0000
Burst,38.97,13,2,0,0.0000,0.0000,0.0000,0.0000
Burst,38.97,14,0,0,0.0000,0.0000,0.0000,0.0000
Burst,38.97,14,1,0,0.0000,0.0000,0.0000,0.0000
Burst,38.97,14,2,0,0.0000,0.0000,0.0000,0.0000
Burst,38.97,15,0,0,0.0000,0.0000,0.0000,0.0000
Burst,38.97,15,1,2,0.0113,0.9773,0.9625,-0.1690
Burst,38.97,15,2,1,0.0056,2.3725,2.3658,-0.1773
Burst,38.97,16,0,0,0.0000,0.0000,0.0000,0.0000
Burst,38.97,16,1,8,0.0450,2.2818,2.2641,-0.1889
Burst,38.97,16,2,1,0.0056,2.5031,2.5013,-0.0946
Burst,38.97,17,0,0,0.0000,0.0000,0.0000,0.0000
Burst,38.97,17,1,10,0.0563,2.2023,2.1663,-0.3175
Burst,38.97,17,2,1,0.0056,2.3038,2.3037,-0.0247
Burst,38.97,18,0,0,0.0000,0.0000,0.0000,0.0000
Burst,38.97,18,1,6,0.0338,2.5831,2.5628,-0.1610
Burst,38.97,18,2,0,0.0000,0.0000,0.0000,0.0000
Burst,38.97,19,0,0,0.0000,0.0000,0.0000,0.0000
Burst,38.97,19,1,9,0.0506,2.3816,2.3471,-0.3362
Burst,38.97,19,2,0,0.0000,0.0000,0.0000,0.0000
Burst,38.97,20,0,0,0.0000,0.0000,0.0000,0.0000
Burst,38.97,20,1,8,0.0450,2.3630,2.3279,-0.3698
Burst,38.97,20,2,0,0.0000,0.0000,0.0000,0.0000
Burst,38.97,21,0,0,0.0000,0.0000,0.0000,0.0000
Burst,38.97,21,1,7,0.0394,2.5166,2.4782,-0.1834
Burst,38.97,21,2,0,0.0000,0.0000,0.0000,0.0000
Burst,38.97,22,0,0,0.0000,0.0000,0.0000,0.0000
Burst,38.97,22,1,3,0.0169,2.8647,2.8490,-0.2743
Burst,38.97,22,2,0,0.0000,0.0000,0.0000,0.0000
Burst,38.97,23,0,0,0.0000,0.0000,0.0000,0.0000
Burst,38.97,23,1,0,0.0000,0.0000,0.0000,0.0000
Burst,38.97,23,2,0,0.0000,0.0000,0.0000,0.0000
Burst,38.97,24,0,0,0.0000,0.0000,0.0000,0.0000
Burst,38.97,24,1,0,0.0000,0.0000,0.0000,0.0000
Burst,38.97,24,2,0,0.0000,0.0000,0.0000,0.0000
Burst,38.97,25,0,0,0.0000,0.0000,0.0000,0.0000
Burst,38.97,25,1,0,0.0000,0.0000,0.0000,0.0000
Burst,38.97,25,2,0,0.0000,0.0000,0.0000,0.0000
Burst,38.97,26,0,0,0.0000,0.0000,0.0000,0.0000
Burst,38.97,26,1,0,0.0000,0.0000,0.0000,0.0000
Burst,38.97,26,2,0,0.0000,0.0000,0.0000,0.0000
Burst,38.97,27,0,0,0.0000,0.0000,0.0000,0.0000
Burst,38.97,27,1,0,0.0000,0.0000,0.0000,0.0000
Burst,38.97,27,2,0,0.0000,0.0000,0.0000,0.0000
Burst,38.97,28,0,0,0.0000,0.0000,0.0000,0.0000
Burst,38.97,28,1,0,0.0000,0.0000,0.0000,0.0000
Burst,38.97,28,2,0,0.0000,0.0000,0.0000,0.0000
Burst,38.97,29,0,0,0.0000,0.0000,0.0000,0.0000
Burst,38.97,29,1,0,0.0000,0.0000,0.0000,0.0000
Burst,38.97,29,2,0,0.0000,0.0000,0.0000,0.0000
Burst,39.50,0,0,0,0.0000,0.0000,0.0000,0.0000
Burst,39.50,0,1,0,0.0000,0.0000,0.0000,0.0000
Burst,39.50,0,2,0,0.0000,0.0000,0.0000,0.0000
Burst,39.50,1,0,0,0.0000,0.0000,0.0000,0.0000
Burst,39.50,1,1,0,0.0000,0.0000,0.0000,0.0000
Burst,39.50,1,2,0,0.0000,0.0000,0.0000,0.0000
Burst,39.50,2,0,0,0.0000,0.0000,0.0000,0.0000
Burst,39.50,2,1,0,0.0000,0.0000,0.0000,0.0000
Burst,39.50,2,2,0,0.0000,0.0000,0.0000,0.0000
Burst,39.50,3,0,0,0.0000,0.0000,0.0000,0.0000
Burst,39.50,3,1,0,0.0000,0.0000,0.0000,0.0000
Burst,39.50,3,2,0,0.0000,0.0000,0.0000,0.0000
Burst,39.50,4,0,0,0.0000,0.0000,0.0000,0.0000
Burst,39.50,4,1,0,0.0000,0.0000,0.0000,0.0000
Burst,39.50,4,2,0,0.0000,0.0000,0.0000,0.0000
Burst,39.50,5,0,0,0.0000,0.0000,0.0000,0.0000
Burst,39.50,5,1,3,0.0169,1.9675,-1.7067,-0.9271
Burst,39.50,5,2,0,0.0000,0.0000,0.0000,0.0000
Burst,39.50,6,0,0,0.0000,0.0000,0.0000,0.0000
Burst,39.50,6,1,2,0.0113,6.1854,-5.4290,2.7352
Burst,39.50,6,2,0,0.0000,0.0000,0.0000,0.0000
Burst,39.50,7,0,0,0.0000,0.0000,0.0000,0.0000
Burst,39.50,7,1,9,0.0506,2.0401,-1.9554,-0.0807
Burst,39.50,7,2,0,0.0000,0.0000,0.0000,0.0000
Burst,39.50,8,0,0,0.0000,0.0000,0.0000,0.0000
Burst,39.50,8,1,13,0.0731,1.8408,-1.6454,-0.6213
Burst,39.50,8,2,0,0.0000,0.0000,0.0000,0.0000
Burst,39.50,9,0,0,0.0000,0.0000,0.0000,0.0000
Burst,39.50,9,1,9,0.0506,2.1789,-2.0999,-0.2861
Burst,39.50,9,2,0,0.0000,0.0000,0.0000,0.0000
Burst,39.50,10,0,0,0.0000,0.0000,0.0000,0.0000
Burst,39.50,10,1,9,0.0506,1.9491,-1.9258,-0.0620
Burst,39.50,10,2,0,0.0000,0.0000,0.0000,0.0000
Burst,39.50,11,0,0,0.0000,0.0000,0.0000,0.0000
Burst,39.50,11,1,11,0.0619,2.1339,-2.0487,-0.4916
Burst,39.50,11,2,0,0.0000,0.0000,0.0000,0.0000
Burst,39.50,12,0,0,0.0000,0.0000,0.0000,0.0000
Burst,39.50,12,1,7,0.0394,1.6432,-1.4900,-0.6857
Burst,39.50,12,2,0,0.0000,0.0000,0.0000,0.0000
Burst,39.50,13,0,0,0.0000,0.0000,0.0000,0.0000
Burst,39.50,13,1,0,0.0000,0.0000,0.0000,0.0000
Burst,39.50,13,2,0,0.0000,0.0000,0.0000,0.0000
Burst,39.50,14,0,0,0.0000,0.0000,0.0000,0.0000
Burst,39.50,14,1,0,0.0000,0.0000,0.0000,0.0000
Burst,39.50,14,2,0,0.0000,0.0000,0.0000,0.0000
Burst,39.50,15,0,0,0.0000,0.0000,0.0000,0.0000
Burst,39.50,15,1,1,0.0056,2.1801,2.1771,0.1127
Burst,39.50,15,2,1,0.0056,0.0000,0.0000,0.0000
Burst,39.50,16,0,0,0.0000,0.0000,0.0000,0.0000
Burst,39.50,16,1,10,0.0563,2.1425,2.1256,-0.1414
Burst,39.50,16,2,1,0.0056,2.1118,2.1101,0.0838
Burst,39.50,17,0,0,0.0000,0.0000,0.0000,0.0000
Burst,39.50,17,1,9,0.0506,2.1058,2.0714,-0.3678
Burst,39.50,17,2,1,0.0056,1.7163,1.7163,0.0013
Burst,39.50,18,0,0,0.0000,0.0000,0.0000,0.0000
Burst,39.50,18,1,6,0.0338,2.4355,2.4224,-0.1676
Burst,39.50,18,2,0,0.0000,0.0000,0.0000,0.0000
Burst,39.50,19,0,0,0.0000,0.0000,0.0000,0.0000
Burst,39.50,19,1,11,0.0619,2.0621,2.0175,-0.2957
Burst,39.50,19,2,0,0.0000,0.0000,0.0000,0.0000
Burst,39.50,20,0,0,0.0000,0.0000,0.0000,0.0000
Burst,39.50,20,1,7,0.0394,2.1278,2.0864,-0.2881
Burst,39.50,20,2,0,0.0000,0.0000,0.0000,0.0000
Burst,39.50,21,0,0,0.0000,0.0000,0.0000,0.0000
Burst,39.50,21,1,8,0.0450,2.4124,2.3947,-0.1676
Burst,39.50,21,2,0,0.0000,0.0000,0.0000,0.0000
Burst,39.50,22,0,0,0.0000,0.0000,0.0000,0.0000
Burst,39.50,22,1,3,0.0169,2.4734,2.4471,-0.0278
Burst,39.50,22,2,0,0.0000,0.0000,0.0000,0.0000
Burst,39.50,23,0,0,0.0000,0.0000,0.0000,0.0000
Burst,39.50,23,1,0,0.0000,0.0000,0.0000,0.0000
Burst,39.50,23,2,0,0.0000,0.0000,0.0000,0.0000
Burst,39.50,24,0,0,0.0000,0.0000,0.0000,0.0000
Burst,39.50,24,1,0,0.0000,0.0000,0.0000,0.0000
Burst,39.50,24,2,0,0.0000,0.0000,0.0000,0.0000
Burst,39.50,25,0,0,0.0000,0.0000,0.0000,0.0000
Burst,39.50,25,1,0,0.0000,0.0000,0.0000,0.0000
Burst,39.50,25,2,0,0.0000,0.0000,0.0000,0.0000
Burst,39.50,26,0,0,0.0000,0.0000,0.0000,0.0000
Burst,39.50,26,1,0,0.0000,0.0000,0.0000,0.0000
Burst,39.50,26,2,0,0.0000,0.0000,0.0000,0.0000
Burst,39.50,27,0,0,0.0000,0.0000,0.0000,0.0000
Burst,39.50,27,1,0,0.0000,0.0000,0.0000,0.0000
Burst,39.50,27,2,0,0.0000,0.0000,0.0000,0.0000
Burst,39.50,28,0,0,0.0000,0.0000,0.0000,0.0000
Burst,39.50,28,1,0,0.0000,0.0000,0.0000,0.0000
Burst,39.50,28,2,0,0.0000,0.0000,0.0000,0.0000
Burst,39.50,29,0,0,0.0000,0.0000,0.0000,0.0000
Burst,39.50,29,1,0,0.0000,0.0000,0.0000,0.0000
Burst,39.50,29,2,0,0.0000,0.0000,0.0000,0.0000
Burst,40.00,0,0,0,0.0000,0.0000,0.0000,0.0000
Burst,40.00,0,1,0,0.0000,0.0000,0.0000,0.0000
Burst,40.00,0,2,0,0.0000,0.0000,0.0000,0.0000
Burst,40.00,1,0,0,0.0000,0.0000,0.0000,0.0000
Burst,40.00,1,1,0,0.0000,0.0000,0.0000,0.0000
Burst,40.00,1,2,0,0.0000,0.0000,0.0000,0.0000
Burst,40.00,2,0,0,0.0000,0.0000,0.0000,0.0000
Burst,40.00,2,1,0,0.0000,0.0000,0.0000,0.0000
Burst,40.00,2,2,0,0.0000,0.0000,0.0000,0.0000
Burst,40.00,3,0,0,0.0000,0.0000,0.0000,0.0000
Burst,40.00,3,1,0,0.0000,0.0000,0.0000,0.0000
Burst,40.00,3,2,0,0.0000,0.0000,0.0000,0.0000
Burst,40.00,4,0,0,0.0000,0.0000,0.0000,0.0000
Burst,40.00,4,1,0,0.0000,0.0000,0.0000,0.0000
Burst,40.00,4,2,0,0.0000,0.0000,0.0000,0.0000
Burst,40.00,5,0,0,0.0000,0.0000,0.0000,0.0000
Burst,40.00,5,1,3,0.0169,2.0078,-1.9032,-0.5652
Burst,40.00,5,2,0,0.0000,0.0000,0.0000,0.0000
Burst,40.00,6,0,0,0.0000,0.0000,0.0000,0.0000
Burst,40.00,6,1,3,0.0169,5.0451,-4.6272,1.6494
Burst,40.00,6,2,0,0.0000,0.0000,0.0000,0.0000
Burst,40.00,7,0,0,0.0000,0.0000,0.0000,0.0000
Burst,40.00,7,1,10,0.0563,2.1561,-2.1076,-0.2365
Burst,40.00,7,2,0,0.0000,0.0000,0.0000,0.0000
Burst,40.00,8,0,0,0.0000,0.0000,0.0000,0.0000
Burst,40.00,8,1,12,0.0675,1.9712,-1.8442,-0.5977
Burst,40.00,8,2,0,0.0000,0.0000,0.0000,0.0000
Burst,40.00,9,0,0,0.0000,0.0000,0.0000,0.0000
Burst,40.00,9,1,10,0.0563,2.0779,-1.9989,-0.2546
Burst,40.00,9,2,0,0.0000,0.0000,0.0000,0.0000
Burst,40.00,10,0,0,0.0000,0.0000,0.0000,0.0000
Burst,40.00,10,1,9,0.0506,2.1210,-2.1054,-0.1893
Burst,40.00,10,2,0,0.0000,0.0000,0.0000,0.0000
Burst,40.00,11,0,0,0.0000,0.0000,0.0000,0.0000
Burst,40.00,11,1,12,0.0675,2.0645,-1.9845,-0.4768
Burst,40.00,11,2,0,0.0000,0.0000,0.0000,0.0000
Burst,40.00,12,0,0,0.0000,0.0000,0.0000,0.0000
Burst,40.00,12,1,6,0.0338,1.8706,-1.6944,-0.7839
Burst,40.00,12,2,0,0.0000,0.0000,0.0000,0.0000
Burst,40.00,13,0,0,0.0000,0.0000,0.0000,0.0000
Burst,40.00,13,1,0,0.0000,0.0000,0.0000,0.0000
Burst,40.00,13,2,0,0.0000,0.0000,0.0000,0.0000
Burst,40.00,14,0,0,0.0000,0.0000,0.0000,0.0000
Burst,40.00,14,1,0,0.0000,0.0000,0.0000,0.0000
Burst,40.00,14,2,0,0.0000,0.0000,0.0000,0.0000
Burst,40.00,15,0,0,0.0000,0.0000,0.0000,0.0000
Burst,40.00,15,1,2,0.0113,0.0000,0.0000,0.0000
Burst,40.00,15,2,1,0.0056,2.4221,2.4212,-0.0671
Burst,40.00,16,0,0,0.0000,0.0000,0.0000,0.0000
Burst,40.00,16,1,10,0.0563,2.0981,2.0831,-0.1159
Burst,40.00,16,2,2,0.0113,2.1332,2.1286,0.0790
Burst,40.00,17,0,0,0.0000,0.0000,0.0000,0.0000
Burst,40.00,17,1,10,0.0563,2.2088,2.1745,-0.3350
Burst,40.00,17,2,0,0.0000,0.0000,0.0000,0.0000
Burst,40.00,18,0,0,0.0000,0.0000,0.0000,0.0000
Burst,40.00,18,1,6,0.0338,2.4613,2.4488,-0.1376
Burst,40.00,18,2,0,0.0000,0.0000,0.0000,0.0000
Burst,40.00,19,0,0,0.0000,0.0000,0.0000,0.0000
Burst,40.00,19,1,10,0.0563,2.4493,2.3848,-0.4248
Burst,40.00,19,2,1,0.0056,0.0000,0.0000,0.0000
Burst,40.00,20,0,0,0.0000,0.0000,0.0000,0.0000
Burst,40.00,20,1,7,0.0394,2.1766,2.1610,-0.2167
Burst,40.00,20,2,0,0.0000,0.0000,0.0000,0.0000
Burst,40.00,21,0,0,0.0000,0.0000,0.0000,0.0000
Burst,40.00,21,1,9,0.0506,2.4176,2.3917,-0.2272
Burst,40.00,21,2,0,0.0000,0.0000,0.0000,0.0000
Burst,40.00,22,0,0,0.0000,0.0000,0.0000,0.0000
Burst,40.00,22,1,3,0.0169,2.5780,2.5520,-0.1501
Burst,40.00,22,2,0,0.0000,0.0000,0.0000,0.0000
Burst,40.00,23,0,0,0.0000,0.0000,0.0000,0.0000
Burst,40.00,23,1,0,0.0000,0.0000,0.0000,0.0000
Burst,40.00,23,2,0,0.0000,0.0000,0.0000,0.0000
Burst,40.00,24,0,0,0.0000,0.0000,0.0000,0.0000
Burst,40.00,24,1,0,0.0000,0.0000,0.0000,0.0000
Burst,40.00,24,2,0,0.0000,0.0000,0.0000,0.0000
Burst,40.00,25,0,0,0.0000,0.0000,0.0000,0.0000
Burst,40.00,25,1,0,0.0000,0.0000,0.0000,0.0000
Burst,40.00,25,2,0,0.0000,0.0000,0.0000,0.0000
Burst,40.00,26,0,0,0.0000,0.0000,0.0000,0.0000
Burst,40.00,26,1,0,0.0000,0.0000,0.0000,0.0000
Burst,40.00,26,2,0,0.0000,0.0000,0.0000,0.0000
Burst,40.00,27,0,0,0.0000,0.0000,0.0000,0.0000
Burst,40.00,27,1,0,0.0000,0.0000,0.0000,0.0000
Burst,40.00,27,2,0,0.0000,0.0000,0.0000,0.0000
Burst,40.00,28,0,0,0.0000,0.0000,0.0000,0.0000
Burst,40.00,28,1,0,0.0000,0.0000,0.0000,0.0000
Burst,40.00,28,2,0,0.0000,0.0000,0.0000,0.0000
Burst,40.00,29,0,0,0.0000,0.0000,0.0000,0.0000
Burst,40.00,29,1,0,0.0000,0.0000,0.0000,0.0000
Burst,40.00,29,2,0,0.0000,0.0000,0.0000,0.0000
Burst,40.50,0,0,0,0.0000,0.0000,0.0000,0.0000
Burst,40.50,0,1,0,0.0000,0.0000,0.0000,0.0000
Burst,40.50,0,2,0,0.0000,0.0000,0.0000,0.0000
Burst,40.50,1,0,0,0.0000,0.0000,0.0000,0.0000
Burst,40.50,1,1,0,0.0000,0.0000,0.0000,0.0000
Burst,40.50,1,2,0,0.0000,0.0000,0.0000,0.0000
Burst,40.50,2,0,0,0.0000,0.0000,0.0000,0.0000
Burst,40.50,2,1,0,0.0000,0.0000,0.0000,0.0000
Burst,40.50,2,2,0,0.0000,0.0000,0.0000,0.0000
Burst,40.50,3,0,0,0.0000,0.0000,0.0000,0.0000
Burst,40.50,3,1,0,0.0000,0.0000,0.0000,0.0000
Burst,40.50,3,2,0,0.0000,0.0000,0.0000,0.0000
Burst,40.50,4,0,0,0.0000,0.0000,0.0000,0.0000
Burst,40.50,4,1,0,0.0000,0.0000,0.0000,0.0000
Burst,40.50,4,2,0,0.0000,0.0000,0.0000,0.0000
Burst,40.50,5,0,0,0.0000,0.0000,0.0000,0.0000
Burst,40.50,5,1,4,0.0225,1.9562,-1.8293,-0.6916
Burst,40.50,5,2,0,0.0000,0.0000,0.0000,0.0000
Burst,40.50,6,0,0,0.0000,0.0000,0.0000,0.0000
Burst,40.50,6,1,2,0.0113,2.5442,-2.5269,0.0328
Burst,40.50,6,2,0,0.0000,0.0000,0.0000,0.0000
Burst,40.50,7,0,0,0.0000,0.0000,0.0000,0.0000
Burst,40.50,7,1,10,0.0563,1.9112,-1.8755,-0.1588
Burst,40.50,7,2,0,0.0000,0.0000,0.0000,0.0000
Burst,40.50,8,0,0,0.0000,0.0000,0.0000,0.0000
Burst,40.50,8,1,13,0.0731,2.0163,-1.9238,-0.4884
Burst,40.50,8,2,0,0.0000,0.0000,0.0000,0.0000
Burst,40.50,9,0,0,0.0000,0.0000,0.0000,0.0000
Burst,40.50,9,1,10,0.0563,1.9380,-1.8251,-0.2425
Burst,40.50,9,2,0,0.0000,0.0000,0.0000,0.0000
Burst,40.50,10,0,0,0.0000,0.0000,0.0000,0.0000
Burst,40.50,10,1,9,0.0506,1.9905,-1.9774,-0.1581
Burst,40.50,10,2,0,0.0000,0.0000,0.0000,0.0000
Burst,40.50,11,0,0,0.0000,0.0000,0.0000,0.0000
Burst,40.50,11,1,13,0.0731,1.9510,-1.8577,-0.5225
Burst,40.50,11,2,0,0.0000,0.0000,0.0000,0.0000
Burst,40.50,12,0,0,0.0000,0.0000,0.0000,0.0000
Burst,40.50,12,1,6,0.0338,1.7986,-1.6374,-0.7344
Burst,40.50,12,2,0,0.0000,0.0000,0.0000,0.0000
Burst,40.50,13,0,0,0.0000,0.0000,0.0000,0.0000
Burst,40.50,13,1,0,0.0000,0.0000,0.0000,0.0000
Burst,40.50,13,2,0,0.0000,0.0000,0.0000,0.0000
Burst,40.50,14,0,0,0.0000,0.0000,0.0000,0.0000
Burst,40.50,14,1,0,0.0000,0.0000,0.0000,0.0000
Burst,40.50,14,2,0,0.0000,0.0000,0.0000,0.0000
Burst,40.50,15,0,0,0.0000,0.0000,0.0000,0.0000
Burst,40.50,15,1,2,0.0113,1.1005,1.0940,-0.1194
Burst,40.50,15,2,0,0.0000,0.0000,0.0000,0.0000
Burst,40.50,16,0,0,0.0000,0.0000,0.0000,0.0000
Burst,40.50,16,1,10,0.0563,2.1029,2.0911,-0.1689
Burst,40.50,16,2,2,0.0113,2.1867,2.1859,-0.0446
Burst,40.50,17,0,0,0.0000,0.0000,0.0000,0.0000
Burst,40.50,17,1,11,0.0619,2.1368,2.0967,-0.3639
Burst,40.50,17,2,0,0.0000,0.0000,0.0000,0.0000
Burst,40.50,18,0,0,0.0000,0.0000,0.0000,0.0000
Burst,40.50,18,1,7,0.0394,2.5086,2.4911,-0.1445
Burst,40.50,18,2,0,0.0000,0.0000,0.0000,0.0000
Burst,40.50,19,0,0,0.0000,0.0000,0.0000,0.0000
Burst,40.50,19,1,12,0.0675,2.1302,2.0998,-0.2458
Burst,40.50,19,2,0,0.0000,0.0000,0.0000,0.0000
Burst,40.50,20,0,0,0.0000,0.0000,0.0000,0.0000
Burst,40.50,20,1,6,0.0338,2.3331,2.2942,-0.3407
Burst,40.50,20,2,0,0.0000,0.0000,0.0000,0.0000
Burst,40.50,21,0,0,0.0000,0.0000,0.0000,0.0000
Burst,40.50,21,1,9,0.0506,2.2635,2.2465,-0.1614
Burst,40.50,21,2,0,0.0000,0.0000,0.0000,0.0000
Burst,40.50,22,0,0,0.0000,0.0000,0.0000,0.0000
Burst,40.50,22,1,3,0.0169,2.5755,2.5751,0.0049
Burst,40.50,22,2,0,0.0000,0.0000,0.0000,0.0000
Burst,40.50,23,0,0,0.0000,0.0000,0.0000,0.0000
Burst,40.50,23,1,1,0.0056,2.8656,2.8650,0.0586
Burst,40.50,23,2,0,0.0000,0.0000,0.0000,0.0000
Burst,40.50,24,0,0,0.0000,0.0000,0.0000,0.0000
Burst,40.50,24,1,0,0.0000,0.0000,0.0000,0.0000
Burst,40.50,24,2,0,0.0000,0.0000,0.0000,0.0000
Burst,40.50,25,0,0,0.0000,0.0000,0.0000,0.0000
Burst,40.50,25,1,0,0.0000,0.0000,0.0000,0.0000
Burst,40.50,25,2,0,0.0000,0.0000,0.0000,0.0000
Burst,40.50,26,0,0,0.0000,0.0000,0.0000,0.0000
Burst,40.50,26,1,0,0.0000,0.0000,0.0000,0.0000
Burst,40.50,26,2,0,0.0000,0.0000,0.0000,0.0000
Burst,40.50,27,0,0,0.0000,0.0000,0.0000,0.0000
Burst,40.50,27,1,0,0.0000,0.0000,0.0000,0.0000
Burst,40.50,27,2,0,0.0000,0.0000,0.0000,0.0000
Burst,40.50,28,0,0,0.0000,0.0000,0.0000,0.0000
Burst,40.50,28,1,0,0.0000,0.0000,0.0000,0.0000
Burst,40.50,28,2,0,0.0000,0.0000,0.0000,0.0000
Burst,40.50,29,0,0,0.0000,0.0000,0.0000,0.0000
Burst,40.50,29,1,0,0.0000,0.0000,0.0000,0.0000
Burst,40.50,29,2,0,0.0000,0.0000,0.0000,0.0000
Burst,41.03,0,0,0,0.0000,0.0000,0.0000,0.0000
Burst,41.03,0,1,0,0.0000,0.0000,0.0000,0.0000
Burst,41.03,0,2,0,0.0000,0.0000,0.0000,0.0000
Burst,41.03,1,0,0,0.0000,0.0000,0.0000,0.0000
Burst,41.03,1,1,0,0.0000,0.0000,0.0000,0.0000
Burst,41.03,1,2,0,0.0000,0.0000,0.0000,0.0000
Burst,41.03,2,0,0,0.0000,0.0000,0.0000,0.0000
Burst,41.03,2,1,0,0.0000,0.0000,0.0000,0.0000
Burst,41.03,2,2,0,0.0000,0.0000,0.0000,0.0000
Burst,41.03,3,0,0,0.0000,0.0000,0.0000,0.0000
Burst,41.03,3,1,0,0.0000,0.0000,0.0000,0.0000
Burst,41.03,3,2,0,0.0000,0.0000,0.0000,0.0000
Burst,41.03,4,0,0,0.0000,0.0000,0.0000,0.0000
Burst,41.03,4,1,0,0.0000,0.0000,0.0000,0.0000
Burst,41.03,4,2,0,0.0000,0.0000,0.0000,0.0000
Burst,41.03,5,0,0,0.0000,0.0000,0.0000,0.0000
Burst,41.03,5,1,4,0.0225,2.0545,-1.7939,-0.9797
Burst,41.03,5,2,0,0.0000,0.0000,0.0000,0.0000
Burst,41.03,6,0,0,0.0000,0.0000,0.0000,0.0000
Burst,41.03,6,1,3,0.0169,2.4654,-2.4537,0.0631
Burst,41.03,6,2,0,0.0000,0.0000,0.0000,0.0000
Burst,41.03,7,0,0,0.0000,0.0000,0.0000,0.0000
Burst,41.03,7,1,10,0.0563,1.7727,-1.7541,-0.1492
Burst,41.03,7,2,0,0.0000,0.0000,0.0000,0.0000
Burst,41.03,8,0,0,0.0000,0.0000,0.0000,0.0000
Burst,41.03,8,1,14,0.0788,1.9687,-1.8775,-0.3512
Burst,41.03,8,2,0,0.0000,0.0000,0.0000,0.0000
Burst,41.03,9,0,0,0.0000,0.0000,0.0000,0.0000
Burst,41.03,9,1,9,0.0506,1.8074,-1.6656,-0.2860
Burst,41.03,9,2,0,0.0000,0.0000,0.0000,0.0000
Burst,41.03,10,0,0,0.0000,0.0000,0.0000,0.0000
Burst,41.03,10,1,10,0.0563,1.9342,-1.9057,-0.1575
Burst,41.03,10,2,0,0.0000,0.0000,0.0000,0.0000
Burst,41.03,11,0,0,0.0000,0.0000,0.0000,0.0000
Burst,41.03,11,1,12,0.0675,2.0219,-1.9215,-0.5250
Burst,41.03,11,2,0,0.0000,0.0000,0.0000,0.0000
Burst,41.03,12,0,0,0.0000,0.0000,0.0000,0.0000
Burst,41.03,12,1,7,0.0394,1.6657,-1.4900,-0.6578
Burst,41.03,12,2,0,0.0000,0.0000,0.0000,0.0000
Burst,41.03,13,0,0,0.0000,0.0000,0.0000,0.0000
Burst,41.03,13,1,0,0.0000,0.0000,0.0000,0.0000
Burst,41.03,13,2,0,0.0000,0.0000,0.0000,0.0000
Burst,41.03,14,0,0,0.0000,0.0000,0.0000,0.0000
Burst,41.03,14,1,0,0.0000,0.0000,0.0000,0.0000
Burst,41.03,14,2,0,0.0000,0.0000,0.0000,0.0000
Burst,41.03,15,0,0,0.0000,0.0000,0.0000,0.0000
Burst,41.03,15,1,3,0.0169,1.2950,1.2781,-0.1018
Burst,41.03,15,2,0,0.0000,0.0000,0.0000,0.0000
Burst,41.03,16,0,0,0.0000,0.0000,0.0000,0.0000
Burst,41.03,16,1,9,0.0506,2.2848,2.2637,-0.1940
Burst,41.03,16,2,1,0.0056,2.4917,2.4889,0.1184
Burst,41.03,17,0,0,0.0000,0.0000,0.0000,0.0000
Burst,41.03,17,1,12,0.0675,2.1097,2.0962,-0.1874
Burst,41.03,17,2,0,0.0000,0.0000,0.0000,0.0000
Burst,41.03,18,0,0,0.0000,0.0000,0.0000,0.0000
Burst,41.03,18,1,7,0.0394,2.3318,2.3110,-0.1394
Burst,41.03,18,2,0,0.0000,0.0000,0.0000,0.0000
Burst,41.03,19,0,0,0.0000,0.0000,0.0000,0.0000
Burst,41.03,19,1,12,0.0675,2.2005,2.1481,-0.3706
Burst,41.03,19,2,0,0.0000,0.0000,0.0000,0.0000
Burst,41.03,20,0,0,0.0000,0.0000,0.0000,0.0000
Burst,41.03,20,1,7,0.0394,2.3063,2.2953,-0.1482
Burst,41.03,20,2,0,0.0000,0.0000,0.0000,0.0000
Burst,41.03,21,0,0,0.0000,0.0000,0.0000,0.0000
Burst,41.03,21,1,7,0.0394,2.2025,2.1655,-0.3617
Burst,41.03,21,2,0,0.0000,0.0000,0.0000,0.0000
Burst,41.03,22,0,0,0.0000,0.0000,0.0000,0.0000
Burst,41.03,22,1,5,0.0281,2.5667,2.5449,0.0288
Burst,41.03,22,2,0,0.0000,0.0000,0.0000,0.0000
Burst,41.03,23,0,0,0.0000,0.0000,0.0000,0.0000
Burst,41.03,23,1,1,0.0056,2.6334,2.6332,-0.0346
Burst,41.03,23,2,0,0.0000,0.0000,0.0000,0.0000
Burst,41.03,24,0,0,0.0000,0.0000,0.0000,0.0000
Burst,41.03,24,1,0,0.0000,0.0000,0.0000,0.0000
Burst,41.03,24,2,0,0.0000,0.0000,0.0000,0.0000
Burst,41.03,25,0,0,0.0000,0.0000,0.0000,0.0000
Burst,41.03,25,1,0,0.0000,0.0000,0.0000,0.0000
Burst,41.03,25,2,0,0.0000,0.0000,0.0000,0.0000
Burst,41.03,26,0,0,0.0000,0.0000,0.0000,0.0000
Burst,41.03,26,1,0,0.0000,0.0000,0.0000,0.0000
Burst,41.03,26,2,0,0.0000,0.0000,0.0000,0.0000
Burst,41.03,27,0,0,0.0000,0.0000,0.0000,0.0000
Burst,41.03,27,1,0,0.0000,0.0000,0.0000,0.0000
Burst,41.03,27,2,0,0.0000,0.0000,0.0000,0.0000
Burst,41.03,28,0,0,0.0000,0.0000,0.0000,0.0000
Burst,41.03,28,1,0,0.0000,0.0000,0.0000,0.0000
Burst,41.03,28,2,0,0.0000,0.0000,0.0000,0.0000
Burst,41.03,29,0,0,0.0000,0.0000,0.0000,0.0000
Burst,41.03,29,1,0,0.0000,0.0000,0.0000,0.0000
Burst,41.03,29,2,0,0.0000,0.0000,0.0000,0.0000
Burst,41.57,0,0,0,0.0000,0.0000,0.0000,0.0000
Burst,41.57,0,1,0,0.0000,0.0000,0.0000,0.0000
Burst,41.57,0,2,0,0.0000,0.0000,0.0000,0.0000
Burst,41.57,1,0,0,0.0000,0.0000,0.0000,0.0000
Burst,41.57,1,1,0,0.0000,0.0000,0.0000,0.0000
Burst,41.57,1,2,0,0.0000,0.0000,0.0000,0.0000
Burst,41.57,2,0,0,0.0000,0.0000,0.0000,0.0000
Burst,41.57,2,1,0,0.0000,0.0000,0.0000,0.0000
Burst,41.57,2,2,0,0.0000,0.0000,0.0000,0.0000
Burst,41.57,3,0,0,0.0000,0.0000,0.0000,0.0000
Burst,41.57,3,1,0,0.0000,0.0000,0.0000,0.0000
Burst,41.57,3,2,0,0.0000,0.0000,0.0000,0.0000
Burst,41.57,4,0,0,0.0000,0.0000,0.0000,0.0000
Burst,41.57,4,1,0,0.0000,0.0000,0.0000,0.0000
Burst,41.57,4,2,0,0.0000,0.0000,0.0000,0.0000
Burst,41.57,5,0,0,0.0000,0.0000,0.0000,0.0000
Burst,41.57,5,1,4,0.0225,2.0715,-1.7791,-1.0467
Burst,41.57,5,2,0,0.0000,0.0000,0.0000,0.0000
Burst,41.57,6,0,0,0.0000,0.0000,0.0000,0.0000
Burst,41.57,6,1,4,0.0225,2.8977,-2.7479,0.3747
Burst,41.57,6,2,0,0.0000,0.0000,0.0000,0.0000
Burst,41.57,7,0,0,0.0000,0.0000,0.0000,0.0000
Burst,41.57,7,1,10,0.0563,1.9137,-1.8971,-0.1413
Burst,41.57,7,2,0,0.0000,0.0000,0.0000,0.0000
Burst,41.57,8,0,0,0.0000,0.0000,0.0000,0.0000
Burst,41.57,8,1,13,0.0731,1.9158,-1.8200,-0.4036
Burst,41.57,8,2,0,0.0000,0.0000,0.0000,0.0000
Burst,41.57,9,0,0,0.0000,0.0000,0.0000,0.0000
Burst,41.57,9,1,11,0.0619,1.8231,-1.6916,-0.3515
Burst,41.57,9,2,0,0.0000,0.0000,0.0000,0.0000
Burst,41.57,10,0,0,0.0000,0.0000,0.0000,0.0000
Burst,41.57,10,1,10,0.0563,1.9404,-1.9136,-0.1085
Burst,41.57,10,2,0,0.0000,0.0000,0.0000,0.0000
Burst,41.57,11,0,0,0.0000,0.0000,0.0000,0.0000
Burst,41.57,11,1,12,0.0675,2.0985,-2.0437,-0.3343
Burst,41.57,11,2,0,0.0000,0.0000,0.0000,0.0000
Burst,41.57,12,0,0,0.0000,0.0000,0.0000,0.0000
Burst,41.57,12,1,7,0.0394,1.6016,-1.4184,-0.7126
Burst,41.57,12,2,0,0.0000,0.0000,0.0000,0.0000
Burst,41.57,13,0,0,0.0000,0.0000,0.0000,0.0000
Burst,41.57,13,1,0,0.0000,0.0000,0.0000,0.0000
Burst,41.57,13,2,0,0.0000,0.0000,0.0000,0.0000
Burst,41.57,14,0,0,0.0000,0.0000,0.0000,0.0000
Burst,41.57,14,1,0,0.0000,0.0000,0.0000,0.0000
Burst,41.57,14,2,0,0.0000,0.0000,0.0000,0.0000
Burst,41.57,15,0,0,0.0000,0.0000,0.0000,0.0000
Burst,41.57,15,1,1,0.0056,2.0763,2.0507,-0.3251
Burst,41.57,15,2,1,0.0056,0.0000,0.0000,0.0000
Burst,41.57,16,0,0,0.0000,0.0000,0.0000,0.0000
Burst,41.57,16,1,10,0.0563,2.1265,2.0979,-0.3041
Burst,41.57,16,2,1,0.0056,2.1220,2.1217,0.0358
Burst,41.57,17,0,0,0.0000,0.0000,0.0000,0.0000
Burst,41.57,17,1,12,0.0675,1.9240,1.9092,-0.1555
Burst,41.57,17,2,0,0.0000,0.0000,0.0000,0.0000
Burst,41.57,18,0,0,0.0000,0.0000,0.0000,0.0000
Burst,41.57,18,1,7,0.0394,2.2545,2.2409,-0.2294
Burst,41.57,18,2,0,0.0000,0.0000,0.0000,0.0000
Burst,41.57,19,0,0,0.0000,0.0000,0.0000,0.0000
Burst,41.57,19,1,14,0.0788,2.0351,2.0078,-0.1749
Burst,41.57,19,2,0,0.0000,0.0000,0.0000,0.0000
Burst,41.57,20,0,0,0.0000,0.0000,0.0000,0.0000
Burst,41.57,20,1,7,0.0394,2.2567,2.2341,-0.2147
Burst,41.57,20,2,0,0.0000,0.0000,0.0000,0.0000
Burst,41.57,21,0,0,0.0000,0.0000,0.0000,0.0000
Burst,41.57,21,1,7,0.0394,2.3151,2.2882,-0.2259
Burst,41.57,21,2,0,0.0000,0.0000,0.0000,0.0000
Burst,41.57,22,0,0,0.0000,0.0000,0.0000,0.0000
Burst,41.57,22,1,5,0.0281,2.5210,2.5008,-0.1170
Burst,41.57,22,2,0,0.0000,0.0000,0.0000,0.0000
Burst,41.57,23,0,0,0.0000,0.0000,0.0000,0.0000
Burst,41.57,23,1,1,0.0056,2.1897,2.1879,0.0888
Burst,41.57,23,2,0,0.0000,0.0000,0.0000,0.0000
Burst,41.57,24,0,0,0.0000,0.0000,0.0000,0.0000
Burst,41.57,24,1,0,0.0000,0.0000,0.0000,0.0000
Burst,41.57,24,2,0,0.0000,0.0000,0.0000,0.0000
Burst,41.57,25,0,0,0.0000,0.0000,0.0000,0.0000
Burst,41.57,25,1,0,0.0000,0.0000,0.0000,0.0000
Burst,41.57,25,2,0,0.0000,0.0000,0.0000,0.0000
Burst,41.57,26,0,0,0.0000,0.0000,0.0000,0.0000
Burst,41.57,26,1,0,0.0000,0.0000,0.0000,0.0000
Burst,41.57,26,2,0,0.0000,0.0000,0.0000,0.0000
Burst,41.57,27,0,0,0.0000,0.0000,0.0000,0.0000
Burst,41.57,27,1,0,0.0000,0.0000,0.0000,0.0000
Burst,41.57,27,2,0,0.0000,0.0000,0.0000,0.0000
Burst,41.57,28,0,0,0.0000,0.0000,0.0000,0.0000
Burst,41.57,28,1,0,0.0000,0.0000,0.0000,0.0000
Burst,41.57,28,2,0,0.0000,0.0000,0.0000,0.0000
Burst,41.57,29,0,0,0.0000,0.0000,0.0000,0.0000
Burst,41.57,29,1,0,0.0000,0.0000,0.0000,0.0000
Burst,41.57,29,2,0,0.0000,0.0000,0.0000,0.0000
Burst,42.09,0,0,0,0.0000,0.0000,0.0000,0.0000
Burst,42.09,0,1,0,0.0000,0.0000,0.0000,0.0000
Burst,42.09,0,2,0,0.0000,0.0000,0.0000,0.0000
Burst,42.09,1,0,0,0.0000,0.0000,0.0000,0.0000
Burst,42.09,1,1,0,0.0000,0.0000,0.0000,0.0000
Burst,42.09,1,2,0,0.0000,0.0000,0.0000,0.0000
Burst,42.09,2,0,0,0.0000,0.0000,0.0000,0.0000
Burst,42.09,2,1,0,0.0000,0.0000,0.0000,0.0000
Burst,42.09,2,2,0,0.0000,0.0000,0.0000,0.0000
Burst,42.09,3,0,0,0.0000,0.0000,0.0000,0.0000
Burst,42.09,3,1,0,0.0000,0.0000,0.0000,0.0000
Burst,42.09,3,2,0,0.0000,0.0000,0.0000,0.0000
Burst,42.09,4,0,0,0.0000,0.0000,0.0000,0.0000
Burst,42.09,4,1,0,0.0000,0.0000,0.0000,0.0000
Burst,42.09,4,2,0,0.0000,0.0000,0.0000,0.0000
Burst,42.09,5,0,0,0.0000,0.0000,0.0000,0.0000
Burst,42.09,5,1,4,0.0225,2.0554,-1.7434,-1.0272
Burst,42.09,5,2,0,0.0000,0.0000,0.0000,0.0000
Burst,42.09,6,0,0,0.0000,0.0000,0.0000,0.0000
Burst,42.09,6,1,4,0.0225,4.6514,-4.1002,1.3612
Burst,42.09,6,2,0,0.0000,0.0000,0.0000,0.0000
Burst,42.09,7,0,0,0.0000,0.0000,0.0000,0.0000
Burst,42.09,7,1,11,0.0619,1.8767,-1.8566,-0.1088
Burst,42.09,7,2,0,0.0000,0.0000,0.0000,0.0000
Burst,42.09,8,0,0,0.0000,0.0000,0.0000,0.0000
Burst,42.09,8,1,14,0.0788,2.0572,-1.9270,-0.4731
Burst,42.09,8,2,0,0.0000,0.0000,0.0000,0.0000
Burst,42.09,9,0,0,0.0000,0.0000,0.0000,0.0000
Burst,42.09,9,1,9,0.0506,2.0249,-1.8726,-0.4106
Burst,42.09,9,2,1,0.0056,0.0000,0.0000,0.0000
Burst,42.09,10,0,0,0.0000,0.0000,0.0000,0.0000
Burst,42.09,10,1,11,0.0619,2.0273,-1.9944,-0.0712
Burst,42.09,10,2,0,0.0000,0.0000,0.0000,0.0000
Burst,42.09,11,0,0,0.0000,0.0000,0.0000,0.0000
Burst,42.09,11,1,11,0.0619,2.1192,-2.0500,-0.3138
Burst,42.09,11,2,0,0.0000,0.0000,0.0000,0.0000
Burst,42.09,12,0,0,0.0000,0.0000,0.0000,0.0000
Burst,42.09,12,1,8,0.0450,1.6639,-1.4243,-0.7921
Burst,42.09,12,2,0,0.0000,0.0000,0.0000,0.0000
Burst,42.09,13,0,0,0.0000,0.0000,0.0000,0.0000
Burst,42.09,13,1,0,0.0000,0.0000,0.0000,0.0000
Burst,42.09,13,2,0,0.0000,0.0000,0.0000,0.0000
Burst,42.09,14,0,0,0.0000,0.0000,0.0000,0.0000
Burst,42.09,14,1,0,0.0000,0.0000,0.0000,0.0000
Burst,42.09,14,2,0,0.0000,0.0000,0.0000,0.0000
Burst,42.09,15,0,0,0.0000,0.0000,0.0000,0.0000
Burst,42.09,15,1,0,0.0000,0.0000,0.0000,0.0000
Burst,42.09,15,2,0,0.0000,0.0000,0.0000,0.0000
Burst,42.09,16,0,0,0.0000,0.0000,0.0000,0.0000
Burst,42.09,16,1,11,0.0619,2.0505,2.0389,-0.1183
Burst,42.09,16,2,1,0.0056,2.1972,2.1787,-0.2841
Burst,42.09,17,0,0,0.0000,0.0000,0.0000,0.0000
Burst,42.09,17,1,12,0.0675,2.0284,2.0147,-0.1389
Burst,42.09,17,2,0,0.0000,0.0000,0.0000,0.0000
Burst,42.09,18,0,0,0.0000,0.0000,0.0000,0.0000
Burst,42.09,18,1,6,0.0338,2.4242,2.3910,-0.3065
Burst,42.09,18,2,0,0.0000,0.0000,0.0000,0.0000
Burst,42.09,19,0,0,0.0000,0.0000,0.0000,0.0000
Burst,42.09,19,1,15,0.0844,2.1192,2.0982,-0.1055
Burst,42.09,19,2,0,0.0000,0.0000,0.0000,0.0000
Burst,42.09,20,0,0,0.0000,0.0000,0.0000,0.0000
Burst,42.09,20,1,7,0.0394,2.2458,2.2055,-0.2963
Burst,42.09,20,2,0,0.0000,0.0000,0.0000,0.0000
Burst,42.09,21,0,0,0.0000,0.0000,0.0000,0.0000
Burst,42.09,21,1,8,0.0450,2.3366,2.3175,-0.2082
Burst,42.09,21,2,0,0.0000,0.0000,0.0000,0.0000
Burst,42.09,22,0,0,0.0000,0.0000,0.0000,0.0000
Burst,42.09,22,1,5,0.0281,2.5171,2.5134,-0.0055
Burst,42.09,22,2,0,0.0000,0.0000,0.0000,0.0000
Burst,42.09,23,0,0,0.0000,0.0000,0.0000,0.0000
Burst,42.09,23,1,1,0.0056,2.5857,2.5560,0.3908
Burst,42.09,23,2,0,0.0000,0.0000,0.0000,0.0000
Burst,42.09,24,0,0,0.0000,0.0000,0.0000,0.0000
Burst,42.09,24,1,0,0.0000,0.0000,0.0000,0.0000
Burst,42.09,24,2,0,0.0000,0.0000,0.0000,0.0000
Burst,42.09,25,0,0,0.0000,0.0000,0.0000,0.0000
Burst,42.09,25,1,0,0.0000,0.0000,0.0000,0.0000
Burst,42.09,25,2,0,0.0000,0.0000,0.0000,0.0000
Burst,42.09,26,0,0,0.0000,0.0000,0.0000,0.0000
Burst,42.09,26,1,0,0.0000,0.0000,0.0000,0.0000
Burst,42.09,26,2,0,0.0000,0.0000,0.0000,0.0000
Burst,42.09,27,0,0,0.0000,0.0000,0.0000,0.0000
Burst,42.09,27,1,0,0.0000,0.0000,0.0000,0.0000
Burst,42.09,27,2,0,0.0000,0.0000,0.0000,0.0000
Burst,42.09,28,0,0,0.0000,0.0000,0.0000,0.0000
Burst,42.09,28,1,0,0.0000,0.0000,0.0000,0.0000
Burst,42.09,28,2,0,0.0000,0.0000,0.0000,0.0000
Burst,42.09,29,0,0,0.0000,0.0000,0.0000,0.0000
Burst,42.09,29,1,0,0.0000,0.0000,0.0000,0.0000
Burst,42.09,29,2,0,0.0000,0.0000,0.0000,0.0000
Burst,42.63,0,0,0,0.0000,0.0000,0.0000,0.0000
Burst,42.63,0,1,0,0.0000,0.0000,0.0000,0.0000
Burst,42.63,0,2,0,0.0000,0.0000,0.0000,0.0000
Burst,42.63,1,0,0,0.0000,0.0000,0.0000,0.0000
Burst,42.63,1,1,0,0.0000,0.0000,0.0000,0.0000
Burst,42.63,1,2,0,0.0000,0.0000,0.0000,0.0000
Burst,42.63,2,0,0,0.0000,0.0000,0.0000,0.0000
Burst,42.63,2,1,0,0.0000,0.0000,0.0000,0.0000
Burst,42.63,2,2,0,0.0000,0.0000,0.0000,0.0000
Burst,42.63,3,0,0,0.0000,0.0000,0.0000,0.0000
Burst,42.63,3,1,0,0.0000,0.0000,0.0000,0.0000
Burst,42.63,3,2,0,0.0000,0.0000,0.0000,0.0000
Burst,42.63,4,0,0,0.0000,0.0000,0.0000,0.0000
Burst,42.63,4,1,0,0.0000,0.0000,0.0000,0.0000
Burst,42.63,4,2,0,0.0000,0.0000,0.0000,0.0000
Burst,42.63,5,0,0,0.0000,0.0000,0.0000,0.0000
Burst,42.63,5,1,4,0.0225,2.0197,-1.6176,-1.1208
Burst,42.63,5,2,0,0.0000,0.0000,0.0000,0.0000
Burst,42.63,6,0,0,0.0000,0.0000,0.0000,0.0000
Burst,42.63,6,1,4,0.0225,3.3119,-3.1379,0.3529
Burst,42.63,6,2,0,0.0000,0.0000,0.0000,0.0000
Burst,42.63,7,0,0,0.0000,0.0000,0.0000,0.0000
Burst,42.63,7,1,12,0.0675,1.9876,-1.9714,-0.0979
Burst,42.63,7,2,0,0.0000,0.0000,0.0000,0.0000
Burst,42.63,8,0,0,0.0000,0.0000,0.0000,0.0000
Burst,42.63,8,1,13,0.0731,1.9839,-1.9343,-0.3264
Burst,42.63,8,2,0,0.0000,0.0000,0.0000,0.0000
Burst,42.63,9,0,0,0.0000,0.0000,0.0000,0.0000
Burst,42.63,9,1,12,0.0675,2.0518,-1.9239,-0.3590
Burst,42.63,9,2,0,0.0000,0.0000,0.0000,0.0000
Burst,42.63,10,0,0,0.0000,0.0000,0.0000,0.0000
Burst,42.63,10,1,10,0.0563,1.9200,-1.9042,-0.1026
Burst,42.63,10,2,0,0.0000,0.0000,0.0000,0.0000
Burst,42.63,11,0,0,0.0000,0.0000,0.0000,0.0000
Burst,42.63,11,1,11,0.0619,2.0912,-1.9685,-0.4981
Burst,42.63,11,2,0,0.0000,0.0000,0.0000,0.0000
Burst,42.63,12,0,0,0.0000,0.0000,0.0000,0.0000
Burst,42.63,12,1,7,0.0394,1.8962,-1.6908,-0.8198
Burst,42.63,12,2,1,0.0056,0.0000,0.0000,0.0000
Burst,42.63,13,0,0,0.0000,0.0000,0.0000,0.0000
Burst,42.63,13,1,0,0.0000,0.0000,0.0000,0.0000
Burst,42.63,13,2,0,0.0000,0.0000,0.0000,0.0000
Burst,42.63,14,0,0,0.0000,0.0000,0.0000,0.0000
Burst,42.63,14,1,0,0.0000,0.0000,0.0000,0.0000
Burst,42.63,14,2,0,0.0000,0.0000,0.0000,0.0000
Burst,42.63,15,0,0,0.0000,0.0000,0.0000,0.0000
Burst,42.63,15,1,0,0.0000,0.0000,0.0000,0.0000
Burst,42.63,15,2,1,0.0056,0.0000,0.0000,0.0000
Burst,42.63,16,0,0,0.0000,0.0000,0.0000,0.0000
Burst,42.63,16,1,10,0.0563,2.0682,2.0442,-0.2107
Burst,42.63,16,2,1,0.0056,2.0056,1.9932,0.2227
Burst,42.63,17,0,0,0.0000,0.0000,0.0000,0.0000
Burst,42.63,17,1,12,0.0675,2.0819,2.0676,-0.1393
Burst,42.63,17,2,0,0.0000,0.0000,0.0000,0.0000
Burst,42.63,18,0,0,0.0000,0.0000,0.0000,0.0000
Burst,42.63,18,1,7,0.0394,2.4137,2.3841,-0.3344
Burst,42.63,18,2,0,0.0000,0.0000,0.0000,0.0000
Burst,42.63,19,0,0,0.0000,0.0000,0.0000,0.0000
Burst,42.63,19,1,13,0.0731,1.9370,1.9070,-0.1972
Burst,42.63,19,2,1,0.0056,2.4990,2.4858,0.2564
Burst,42.63,20,0,0,0.0000,0.0000,0.0000,0.0000
Burst,42.63,20,1,8,0.0450,2.1719,2.1267,-0.3068
Burst,42.63,20,2,0,0.0000,0.0000,0.0000,0.0000
Burst,42.63,21,0,0,0.0000,0.0000,0.0000,0.0000
Burst,42.63,21,1,8,0.0450,2.2994,2.2889,-0.1584
Burst,42.63,21,2,0,0.0000,0.0000,0.0000,0.0000
Burst,42.63,22,0,0,0.0000,0.0000,0.0000,0.0000
Burst,42.63,22,1,5,0.0281,2.4569,2.4529,0.0307
Burst,42.63,22,2,0,0.0000,0.0000,0.0000,0.0000
Burst,42.63,23,0,0,0.0000,0.0000,0.0000,0.0000
Burst,42.63,23,1,2,0.0113,2.6479,2.6464,-0.0067
Burst,42.63,23,2,0,0.0000,0.0000,0.0000,0.0000
Burst,42.63,24,0,0,0.0000,0.0000,0.0000,0.0000
Burst,42.63,24,1,0,0.0000,0.0000,0.0000,0.0000
Burst,42.63,24,2,0,0.0000,0.0000,0.0000,0.0000
Burst,42.63,25,0,0,0.0000,0.0000,0.0000,0.0000
Burst,42.63,25,1,0,0.0000,0.0000,0.0000,0.0000
Burst,42.63,25,2,0,0.0000,0.0000,0.0000,0.0000
Burst,42.63,26,0,0,0.0000,0.0000,0.0000,0.0000
Burst,42.63,26,1,0,0.0000,0.0000,0.0000,0.0000
Burst,42.63,26,2,0,0.0000,0.0000,0.0000,0.0000
Burst,42.63,27,0,0,0.0000,0.0000,0.0000,0.0000
Burst,42.63,27,1,0,0.0000,0.0000,0.0000,0.0000
Burst,42.63,27,2,0,0.0000,0.0000,0.0000,0.0000
Burst,42.63,28,0,0,0.0000,0.0000,0.0000,0.0000
Burst,42.63,28,1,0,0.0000,0.0000,0.0000,0.0000
Burst,42.63,28,2,0,0.0000,0.0000,0.0000,0.0000
Burst,42.63,29,0,0,0.0000,0.0000,0.0000,0.0000
Burst,42.63,29,1,0,0.0000,0.0000,0.0000,0.0000
Burst,42.63,29,2,0,0.0000,0.0000,0.0000,0.0000
Burst,43.16,0,0,0,0.0000,0.0000,0.0000,0.0000
Burst,43.16,0,1,0,0.0000,0.0000,0.0000,0.0000
Burst,43.16,0,2,0,0.0000,0.0000,0.0000,0.0000
Burst,43.16,1,0,0,0.0000,0.0000,0.0000,0.0000
Burst,43.16,1,1,0,0.0000,0.0000,0.0000,0.0000
Burst,43.16,1,2,0,0.0000,0.0000,0.0000,0.0000
Burst,43.16,2,0,0,0.0000,0.0000,0.0000,0.0000
Burst,43.16,2,1,0,0.0000,0.0000,0.0000,0.0000
Burst,43.16,2,2,0,0.0000,0.0000,0.0000,0.0000
Burst,43.16,3,0,0,0.0000,0.0000,0.0000,0.0000
Burst,43.16,3,1,0,0.0000,0.0000,0.0000,0.0000
Burst,43.16,3,2,0,0.0000,0.0000,0.0000,0.0000
Burst,43.16,4,0,0,0.0000,0.0000,0.0000,0.0000
Burst,43.16,4,1,0,0.0000,0.0000,0.0000,0.0000
Burst,43.16,4,2,0,0.0000,0.0000,0.0000,0.0000
Burst,43.16,5,0,0,0.0000,0.0000,0.0000,0.0000
Burst,43.16,5,1,5,0.0281,2.1961,-1.8809,-1.0878
Burst,43.16,5,2,0,0.0000,0.0000,0.0000,0.0000
Burst,43.16,6,0,0,0.0000,0.0000,0.0000,0.0000
Burst,43.16,6,1,5,0.0281,4.1997,-3.8185,1.0200
Burst,43.16,6,2,0,0.0000,0.0000,0.0000,0.0000
Burst,43.16,7,0,0,0.0000,0.0000,0.0000,0.0000
Burst,43.16,7,1,11,0.0619,2.0625,-2.0471,-0.0553
Burst,43.16,7,2,0,0.0000,0.0000,0.0000,0.0000
Burst,43.16,8,0,0,0.0000,0.0000,0.0000,0.0000
Burst,43.16,8,1,14,0.0788,2.0722,-2.0354,-0.2421
Burst,43.16,8,2,0,0.0000,0.0000,0.0000,0.0000
Burst,43.16,9,0,0,0.0000,0.0000,0.0000,0.0000
Burst,43.16,9,1,11,0.0619,2.0013,-1.8618,-0.3245
Burst,43.16,9,2,0,0.0000,0.0000,0.0000,0.0000
Burst,43.16,10,0,0,0.0000,0.0000,0.0000,0.0000
Burst,43.16,10,1,11,0.0619,2.1510,-2.1384,0.0383
Burst,43.16,10,2,0,0.0000,0.0000,0.0000,0.0000
Burst,43.16,11,0,0,0.0000,0.0000,0.0000,0.0000
Burst,43.16,11,1,10,0.0563,1.9166,-1.8572,-0.3827
Burst,43.16,11,2,0,0.0000,0.0000,0.0000,0.0000
Burst,43.16,12,0,0,0.0000,0.0000,0.0000,0.0000
Burst,43.16,12,1,8,0.0450,1.9815,-1.8029,-0.7818
Burst,43.16,12,2,1,0.0056,0.0000,0.0000,0.0000
Burst,43.16,13,0,0,0.0000,0.0000,0.0000,0.0000
Burst,43.16,13,1,0,0.0000,0.0000,0.0000,0.0000
Burst,43.16,13,2,0,0.0000,0.0000,0.0000,0.0000
Burst,43.16,14,0,0,0.0000,0.0000,0.0000,0.0000
Burst,43.16,14,1,0,0.0000,0.0000,0.0000,0.0000
Burst,43.16,14,2,0,0.0000,0.0000,0.0000,0.0000
Burst,43.16,15,0,0,0.0000,0.0000,0.0000,0.0000
Burst,43.16,15,1,2,0.0113,1.2710,1.2611,-0.1583
Burst,43.16,15,2,0,0.0000,0.0000,0.0000,0.0000
Burst,43.16,16,0,0,0.0000,0.0000,0.0000,0.0000
Burst,43.16,16,1,9,0.0506,2.0111,1.9821,-0.1377
Burst,43.16,16,2,1,0.0056,2.1597,2.1596,-0.0244
Burst,43.16,17,0,0,0.0000,0.0000,0.0000,0.0000
Burst,43.16,17,1,12,0.0675,2.1112,2.0924,-0.2435
Burst,43.16,17,2,0,0.0000,0.0000,0.0000,0.0000
Burst,43.16,18,0,0,0.0000,0.0000,0.0000,0.0000
Burst,43.16,18,1,9,0.0506,1.9950,1.9625,-0.3181
Burst,43.16,18,2,0,0.0000,0.0000,0.0000,0.0000
Burst,43.16,19,0,0,0.0000,0.0000,0.0000,0.0000
Burst,43.16,19,1,12,0.0675,2.1271,2.0812,-0.1526
Burst,43.16,19,2,0,0.0000,0.0000,0.0000,0.0000
Burst,43.16,20,0,0,0.0000,0.0000,0.0000,0.0000
Burst,43.16,20,1,9,0.0506,2.4726,2.4472,-0.2749
Burst,43.16,20,2,0,0.0000,0.0000,0.0000,0.0000
Burst,43.16,21,0,0,0.0000,0.0000,0.0000,0.0000
Burst,43.16,21,1,7,0.0394,2.4107,2.4059,-0.0680
Burst,43.16,21,2,0,0.0000,0.0000,0.0000,0.0000
Burst,43.16,22,0,0,0.0000,0.0000,0.0000,0.0000
Burst,43.16,22,1,6,0.0338,2.3241,2.2988,-0.0937
Burst,43.16,22,2,0,0.0000,0.0000,0.0000,0.0000
Burst,43.16,23,0,0,0.0000,0.0000,0.0000,0.0000
Burst,43.16,23,1,2,0.0113,2.4825,2.4355,-0.3675
Burst,43.16,23,2,0,0.0000,0.0000,0.0000,0.0000
Burst,43.16,24,0,0,0.0000,0.0000,0.0000,0.0000
Burst,43.16,24,1,0,0.0000,0.0000,0.0000,0.0000
Burst,43.16,24,2,0,0.0000,0.0000,0.0000,0.0000
Burst,43.16,25,0,0,0.0000,0.0000,0.0000,0.0000
Burst,43.16,25,1,0,0.0000,0.0000,0.0000,0.0000
Burst,43.16,25,2,0,0.0000,0.0000,0.0000,0.0000
Burst,43.16,26,0,0,0.0000,0.0000,0.0000,0.0000
Burst,43.16,26,1,0,0.0000,0.0000,0.0000,0.0000
Burst,43.16,26,2,0,0.0000,0.0000,0.0000,0.0000
Burst,43.16,27,0,0,0.0000,0.0000,0.0000,0.0000
Burst,43.16,27,1,0,0.0000,0.0000,0.0000,0.0000
Burst,43.16,27,2,0,0.0000,0.0000,0.0000,0.0000
Burst,43.16,28,0,0,0.0000,0.0000,0.0000,0.0000
Burst,43.16,28,1,0,0.0000,0.0000,0.0000,0.0000
Burst,43.16,28,2,0,0.0000,0.0000,0.0000,0.0000
Burst,43.16,29,0,0,0.0000,0.0000,0.0000,0.0000
Burst,43.16,29,1,0,0.0000,0.0000,0.0000,0.0000
Burst,43.16,29,2,0,0.0000,0.0000,0.0000,0.0000
Burst,43.69,0,0,0,0.0000,0.0000,0.0000,0.0000
Burst,43.69,0,1,0,0.0000,0.0000,0.0000,0.0000
Burst,43.69,0,2,0,0.0000,0.0000,0.0000,0.0000
Burst,43.69,1,0,0,0.0000,0.0000,0.0000,0.0000
Burst,43.69,1,1,0,0.0000,0.0000,0.0000,0.0000
Burst,43.69,1,2,0,0.0000,0.0000,0.0000,0.0000
Burst,43.69,2,0,0,0.0000,0.0000,0.0000,0.0000
Burst,43.69,2,1,0,0.0000,0.0000,0.0000,0.0000
Burst,43.69,2,2,0,0.0000,0.0000,0.0000,0.0000
Burst,43.69,3,0,0,0.0000,0.0000,0.0000,0.0000
Burst,43.69,3,1,0,0.0000,0.0000,0.0000,0.0000
Burst,43.69,3,2,0,0.0000,0.0000,0.0000,0.0000
Burst,43.69,4,0,0,0.0000,0.0000,0.0000,0.0000
Burst,43.69,4,1,0,0.0000,0.0000,0.0000,0.0000
Burst,43.69,4,2,0,0.0000,0.0000,0.0000,0.0000
Burst,43.69,5,0,0,0.0000,0.0000,0.0000,0.0000
Burst,43.69,5,1,6,0.0338,3.1617,-2.7842,-0.1267
Burst,43.69,5,2,0,0.0000,0.0000,0.0000,0.0000
Burst,43.69,6,0,0,0.0000,0.0000,0.0000,0.0000
Burst,43.69,6,1,4,0.0225,3.7784,-3.5287,0.9740
Burst,43.69,6,2,0,0.0000,0.0000,0.0000,0.0000
Burst,43.69,7,0,0,0.0000,0.0000,0.0000,0.0000
Burst,43.69,7,1,12,0.0675,1.9458,-1.9293,-0.1335
Burst,43.69,7,2,0,0.0000,0.0000,0.0000,0.0000
Burst,43.69,8,0,0,0.0000,0.0000,0.0000,0.0000
Burst,43.69,8,1,13,0.0731,2.0396,-1.9894,-0.2146
Burst,43.69,8,2,0,0.0000,0.0000,0.0000,0.0000
Burst,43.69,9,0,0,0.0000,0.0000,0.0000,0.0000
Burst,43.69,9,1,12,0.0675,1.9718,-1.8581,-0.4037
Burst,43.69,9,2,0,0.0000,0.0000,0.0000,0.0000
Burst,43.69,10,0,0,0.0000,0.0000,0.0000,0.0000
Burst,43.69,10,1,12,0.0675,2.1838,-2.1680,0.2249
Burst,43.69,10,2,0,0.0000,0.0000,0.0000,0.0000
Burst,43.69,11,0,0,0.0000,0.0000,0.0000,0.0000
Burst,43.69,11,1,11,0.0619,2.0645,-2.0139,-0.3493
Burst,43.69,11,2,0,0.0000,0.0000,0.0000,0.0000
Burst,43.69,12,0,0,0.0000,0.0000,0.0000,0.0000
Burst,43.69,12,1,7,0.0394,1.6985,-1.5077,-0.7383
Burst,43.69,12,2,1,0.0056,1.6457,-1.5182,-0.6352
Burst,43.69,13,0,0,0.0000,0.0000,0.0000,0.0000
Burst,43.69,13,1,0,0.0000,0.0000,0.0000,0.0000
Burst,43.69,13,2,0,0.0000,0.0000,0.0000,0.0000
Burst,43.69,14,0,0,0.0000,0.0000,0.0000,0.0000
Burst,43.69,14,1,0,0.0000,0.0000,0.0000,0.0000
Burst,43.69,14,2,0,0.0000,0.0000,0.0000,0.0000
Burst,43.69,15,0,0,0.0000,0.0000,0.0000,0.0000
Burst,43.69,15,1,1,0.0056,2.2336,2.2240,-0.2069
Burst,43.69,15,2,0,0.0000,0.0000,0.0000,0.0000
Burst,43.69,16,0,0,0.0000,0.0000,0.0000,0.0000
Burst,43.69,16,1,10,0.0563,2.0855,2.0640,-0.2765
Burst,43.69,16,2,1,0.0056,1.5335,1.4988,0.3244
Burst,43.69,17,0,0,0.0000,0.0000,0.0000,0.0000
Burst,43.69,17,1,12,0.0675,2.0113,2.0003,-0.1536
Burst,43.69,17,2,0,0.0000,0.0000,0.0000,0.0000
Burst,43.69,18,0,0,0.0000,0.0000,0.0000,0.0000
Burst,43.69,18,1,8,0.0450,2.2225,2.1792,-0.3714
Burst,43.69,18,2,0,0.0000,0.0000,0.0000,0.0000
Burst,43.69,19,0,0,0.0000,0.0000,0.0000,0.0000
Burst,43.69,19,1,13,0.0731,2.1181,2.0806,-0.2672
Burst,43.69,19,2,0,0.0000,0.0000,0.0000,0.0000
Burst,43.69,20,0,0,0.0000,0.0000,0.0000,0.0000
Burst,43.69,20,1,8,0.0450,2.3313,2.2949,-0.2813
Burst,43.69,20,2,0,0.0000,0.0000,0.0000,0.0000
Burst,43.69,21,0,0,0.0000,0.0000,0.0000,0.0000
Burst,43.69,21,1,7,0.0394,2.2117,2.1976,-0.0517
Burst,43.69,21,2,0,0.0000,0.0000,0.0000,0.0000
Burst,43.69,22,0,0,0.0000,0.0000,0.0000,0.0000
Burst,43.69,22,1,6,0.0338,2.1577,2.1338,0.0654
Burst,43.69,22,2,0,0.0000,0.0000,0.0000,0.0000
Burst,43.69,23,0,0,0.0000,0.0000,0.0000,0.0000
Burst,43.69,23,1,3,0.0169,2.6427,2.5842,-0.2137
Burst,43.69,23,2,0,0.0000,0.0000,0.0000,0.0000
Burst,43.69,24,0,0,0.0000,0.0000,0.0000,0.0000
Burst,43.69,24,1,0,0.0000,0.0000,0.0000,0.0000
Burst,43.69,24,2,0,0.0000,0.0000,0.0000,0.0000
Burst,43.69,25,0,0,0.0000,0.0000,0.0000,0.0000
Burst,43.69,25,1,0,0.0000,0.0000,0.0000,0.0000
Burst,43.69,25,2,0,0.0000,0.0000,0.0000,0.0000
Burst,43.69,26,0,0,0.0000,0.0000,0.0000,0.0000
Burst,43.69,26,1,0,0.0000,0.0000,0.0000,0.0000
Burst,43.69,26,2,0,0.0000,0.0000,0.0000,0.0000
Burst,43.69,27,0,0,0.0000,0.0000,0.0000,0.0000
Burst,43.69,27,1,0,0.0000,0.0000,0.0000,0.0000
Burst,43.69,27,2,0,0.0000,0.0000,0.0000,0.0000
Burst,43.69,28,0,0,0.0000,0.0000,0.0000,0.0000
Burst,43.69,28,1,0,0.0000,0.0000,0.0000,0.0000
Burst,43.69,28,2,0,0.0000,0.0000,0.0000,0.0000
Burst,43.69,29,0,0,0.0000,0.0000,0.0000,0.0000
Burst,43.69,29,1,0,0.0000,0.0000,0.0000,0.0000
Burst,43.69,29,2,0,0.0000,0.0000,0.0000,0.0000
Burst,44.21,0,0,0,0.0000,0.0000,0.0000,0.0000
Burst,44.21,0,1,0,0.0000,0.0000,0.0000,0.0000
Burst,44.21,0,2,0,0.0000,0.0000,0.0000,0.0000
Burst,44.21,1,0,0,0.0000,0.0000,0.0000,0.0000
Burst,44.21,1,1,0,0.0000,0.0000,0.0000,0.0000
Burst,44.21,1,2,0,0.0000,0.0000,0.0000,0.0000
Burst,44.21,2,0,0,0.0000,0.0000,0.0000,0.0000
Burst,44.21,2,1,0,0.0000,0.0000,0.0000,0.0000
Burst,44.21,2,2,0,0.0000,0.0000,0.0000,0.0000
Burst,44.21,3,0,0,0.0000,0.0000,0.0000,0.0000
Burst,44.21,3,1,0,0.0000,0.0000,0.0000,0.0000
Burst,44.21,3,2,0,0.0000,0.0000,0.0000,0.0000
Burst,44.21,4,0,0,0.0000,0.0000,0.0000,0.0000
Burst,44.21,4,1,1,0.0056,2.2657,-1.5759,-1.6278
Burst,44.21,4,2,0,0.0000,0.0000,0.0000,0.0000
Burst,44.21,5,0,0,0.0000,0.0000,0.0000,0.0000
Burst,44.21,5,1,6,0.0338,3.5133,-3.0708,0.1895
Burst,44.21,5,2,0,0.0000,0.0000,0.0000,0.0000
Burst,44.21,6,0,0,0.0000,0.0000,0.0000,0.0000
Burst,44.21,6,1,3,0.0169,2.3582,-2.3173,-0.1839
Burst,44.21,6,2,0,0.0000,0.0000,0.0000,0.0000
Burst,44.21,7,0,0,0.0000,0.0000,0.0000,0.0000
Burst,44.21,7,1,13,0.0731,1.8652,-1.8419,-0.0802
Burst,44.21,7,2,0,0.0000,0.0000,0.0000,0.0000
Burst,44.21,8,0,0,0.0000,0.0000,0.0000,0.0000
Burst,44.21,8,1,14,0.0788,1.9882,-1.9132,-0.3235
Burst,44.21,8,2,0,0.0000,0.0000,0.0000,0.0000
Burst,44.21,9,0,0,0.0000,0.0000,0.0000,0.0000
Burst,44.21,9,1,12,0.0675,1.9825,-1.8899,-0.4037
Burst,44.21,9,2,0,0.0000,0.0000,0.0000,0.0000
Burst,44.21,10,0,0,0.0000,0.0000,0.0000,0.0000
Burst,44.21,10,1,12,0.0675,2.1425,-2.1334,0.0958
Burst,44.21,10,2,0,0.0000,0.0000,0.0000,0.0000
Burst,44.21,11,0,0,0.0000,0.0000,0.0000,0.0000
Burst,44.21,11,1,10,0.0563,2.0189,-1.9896,-0.2860
Burst,44.21,11,2,0,0.0000,0.0000,0.0000,0.0000
Burst,44.21,12,0,0,0.0000,0.0000,0.0000,0.0000
Burst,44.21,12,1,8,0.0450,2.0525,-1.8103,-0.8977
Burst,44.21,12,2,1,0.0056,0.0000,0.0000,0.0000
Burst,44.21,13,0,0,0.0000,0.0000,0.0000,0.0000
Burst,44.21,13,1,0,0.0000,0.0000,0.0000,0.0000
Burst,44.21,13,2,0,0.0000,0.0000,0.0000,0.0000
Burst,44.21,14,0,0,0.0000,0.0000,0.0000,0.0000
Burst,44.21,14,1,0,0.0000,0.0000,0.0000,0.0000
Burst,44.21,14,2,0,0.0000,0.0000,0.0000,0.0000
Burst,44.21,15,0,0,0.0000,0.0000,0.0000,0.0000
Burst,44.21,15,1,0,0.0000,0.0000,0.0000,0.0000
Burst,44.21,15,2,1,0.0056,0.0000,0.0000,0.0000
Burst,44.21,16,0,0,0.0000,0.0000,0.0000,0.0000
Burst,44.21,16,1,10,0.0563,2.0643,2.0556,-0.1151
Burst,44.21,16,2,1,0.0056,1.3820,1.3820,-0.0054
Burst,44.21,17,0,0,0.0000,0.0000,0.0000,0.0000
Burst,44.21,17,1,12,0.0675,2.0573,2.0313,-0.2365
Burst,44.21,17,2,0,0.0000,0.0000,0.0000,0.0000
Burst,44.21,18,0,0,0.0000,0.0000,0.0000,0.0000
Burst,44.21,18,1,8,0.0450,2.2517,2.2246,-0.1720
Burst,44.21,18,2,0,0.0000,0.0000,0.0000,0.0000
Burst,44.21,19,0,0,0.0000,0.0000,0.0000,0.0000
Burst,44.21,19,1,13,0.0731,1.9306,1.9024,-0.1146
Burst,44.21,19,2,0,0.0000,0.0000,0.0000,0.0000
Burst,44.21,20,0,0,0.0000,0.0000,0.0000,0.0000
Burst,44.21,20,1,9,0.0506,2.2282,2.1934,-0.3196
Burst,44.21,20,2,0,0.0000,0.0000,0.0000,0.0000
Burst,44.21,21,0,0,0.0000,0.0000,0.0000,0.0000
Burst,44.21,21,1,8,0.0450,2.3923,2.3723,-0.2727
Burst,44.21,21,2,0,0.0000,0.0000,0.0000,0.0000
Burst,44.21,22,0,0,0.0000,0.0000,0.0000,0.0000
Burst,44.21,22,1,6,0.0338,2.3763,2.3705,-0.0824
Burst,44.21,22,2,0,0.0000,0.0000,0.0000,0.0000
Burst,44.21,23,0,0,0.0000,0.0000,0.0000,0.0000
Burst,44.21,23,1,3,0.0169,2.6353,2.6013,0.1469
Burst,44.21,23,2,0,0.0000,0.0000,0.0000,0.0000
Burst,44.21,24,0,0,0.0000,0.0000,0.0000,0.0000
Burst,44.21,24,1,0,0.0000,0.0000,0.0000,0.0000
Burst,44.21,24,2,0,0.0000,0.0000,0.0000,0.0000
Burst,44.21,25,0,0,0.0000,0.0000,0.0000,0.0000
Burst,44.21,25,1,0,0.0000,0.0000,0.0000,0.0000
Burst,44.21,25,2,0,0.0000,0.0000,0.0000,0.0000
Burst,44.21,26,0,0,0.0000,0.0000,0.0000,0.0000
Burst,44.21,26,1,0,0.0000,0.0000,0.0000,0.0000
Burst,44.21,26,2,0,0.0000,0.0000,0.0000,0.0000
Burst,44.21,27,0,0,0.0000,0.0000,0.0000,0.0000
Burst,44.21,27,1,0,0.0000,0.0000,0.0000,0.0000
Burst,44.21,27,2,0,0.0000,0.0000,0.0000,0.0000
Burst,44.21,28,0,0,0.0000,0.0000,0.0000,0.0000
Burst,44.21,28,1,0,0.0000,0.0000,0.0000,0.0000
Burst,44.21,28,2,0,0.0000,0.0000,0.0000,0.0000
Burst,44.21,29,0,0,0.0000,0.0000,0.0000,0.0000
Burst,44.21,29,1,0,0.0000,0.0000,0.0000,0.0000
Burst,44.21,29,2,0,0.0000,0.0000,0.0000,0.0000
Burst,44.72,0,0,0,0.0000,0.0000,0.0000,0.0000
Burst,44.72,0,1,0,0.0000,0.0000,0.0000,0.0000
Burst,44.72,0,2,0,0.0000,0.0000,0.0000,0.0000
Burst,44.72,1,0,0,0.0000,0.0000,0.0000,0.0000
Burst,44.72,1,1,0,0.0000,0.0000,0.0000,0.0000
Burst,44.72,1,2,0,0.0000,0.0000,0.0000,0.0000
Burst,44.72,2,0,0,0.0000,0.0000,0.0000,0.0000
Burst,44.72,2,1,0,0.0000,0.0000,0.0000,0.0000
Burst,44.72,2,2,0,0.0000,0.0000,0.0000,0.0000
Burst,44.72,3,0,0,0.0000,0.0000,0.0000,0.0000
Burst,44.72,3,1,0,0.0000,0.0000,0.0000,0.0000
Burst,44.72,3,2,0,0.0000,0.0000,0.0000,0.0000
Burst,44.72,4,0,0,0.0000,0.0000,0.0000,0.0000
Burst,44.72,4,1,1,0.0056,1.9204,-1.7256,-0.8429
Burst,44.72,4,2,0,0.0000,0.0000,0.0000,0.0000
Burst,44.72,5,0,0,0.0000,0.0000,0.0000,0.0000
Burst,44.72,5,1,7,0.0394,2.1051,-1.9688,-0.6579
Burst,44.72,5,2,0,0.0000,0.0000,0.0000,0.0000
Burst,44.72,6,0,0,0.0000,0.0000,0.0000,0.0000
Burst,44.72,6,1,3,0.0169,2.1021,-2.0581,-0.2350
Burst,44.72,6,2,0,0.0000,0.0000,0.0000,0.0000
Burst,44.72,7,0,0,0.0000,0.0000,0.0000,0.0000
Burst,44.72,7,1,12,0.0675,1.8011,-1.7735,-0.0478
Burst,44.72,7,2,0,0.0000,0.0000,0.0000,0.0000
Burst,44.72,8,0,0,0.0000,0.0000,0.0000,0.0000
Burst,44.72,8,1,15,0.0844,1.8199,-1.7410,-0.3684
Burst,44.72,8,2,0,0.0000,0.0000,0.0000,0.0000
Burst,44.72,9,0,0,0.0000,0.0000,0.0000,0.0000
Burst,44.72,9,1,14,0.0788,1.9410,-1.8126,-0.4443
Burst,44.72,9,2,0,0.0000,0.0000,0.0000,0.0000
Burst,44.72,10,0,0,0.0000,0.0000,0.0000,0.0000
Burst,44.72,10,1,10,0.0563,2.1532,-2.1464,0.0408
Burst,44.72,10,2,0,0.0000,0.0000,0.0000,0.0000
Burst,44.72,11,0,0,0.0000,0.0000,0.0000,0.0000
Burst,44.72,11,1,11,0.0619,2.1210,-2.0897,-0.2611
Burst,44.72,11,2,0,0.0000,0.0000,0.0000,0.0000
Burst,44.72,12,0,0,0.0000,0.0000,0.0000,0.0000
Burst,44.72,12,1,8,0.0450,1.7682,-1.5665,-0.7798
Burst,44.72,12,2,1,0.0056,1.7243,-1.6103,-0.6166
Burst,44.72,13,0,0,0.0000,0.0000,0.0000,0.0000
Burst,44.72,13,1,0,0.0000,0.0000,0.0000,0.0000
Burst,44.72,13,2,0,0.0000,0.0000,0.0000,0.0000
Burst,44.72,14,0,0,0.0000,0.0000,0.0000,0.0000
Burst,44.72,14,1,0,0.0000,0.0000,0.0000,0.0000
Burst,44.72,14,2,0,0.0000,0.0000,0.0000,0.0000
Burst,44.72,15,0,0,0.0000,0.0000,0.0000,0.0000
Burst,44.72,15,1,0,0.0000,0.0000,0.0000,0.0000
Burst,44.72,15,2,2,0.0113,1.2400,1.2313,-0.1462
Burst,44.72,16,0,0,0.0000,0.0000,0.0000,0.0000
Burst,44.72,16,1,10,0.0563,2.0848,2.0596,-0.1839
Burst,44.72,16,2,1,0.0056,1.3849,1.3848,-0.0121
Burst,44.72,17,0,0,0.0000,0.0000,0.0000,0.0000
Burst,44.72,17,1,10,0.0563,2.0456,2.0257,-0.2574
Burst,44.72,17,2,0,0.0000,0.0000,0.0000,0.0000
Burst,44.72,18,0,0,0.0000,0.0000,0.0000,0.0000
Burst,44.72,18,1,8,0.0450,2.0349,2.0125,-0.2446
Burst,44.72,18,2,0,0.0000,0.0000,0.0000,0.0000
Burst,44.72,19,0,0,0.0000,0.0000,0.0000,0.0000
Burst,44.72,19,1,16,0.0900,1.8931,1.8631,-0.1261
Burst,44.72,19,2,0,0.0000,0.0000,0.0000,0.0000
Burst,44.72,20,0,0,0.0000,0.0000,0.0000,0.0000
Burst,44.72,20,1,8,0.0450,2.2919,2.2500,-0.3567
Burst,44.72,20,2,0,0.0000,0.0000,0.0000,0.0000
Burst,44.72,21,0,0,0.0000,0.0000,0.0000,0.0000
Burst,44.72,21,1,8,0.0450,2.3390,2.3133,-0.2158
Burst,44.72,21,2,0,0.0000,0.0000,0.0000,0.0000
Burst,44.72,22,0,0,0.0000,0.0000,0.0000,0.0000
Burst,44.72,22,1,7,0.0394,2.2613,2.2374,-0.1895
Burst,44.72,22,2,0,0.0000,0.0000,0.0000,0.0000
Burst,44.72,23,0,0,0.0000,0.0000,0.0000,0.0000
Burst,44.72,23,1,3,0.0169,2.4641,2.4533,0.1859
Burst,44.72,23,2,0,0.0000,0.0000,0.0000,0.0000
Burst,44.72,24,0,0,0.0000,0.0000,0.0000,0.0000
Burst,44.72,24,1,0,0.0000,0.0000,0.0000,0.0000
Burst,44.72,24,2,0,0.0000,0.0000,0.0000,0.0000
Burst,44.72,25,0,0,0.0000,0.0000,0.0000,0.0000
Burst,44.72,25,1,0,0.0000,0.0000,0.0000,0.0000
Burst,44.72,25,2,0,0.0000,0.0000,0.0000,0.0000
Burst,44.72,26,0,0,0.0000,0.0000,0.0000,0.0000
Burst,44.72,26,1,0,0.0000,0.0000,0.0000,0.0000
Burst,44.72,26,2,0,0.0000,0.0000,0.0000,0.0000
Burst,44.72,27,0,0,0.0000,0.0000,0.0000,0.0000
Burst,44.72,27,1,0,0.0000,0.0000,0.0000,0.0000
Burst,44.72,27,2,0,0.0000,0.0000,0.0000,0.0000
Burst,44.72,28,0,0,0.0000,0.0000,0.0000,0.0000
Burst,44.72,28,1,0,0.0000,0.0000,0.0000,0.0000
Burst,44.72,28,2,0,0.0000,0.0000,0.0000,0.0000
Burst,44.72,29,0,0,0.0000,0.0000,0.0000,0.0000
Burst,44.72,29,1,0,0.0000,0.0000,0.0000,0.0000
Burst,44.72,29,2,0,0.0000,0.0000,0.0000,0.0000
Burst,45.22,0,0,0,0.0000,0.0000,0.0000,0.0000
Burst,45.22,0,1,0,0.0000,0.0000,0.0000,0.0000
Burst,45.22,0,2,0,0.0000,0.0000,0.0000,0.0000
Burst,45.22,1,0,0,0.0000,0.0000,0.0000,0.0000
Burst,45.22,1,1,0,0.0000,0.0000,0.0000,0.0000
Burst,45.22,1,2,0,0.0000,0.0000,0.0000,0.0000
Burst,45.22,2,0,0,0.0000,0.0000,0.0000,0.0000
Burst,45.22,2,1,0,0.0000,0.0000,0.0000,0.0000
Burst,45.22,2,2,0,0.0000,0.0000,0.0000,0.0000
Burst,45.22,3,0,0,0.0000,0.0000,0.0000,0.0000
Burst,45.22,3,1,0,0.0000,0.0000,0.0000,0.0000
Burst,45.22,3,2,0,0.0000,0.0000,0.0000,0.0000
Burst,45.22,4,0,0,0.0000,0.0000,0.0000,0.0000
Burst,45.22,4,1,1,0.0056,2.3483,-2.2557,-0.6527
Burst,45.22,4,2,0,0.0000,0.0000,0.0000,0.0000
Burst,45.22,5,0,0,0.0000,0.0000,0.0000,0.0000
Burst,45.22,5,1,7,0.0394,2.0224,-1.7970,-0.8956
Burst,45.22,5,2,0,0.0000,0.0000,0.0000,0.0000
Burst,45.22,6,0,0,0.0000,0.0000,0.0000,0.0000
Burst,45.22,6,1,5,0.0281,3.9334,-3.6523,1.1385
Burst,45.22,6,2,0,0.0000,0.0000,0.0000,0.0000
Burst,45.22,7,0,0,0.0000,0.0000,0.0000,0.0000
Burst,45.22,7,1,11,0.0619,1.8205,-1.7626,-0.1830
Burst,45.22,7,2,0,0.0000,0.0000,0.0000,0.0000
Burst,45.22,8,0,0,0.0000,0.0000,0.0000,0.0000
Burst,45.22,8,1,15,0.0844,1.9345,-1.8014,-0.4847
Burst,45.22,8,2,0,0.0000,0.0000,0.0000,0.0000
Burst,45.22,9,0,0,0.0000,0.0000,0.0000,0.0000
Burst,45.22,9,1,14,0.0788,1.9108,-1.7757,-0.3432
Burst,45.22,9,2,0,0.0000,0.0000,0.0000,0.0000
Burst,45.22,10,0,0,0.0000,0.0000,0.0000,0.0000
Burst,45.22,10,1,12,0.0675,2.1171,-2.0861,-0.2232
Burst,45.22,10,2,0,0.0000,0.0000,0.0000,0.0000
Burst,45.22,11,0,0,0.0000,0.0000,0.0000,0.0000
Burst,45.22,11,1,11,0.0619,2.1417,-2.0560,-0.4651
Burst,45.22,11,2,0,0.0000,0.0000,0.0000,0.0000
Burst,45.22,12,0,0,0.0000,0.0000,0.0000,0.0000
Burst,45.22,12,1,7,0.0394,1.7935,-1.5538,-0.8550
Burst,45.22,12,2,1,0.0056,0.0000,0.0000,0.0000
Burst,45.22,13,0,0,0.0000,0.0000,0.0000,0.0000
Burst,45.22,13,1,0,0.0000,0.0000,0.0000,0.0000
Burst,45.22,13,2,0,0.0000,0.0000,0.0000,0.0000
Burst,45.22,14,0,0,0.0000,0.0000,0.0000,0.0000
Burst,45.22,14,1,0,0.0000,0.0000,0.0000,0.0000
Burst,45.22,14,2,0,0.0000,0.0000,0.0000,0.0000
Burst,45.22,15,0,0,0.0000,0.0000,0.0000,0.0000
Burst,45.22,15,1,1,0.0056,2.1459,2.0763,-0.5421
Burst,45.22,15,2,1,0.0056,0.0000,0.0000,0.0000
Burst,45.22,16,0,0,0.0000,0.0000,0.0000,0.0000
Burst,45.22,16,1,11,0.0619,2.1122,2.0799,-0.1798
Burst,45.22,16,2,0,0.0000,0.0000,0.0000,0.0000
Burst,45.22,17,0,0,0.0000,0.0000,0.0000,0.0000
Burst,45.22,17,1,9,0.0506,2.0434,2.0197,-0.2548
Burst,45.22,17,2,0,0.0000,0.0000,0.0000,0.0000
Burst,45.22,18,0,0,0.0000,0.0000,0.0000,0.0000
Burst,45.22,18,1,10,0.0563,2.1076,2.0901,-0.1645
Burst,45.22,18,2,0,0.0000,0.0000,0.0000,0.0000
Burst,45.22,19,0,0,0.0000,0.0000,0.0000,0.0000
Burst,45.22,19,1,16,0.0900,1.9898,1.9533,-0.0497
Burst,45.22,19,2,0,0.0000,0.0000,0.0000,0.0000
Burst,45.22,20,0,0,0.0000,0.0000,0.0000,0.0000
Burst,45.22,20,1,9,0.0506,2.1802,2.1635,-0.0115
Burst,45.22,20,2,0,0.0000,0.0000,0.0000,0.0000
Burst,45.22,21,0,0,0.0000,0.0000,0.0000,0.0000
Burst,45.22,21,1,8,0.0450,2.3876,2.3707,-0.1950
Burst,45.22,21,2,0,0.0000,0.0000,0.0000,0.0000
Burst,45.22,22,0,0,0.0000,0.0000,0.0000,0.0000
Burst,45.22,22,1,7,0.0394,2.3427,2.3317,-0.0613
Burst,45.22,22,2,0,0.0000,0.0000,0.0000,0.0000
Burst,45.22,23,0,0,0.0000,0.0000,0.0000,0.0000
Burst,45.22,23,1,3,0.0169,2.5466,2.5437,0.0898
Burst,45.22,23,2,0,0.0000,0.0000,0.0000,0.0000
Burst,45.22,24,0,0,0.0000,0.0000,0.0000,0.0000
Burst,45.22,24,1,0,0.0000,0.0000,0.0000,0.0000
Burst,45.22,24,2,0,0.0000,0.0000,0.0000,0.0000
Burst,45.22,25,0,0,0.0000,0.0000,0.0000,0.0000
Burst,45.22,25,1,0,0.0000,0.0000,0.0000,0.0000
Burst,45.22,25,2,0,0.0000,0.0000,0.0000,0.0000
Burst,45.22,26,0,0,0.0000,0.0000,0.0000,0.0000
Burst,45.22,26,1,0,0.0000,0.0000,0.0000,0.0000
Burst,45.22,26,2,0,0.0000,0.0000,0.0000,0.0000
Burst,45.22,27,0,0,0.0000,0.0000,0.0000,0.0000
Burst,45.22,27,1,0,0.0000,0.0000,0.0000,0.0000
Burst,45.22,27,2,0,0.0000,0.0000,0.0000,0.0000
Burst,45.22,28,0,0,0.0000,0.0000,0.0000,0.0000
Burst,45.22,28,1,0,0.0000,0.0000,0.0000,0.0000
Burst,45.22,28,2,0,0.0000,0.0000,0.0000,0.0000
Burst,45.22,29,0,0,0.0000,0.0000,0.0000,0.0000
Burst,45.22,29,1,0,0.0000,0.0000,0.0000,0.0000
Burst,45.22,29,2,0,0.0000,0.0000,0.0000,0.0000
Burst,45.78,0,0,0,0.0000,0.0000,0.0000,0.0000
Burst,45.78,0,1,0,0.0000,0.0000,0.0000,0.0000
Burst,45.78,0,2,0,0.0000,0.0000,0.0000,0.0000
Burst,45.78,1,0,0,0.0000,0.0000,0.0000,0.0000
Burst,45.78,1,1,0,0.0000,0.0000,0.0000,0.0000
Burst,45.78,1,2,0,0.0000,0.0000,0.0000,0.0000
Burst,45.78,2,0,0,0.0000,0.0000,0.0000,0.0000
Burst,45.78,2,1,0,0.0000,0.0000,0.0000,0.0000
Burst,45.78,2,2,0,0.0000,0.0000,0.0000,0.0000
Burst,45.78,3,0,0,0.0000,0.0000,0.0000,0.0000
Burst,45.78,3,1,0,0.0000,0.0000,0.0000,0.0000
Burst,45.78,3,2,0,0.0000,0.0000,0.0000,0.0000
Burst,45.78,4,0,0,0.0000,0.0000,0.0000,0.0000
Burst,45.78,4,1,1,0.0056,2.4036,-2.3858,-0.2924
Burst,45.78,4,2,0,0.0000,0.0000,0.0000,0.0000
Burst,45.78,5,0,0,0.0000,0.0000,0.0000,0.0000
Burst,45.78,5,1,8,0.0450,3.0751,-2.6487,-0.3999
Burst,45.78,5,2,0,0.0000,0.0000,0.0000,0.0000
Burst,45.78,6,0,0,0.0000,0.0000,0.0000,0.0000
Burst,45.78,6,1,4,0.0225,2.2573,-2.2332,-0.2172
Burst,45.78,6,2,0,0.0000,0.0000,0.0000,0.0000
Burst,45.78,7,0,0,0.0000,0.0000,0.0000,0.0000
Burst,45.78,7,1,13,0.0731,2.0462,-2.0295,-0.0909
Burst,45.78,7,2,0,0.0000,0.0000,0.0000,0.0000
Burst,45.78,8,0,0,0.0000,0.0000,0.0000,0.0000
Burst,45.78,8,1,16,0.0900,2.1057,-2.0095,-0.4253
Burst,45.78,8,2,0,0.0000,0.0000,0.0000,0.0000
Burst,45.78,9,0,0,0.0000,0.0000,0.0000,0.0000
Burst,45.78,9,1,13,0.0731,1.9264,-1.7645,-0.4892
Burst,45.78,9,2,0,0.0000,0.0000,0.0000,0.0000
Burst,45.78,10,0,0,0.0000,0.0000,0.0000,0.0000
Burst,45.78,10,1,12,0.0675,2.0819,-2.0610,-0.1530
Burst,45.78,10,2,0,0.0000,0.0000,0.0000,0.0000
Burst,45.78,11,0,0,0.0000,0.0000,0.0000,0.0000
Burst,45.78,11,1,10,0.0563,2.1887,-2.0988,-0.4168
Burst,45.78,11,2,0,0.0000,0.0000,0.0000,0.0000
Burst,45.78,12,0,0,0.0000,0.0000,0.0000,0.0000
Burst,45.78,12,1,8,0.0450,1.9976,-1.7811,-0.8485
Burst,45.78,12,2,1,0.0056,0.0000,0.0000,0.0000
Burst,45.78,13,0,0,0.0000,0.0000,0.0000,0.0000
Burst,45.78,13,1,0,0.0000,0.0000,0.0000,0.0000
Burst,45.78,13,2,0,0.0000,0.0000,0.0000,0.0000
Burst,45.78,14,0,0,0.0000,0.0000,0.0000,0.0000
Burst,45.78,14,1,0,0.0000,0.0000,0.0000,0.0000
Burst,45.78,14,2,0,0.0000,0.0000,0.0000,0.0000
Burst,45.78,15,0,0,0.0000,0.0000,0.0000,0.0000
Burst,45.78,15,1,1,0.0056,2.4213,2.1857,-1.0418
Burst,45.78,15,2,2,0.0113,1.1051,1.1046,-0.0311
Burst,45.78,16,0,0,0.0000,0.0000,0.0000,0.0000
Burst,45.78,16,1,9,0.0506,2.0361,1.9970,-0.1997
Burst,45.78,16,2,0,0.0000,0.0000,0.0000,0.0000
Burst,45.78,17,0,0,0.0000,0.0000,0.0000,0.0000
Burst,45.78,17,1,11,0.0619,2.1983,2.1813,-0.1315
Burst,45.78,17,2,0,0.0000,0.0000,0.0000,0.0000
Burst,45.78,18,0,0,0.0000,0.0000,0.0000,0.0000
Burst,45.78,18,1,10,0.0563,2.1457,2.1135,-0.2462
Burst,45.78,18,2,0,0.0000,0.0000,0.0000,0.0000
Burst,45.78,19,0,0,0.0000,0.0000,0.0000,0.0000
Burst,45.78,19,1,15,0.0844,2.1600,2.1178,-0.1158
Burst,45.78,19,2,0,0.0000,0.0000,0.0000,0.0000
Burst,45.78,20,0,0,0.0000,0.0000,0.0000,0.0000
Burst,45.78,20,1,9,0.0506,2.3911,2.3779,0.0507
Burst,45.78,20,2,0,0.0000,0.0000,0.0000,0.0000
Burst,45.78,21,0,0,0.0000,0.0000,0.0000,0.0000
Burst,45.78,21,1,8,0.0450,2.3628,2.3343,-0.3115
Burst,45.78,21,2,0,0.0000,0.0000,0.0000,0.0000
Burst,45.78,22,0,0,0.0000,0.0000,0.0000,0.0000
Burst,45.78,22,1,7,0.0394,2.5071,2.4792,-0.1908
Burst,45.78,22,2,0,0.0000,0.0000,0.0000,0.0000
Burst,45.78,23,0,0,0.0000,0.0000,0.0000,0.0000
Burst,45.78,23,1,3,0.0169,2.5410,2.5029,-0.2369
Burst,45.78,23,2,0,0.0000,0.0000,0.0000,0.0000
Burst,45.78,24,0,0,0.0000,0.0000,0.0000,0.0000
Burst,45.78,24,1,1,0.0056,2.5463,2.5432,-0.1266
Burst,45.78,24,2,0,0.0000,0.0000,0.0000,0.0000
Burst,45.78,25,0,0,0.0000,0.0000,0.0000,0.0000
Burst,45.78,25,1,0,0.0000,0.0000,0.0000,0.0000
Burst,45.78,25,2,0,0.0000,0.0000,0.0000,0.0000
Burst,45.78,26,0,0,0.0000,0.0000,0.0000,0.0000
Burst,45.78,26,1,0,0.0000,0.0000,0.0000,0.0000
Burst,45.78,26,2,0,0.0000,0.0000,0.0000,0.0000
Burst,45.78,27,0,0,0.0000,0.0000,0.0000,0.0000
Burst,45.78,27,1,0,0.0000,0.0000,0.0000,0.0000
Burst,45.78,27,2,0,0.0000,0.0000,0.0000,0.0000
Burst,45.78,28,0,0,0.0000,0.0000,0.0000,0.0000
Burst,45.78,28,1,0,0.0000,0.0000,0.0000,0.0000
Burst,45.78,28,2,0,0.0000,0.0000,0.0000,0.0000
Burst,45.78,29,0,0,0.0000,0.0000,0.0000,0.0000
Burst,45.78,29,1,0,0.0000,0.0000,0.0000,0.0000
Burst,45.78,29,2,0,0.0000,0.0000,0.0000,0.0000
Burst,46.29,0,0,0,0.0000,0.0000,0.0000,0.0000
Burst,46.29,0,1,0,0.0000,0.0000,0.0000,0.0000
Burst,46.29,0,2,0,0.0000,0.0000,0.0000,0.0000
Burst,46.29,1,0,0,0.0000,0.0000,0.0000,0.0000
Burst,46.29,1,1,0,0.0000,0.0000,0.0000,0.0000
Burst,46.29,1,2,0,0.0000,0.0000,0.0000,0.0000
Burst,46.29,2,0,0,0.0000,0.0000,0.0000,0.0000
Burst,46.29,2,1,0,0.0000,0.0000,0.0000,0.0000
Burst,46.29,2,2,0,0.0000,0.0000,0.0000,0.0000
Burst,46.29,3,0,0,0.0000,0.0000,0.0000,0.0000
Burst,46.29,3,1,0,0.0000,0.0000,0.0000,0.0000
Burst,46.29,3,2,0,0.0000,0.0000,0.0000,0.0000
Burst,46.29,4,0,0,0.0000,0.0000,0.0000,0.0000
Burst,46.29,4,1,0,0.0000,0.0000,0.0000,0.0000
Burst,46.29,4,2,0,0.0000,0.0000,0.0000,0.0000
Burst,46.29,5,0,0,0.0000,0.0000,0.0000,0.0000
Burst,46.29,5,1,8,0.0450,2.1862,-1.9178,-0.9445
Burst,46.29,5,2,0,0.0000,0.0000,0.0000,0.0000
Burst,46.29,6,0,0,0.0000,0.0000,0.0000,0.0000
Burst,46.29,6,1,5,0.0281,2.2813,-2.2805,-0.0079
Burst,46.29,6,2,0,0.0000,0.0000,0.0000,0.0000
Burst,46.29,7,0,0,0.0000,0.0000,0.0000,0.0000
Burst,46.29,7,1,12,0.0675,1.7848,-1.7414,-0.2243
Burst,46.29,7,2,0,0.0000,0.0000,0.0000,0.0000
Burst,46.29,8,0,0,0.0000,0.0000,0.0000,0.0000
Burst,46.29,8,1,16,0.0900,1.8830,-1.8294,-0.2688
Burst,46.29,8,2,0,0.0000,0.0000,0.0000,0.0000
Burst,46.29,9,0,0,0.0000,0.0000,0.0000,0.0000
Burst,46.29,9,1,15,0.0844,1.9342,-1.7968,-0.4595
Burst,46.29,9,2,0,0.0000,0.0000,0.0000,0.0000
Burst,46.29,10,0,0,0.0000,0.0000,0.0000,0.0000
Burst,46.29,10,1,11,0.0619,1.9255,-1.8935,-0.0079
Burst,46.29,10,2,0,0.0000,0.0000,0.0000,0.0000
Burst,46.29,11,0,0,0.0000,0.0000,0.0000,0.0000
Burst,46.29,11,1,12,0.0675,2.0022,-1.8773,-0.4516
Burst,46.29,11,2,0,0.0000,0.0000,0.0000,0.0000
Burst,46.29,12,0,0,0.0000,0.0000,0.0000,0.0000
Burst,46.29,12,1,7,0.0394,1.9529,-1.7324,-0.8231
Burst,46.29,12,2,1,0.0056,0.0000,0.0000,0.0000
Burst,46.29,13,0,0,0.0000,0.0000,0.0000,0.0000
Burst,46.29,13,1,0,0.0000,0.0000,0.0000,0.0000
Burst,46.29,13,2,0,0.0000,0.0000,0.0000,0.0000
Burst,46.29,14,0,0,0.0000,0.0000,0.0000,0.0000
Burst,46.29,14,1,0,0.0000,0.0000,0.0000,0.0000
Burst,46.29,14,2,0,0.0000,0.0000,0.0000,0.0000
Burst,46.29,15,0,0,0.0000,0.0000,0.0000,0.0000
Burst,46.29,15,1,2,0.0113,0.0000,0.0000,0.0000
Burst,46.29,15,2,1,0.0056,2.2398,2.2385,-0.0759
Burst,46.29,16,0,0,0.0000,0.0000,0.0000,0.0000
Burst,46.29,16,1,9,0.0506,2.1278,2.1094,-0.0930
Burst,46.29,16,2,1,0.0056,2.2274,2.2265,-0.0643
Burst,46.29,17,0,0,0.0000,0.0000,0.0000,0.0000
Burst,46.29,17,1,12,0.0675,2.1822,2.1611,-0.1179
Burst,46.29,17,2,0,0.0000,0.0000,0.0000,0.0000
Burst,46.29,18,0,0,0.0000,0.0000,0.0000,0.0000
Burst,46.29,18,1,10,0.0563,1.9682,1.9470,-0.2068
Burst,46.29,18,2,0,0.0000,0.0000,0.0000,0.0000
Burst,46.29,19,0,0,0.0000,0.0000,0.0000,0.0000
Burst,46.29,19,1,14,0.0788,1.9738,1.9525,-0.1603
Burst,46.29,19,2,0,0.0000,0.0000,0.0000,0.0000
Burst,46.29,20,0,0,0.0000,0.0000,0.0000,0.0000
Burst,46.29,20,1,11,0.0619,2.2052,2.1698,-0.1352
Burst,46.29,20,2,0,0.0000,0.0000,0.0000,0.0000
Burst,46.29,21,0,0,0.0000,0.0000,0.0000,0.0000
Burst,46.29,21,1,6,0.0338,2.3638,2.3304,-0.3415
Burst,46.29,21,2,0,0.0000,0.0000,0.0000,0.0000
Burst,46.29,22,0,0,0.0000,0.0000,0.0000,0.0000
Burst,46.29,22,1,8,0.0450,2.3071,2.2580,-0.3506
Burst,46.29,22,2,0,0.0000,0.0000,0.0000,0.0000
Burst,46.29,23,0,0,0.0000,0.0000,0.0000,0.0000
Burst,46.29,23,1,4,0.0225,2.5594,2.4955,-0.3474
Burst,46.29,23,2,0,0.0000,0.0000,0.0000,0.0000
Burst,46.29,24,0,0,0.0000,0.0000,0.0000,0.0000
Burst,46.29,24,1,1,0.0056,2.4452,2.4351,-0.2218
Burst,46.29,24,2,0,0.0000,0.0000,0.0000,0.0000
Burst,46.29,25,0,0,0.0000,0.0000,0.0000,0.0000
Burst,46.29,25,1,0,0.0000,0.0000,0.0000,0.0000
Burst,46.29,25,2,0,0.0000,0.0000,0.0000,0.0000
Burst,46.29,26,0,0,0.0000,0.0000,0.0000,0.0000
Burst,46.29,26,1,0,0.0000,0.0000,0.0000,0.0000
Burst,46.29,26,2,0,0.0000,0.0000,0.0000,0.0000
Burst,46.29,27,0,0,0.0000,0.0000,0.0000,0.0000
Burst,46.29,27,1,0,0.0000,0.0000,0.0000,0.0000
Burst,46.29,27,2,0,0.0000,0.0000,0.0000,0.0000
Burst,46.29,28,0,0,0.0000,0.0000,0.0000,0.0000
Burst,46.29,28,1,0,0.0000,0.0000,0.0000,0.0000
Burst,46.29,28,2,0,0.0000,0.0000,0.0000,0.0000
Burst,46.29,29,0,0,0.0000,0.0000,0.0000,0.0000
Burst,46.29,29,1,0,0.0000,0.0000,0.0000,0.0000
Burst,46.29,29,2,0,0.0000,0.0000,0.0000,0.0000
Burst,46.79,0,0,0,0.0000,0.0000,0.0000,0.0000
Burst,46.79,0,1,0,0.0000,0.0000,0.0000,0.0000
Burst,46.79,0,2,0,0.0000,0.0000,0.0000,0.0000
Burst,46.79,1,0,0,0.0000,0.0000,0.0000,0.0000
Burst,46.79,1,1,0,0.0000,0.0000,0.0000,0.0000
Burst,46.79,1,2,0,0.0000,0.0000,0.0000,0.0000
Burst,46.79,2,0,0,0.0000,0.0000,0.0000,0.0000
Burst,46.79,2,1,0,0.0000,0.0000,0.0000,0.0000
Burst,46.79,2,2,0,0.0000,0.0000,0.0000,0.0000
Burst,46.79,3,0,0,0.0000,0.0000,0.0000,0.0000
Burst,46.79,3,1,0,0.0000,0.0000,0.0000,0.0000
Burst,46.79,3,2,0,0.0000,0.0000,0.0000,0.0000
Burst,46.79,4,0,0,0.0000,0.0000,0.0000,0.0000
Burst,46.79,4,1,1,0.0056,2.6123,-2.0056,-1.6738
Burst,46.79,4,2,0,0.0000,0.0000,0.0000,0.0000
Burst,46.79,5,0,0,0.0000,0.0000,0.0000,0.0000
Burst,46.79,5,1,7,0.0394,2.0360,-1.6097,-1.1224
Burst,46.79,5,2,0,0.0000,0.0000,0.0000,0.0000
Burst,46.79,6,0,0,0.0000,0.0000,0.0000,0.0000
Burst,46.79,6,1,5,0.0281,2.5489,-2.5229,-0.2639
Burst,46.79,6,2,0,0.0000,0.0000,0.0000,0.0000
Burst,46.79,7,0,0,0.0000,0.0000,0.0000,0.0000
Burst,46.79,7,1,13,0.0731,1.8235,-1.7943,-0.1949
Burst,46.79,7,2,0,0.0000,0.0000,0.0000,0.0000
Burst,46.79,8,0,0,0.0000,0.0000,0.0000,0.0000
Burst,46.79,8,1,16,0.0900,1.8509,-1.7501,-0.3689
Burst,46.79,8,2,0,0.0000,0.0000,0.0000,0.0000
Burst,46.79,9,0,0,0.0000,0.0000,0.0000,0.0000
Burst,46.79,9,1,16,0.0900,1.7829,-1.6565,-0.3601
Burst,46.79,9,2,0,0.0000,0.0000,0.0000,0.0000
Burst,46.79,10,0,0,0.0000,0.0000,0.0000,0.0000
Burst,46.79,10,1,11,0.0619,2.1592,-2.1357,-0.0795
Burst,46.79,10,2,0,0.0000,0.0000,0.0000,0.0000
Burst,46.79,11,0,0,0.0000,0.0000,0.0000,0.0000
Burst,46.79,11,1,12,0.0675,2.0045,-1.9058,-0.4907
Burst,46.79,11,2,0,0.0000,0.0000,0.0000,0.0000
Burst,46.79,12,0,0,0.0000,0.0000,0.0000,0.0000
Burst,46.79,12,1,8,0.0450,1.5629,-1.4003,-0.6273
Burst,46.79,12,2,0,0.0000,0.0000,0.0000,0.0000
Burst,46.79,13,0,0,0.0000,0.0000,0.0000,0.0000
Burst,46.79,13,1,0,0.0000,0.0000,0.0000,0.0000
Burst,46.79,13,2,0,0.0000,0.0000,0.0000,0.0000
Burst,46.79,14,0,0,0.0000,0.0000,0.0000,0.0000
Burst,46.79,14,1,0,0.0000,0.0000,0.0000,0.0000
Burst,46.79,14,2,0,0.0000,0.0000,0.0000,0.0000
Burst,46.79,15,0,0,0.0000,0.0000,0.0000,0.0000
Burst,46.79,15,1,3,0.0169,1.3342,1.3214,0.1592
Burst,46.79,15,2,0,0.0000,0.0000,0.0000,0.0000
Burst,46.79,16,0,0,0.0000,0.0000,0.0000,0.0000
Burst,46.79,16,1,7,0.0394,2.0705,2.0513,-0.1742
Burst,46.79,16,2,4,0.0225,2.0314,2.0151,0.1621
Burst,46.79,17,0,0,0.0000,0.0000,0.0000,0.0000
Burst,46.79,17,1,11,0.0619,1.9309,1.9196,-0.1107
Burst,46.79,17,2,0,0.0000,0.0000,0.0000,0.0000
Burst,46.79,18,0,0,0.0000,0.0000,0.0000,0.0000
Burst,46.79,18,1,9,0.0506,2.0484,2.0137,-0.2330
Burst,46.79,18,2,0,0.0000,0.0000,0.0000,0.0000
Burst,46.79,19,0,0,0.0000,0.0000,0.0000,0.0000
Burst,46.79,19,1,16,0.0900,1.8780,1.8596,-0.1106
Burst,46.79,19,2,0,0.0000,0.0000,0.0000,0.0000
Burst,46.79,20,0,0,0.0000,0.0000,0.0000,0.0000
Burst,46.79,20,1,11,0.0619,2.0981,2.0736,-0.2001
Burst,46.79,20,2,0,0.0000,0.0000,0.0000,0.0000
Burst,46.79,21,0,0,0.0000,0.0000,0.0000,0.0000
Burst,46.79,21,1,7,0.0394,2.3577,2.3124,-0.3938
Burst,46.79,21,2,0,0.0000,0.0000,0.0000,0.0000
Burst,46.79,22,0,0,0.0000,0.0000,0.0000,0.0000
Burst,46.79,22,1,7,0.0394,2.3159,2.2941,-0.2023
Burst,46.79,22,2,0,0.0000,0.0000,0.0000,0.0000
Burst,46.79,23,0,0,0.0000,0.0000,0.0000,0.0000
Burst,46.79,23,1,5,0.0281,2.3345,2.3103,-0.2129
Burst,46.79,23,2,0,0.0000,0.0000,0.0000,0.0000
Burst,46.79,24,0,0,0.0000,0.0000,0.0000,0.0000
Burst,46.79,24,1,1,0.0056,2.4152,2.3771,-0.4274
Burst,46.79,24,2,0,0.0000,0.0000,0.0000,0.0000
Burst,46.79,25,0,0,0.0000,0.0000,0.0000,0.0000
Burst,46.79,25,1,0,0.0000,0.0000,0.0000,0.0000
Burst,46.79,25,2,0,0.0000,0.0000,0.0000,0.0000
Burst,46.79,26,0,0,0.0000,0.0000,0.0000,0.0000
Burst,46.79,26,1,0,0.0000,0.0000,0.0000,0.0000
Burst,46.79,26,2,0,0.0000,0.0000,0.0000,0.0000
Burst,46.79,27,0,0,0.0000,0.0000,0.0000,0.0000
Burst,46.79,27,1,0,0.0000,0.0000,0.0000,0.0000
Burst,46.79,27,2,0,0.0000,0.0000,0.0000,0.0000
Burst,46.79,28,0,0,0.0000,0.0000,0.0000,0.0000
Burst,46.79,28,1,0,0.0000,0.0000,0.0000,0.0000
Burst,46.79,28,2,0,0.0000,0.0000,0.0000,0.0000
Burst,46.79,29,0,0,0.0000,0.0000,0.0000,0.0000
Burst,46.79,29,1,0,0.0000,0.0000,0.0000,0.0000
Burst,46.79,29,2,0,0.0000,0.0000,0.0000,0.0000
Burst,47.33,0,0,0,0.0000,0.0000,0.0000,0.0000
Burst,47.33,0,1,0,0.0000,0.0000,0.0000,0.0000
Burst,47.33,0,2,0,0.0000,0.0000,0.0000,0.0000
Burst,47.33,1,0,0,0.0000,0.0000,0.0000,0.0000
Burst,47.33,1,1,0,0.0000,0.0000,0.0000,0.0000
Burst,47.33,1,2,0,0.0000,0.0000,0.0000,0.0000
Burst,47.33,2,0,0,0.0000,0.0000,0.0000,0.0000
Burst,47.33,2,1,0,0.0000,0.0000,0.0000,0.0000
Burst,47.33,2,2,0,0.0000,0.0000,0.0000,0.0000
Burst,47.33,3,0,0,0.0000,0.0000,0.0000,0.0000
Burst,47.33,3,1,0,0.0000,0.0000,0.0000,0.0000
Burst,47.33,3,2,0,0.0000,0.0000,0.0000,0.0000
Burst,47.33,4,0,0,0.0000,0.0000,0.0000,0.0000
Burst,47.33,4,1,1,0.0056,2.3612,-1.9500,-1.3315
Burst,47.33,4,2,0,0.0000,0.0000,0.0000,0.0000
Burst,47.33,5,0,0,0.0000,0.0000,0.0000,0.0000
Burst,47.33,5,1,7,0.0394,2.0569,-1.5985,-1.1941
Burst,47.33,5,2,0,0.0000,0.0000,0.0000,0.0000
Burst,47.33,6,0,0,0.0000,0.0000,0.0000,0.0000
Burst,47.33,6,1,7,0.0394,2.2925,-2.2376,-0.3856
Burst,47.33,6,2,0,0.0000,0.0000,0.0000,0.0000
Burst,47.33,7,0,0,0.0000,0.0000,0.0000,0.0000
Burst,47.33,7,1,12,0.0675,1.8580,-1.8350,-0.1417
Burst,47.33,7,2,0,0.0000,0.0000,0.0000,0.0000
Burst,47.33,8,0,0,0.0000,0.0000,0.0000,0.0000
Burst,47.33,8,1,17,0.0956,1.9231,-1.6635,-0.2761
Burst,47.33,8,2,0,0.0000,0.0000,0.0000,0.0000
Burst,47.33,9,0,0,0.0000,0.0000,0.0000,0.0000
Burst,47.33,9,1,15,0.0844,1.9661,-1.8138,-0.3903
Burst,47.33,9,2,1,0.0056,0.0000,0.0000,0.0000
Burst,47.33,10,0,0,0.0000,0.0000,0.0000,0.0000
Burst,47.33,10,1,12,0.0675,2.0569,-2.0427,-0.1573
Burst,47.33,10,2,0,0.0000,0.0000,0.0000,0.0000
Burst,47.33,11,0,0,0.0000,0.0000,0.0000,0.0000
Burst,47.33,11,1,11,0.0619,2.3208,-2.2473,-0.4573
Burst,47.33,11,2,0,0.0000,0.0000,0.0000,0.0000
Burst,47.33,12,0,0,0.0000,0.0000,0.0000,0.0000
Burst,47.33,12,1,8,0.0450,1.8674,-1.6975,-0.7540
Burst,47.33,12,2,0,0.0000,0.0000,0.0000,0.0000
Burst,47.33,13,0,0,0.0000,0.0000,0.0000,0.0000
Burst,47.33,13,1,0,0.0000,0.0000,0.0000,0.0000
Burst,47.33,13,2,0,0.0000,0.0000,0.0000,0.0000
Burst,47.33,14,0,0,0.0000,0.0000,0.0000,0.0000
Burst,47.33,14,1,0,0.0000,0.0000,0.0000,0.0000
Burst,47.33,14,2,0,0.0000,0.0000,0.0000,0.0000
Burst,47.33,15,0,0,0.0000,0.0000,0.0000,0.0000
Burst,47.33,15,1,1,0.0056,1.9413,1.9230,-0.2660
Burst,47.33,15,2,1,0.0056,0.0000,0.0000,0.0000
Burst,47.33,16,0,0,0.0000,0.0000,0.0000,0.0000
Burst,47.33,16,1,9,0.0506,2.1669,2.1570,-0.1451
Burst,47.33,16,2,2,0.0113,1.9868,1.9730,-0.2103
Burst,47.33,17,0,0,0.0000,0.0000,0.0000,0.0000
Burst,47.33,17,1,10,0.0563,2.0736,2.0527,-0.2111
Burst,47.33,17,2,1,0.0056,2.3848,2.3755,0.2106
Burst,47.33,18,0,0,0.0000,0.0000,0.0000,0.0000
Burst,47.33,18,1,10,0.0563,2.0779,2.0434,-0.1879
Burst,47.33,18,2,0,0.0000,0.0000,0.0000,0.0000
Burst,47.33,19,0,0,0.0000,0.0000,0.0000,0.0000
Burst,47.33,19,1,17,0.0956,2.0190,2.0037,-0.0850
Burst,47.33,19,2,0,0.0000,0.0000,0.0000,0.0000
Burst,47.33,20,0,0,0.0000,0.0000,0.0000,0.0000
Burst,47.33,20,1,11,0.0619,2.1136,2.0734,-0.1330
Burst,47.33,20,2,0,0.0000,0.0000,0.0000,0.0000
Burst,47.33,21,0,0,0.0000,0.0000,0.0000,0.0000
Burst,47.33,21,1,7,0.0394,2.4150,2.3910,-0.1662
Burst,47.33,21,2,0,0.0000,0.0000,0.0000,0.0000
Burst,47.33,22,0,0,0.0000,0.0000,0.0000,0.0000
Burst,47.33,22,1,8,0.0450,2.3331,2.3138,-0.0164
Burst,47.33,22,2,0,0.0000,0.0000,0.0000,0.0000
Burst,47.33,23,0,0,0.0000,0.0000,0.0000,0.0000
Burst,47.33,23,1,5,0.0281,2.4910,2.4568,-0.2639
Burst,47.33,23,2,0,0.0000,0.0000,0.0000,0.0000
Burst,47.33,24,0,0,0.0000,0.0000,0.0000,0.0000
Burst,47.33,24,1,1,0.0056,2.6206,2.6069,0.2672
Burst,47.33,24,2,0,0.0000,0.0000,0.0000,0.0000
Burst,47.33,25,0,0,0.0000,0.0000,0.0000,0.0000
Burst,47.33,25,1,0,0.0000,0.0000,0.0000,0.0000
Burst,47.33,25,2,0,0.0000,0.0000,0.0000,0.0000
Burst,47.33,26,0,0,0.0000,0.0000,0.0000,0.0000
Burst,47.33,26,1,0,0.0000,0.0000,0.0000,0.0000
Burst,47.33,26,2,0,0.0000,0.0000,0.0000,0.0000
Burst,47.33,27,0,0,0.0000,0.0000,0.0000,0.0000
Burst,47.33,27,1,0,0.0000,0.0000,0.0000,0.0000
Burst,47.33,27,2,0,0.0000,0.0000,0.0000,0.0000
Burst,47.33,28,0,0,0.0000,0.0000,0.0000,0.0000
Burst,47.33,28,1,0,0.0000,0.0000,0.0000,0.0000
Burst,47.33,28,2,0,0.0000,0.0000,0.0000,0.0000
Burst,47.33,29,0,0,0.0000,0.0000,0.0000,0.0000
Burst,47.33,29,1,0,0.0000,0.0000,0.0000,0.0000
Burst,47.33,29,2,0,0.0000,0.0000,0.0000,0.0000
Burst,47.88,0,0,0,0.0000,0.0000,0.0000,0.0000
Burst,47.88,0,1,0,0.0000,0.0000,0.0000,0.0000
Burst,47.88,0,2,0,0.0000,0.0000,0.0000,0.0000
Burst,47.88,1,0,0,0.0000,0.0000,0.0000,0.0000
Burst,47.88,1,1,0,0.0000,0.0000,0.0000,0.0000
Burst,47.88,1,2,0,0.0000,0.0000,0.0000,0.0000
Burst,47.88,2,0,0,0.0000,0.0000,0.0000,0.0000
Burst,47.88,2,1,0,0.0000,0.0000,0.0000,0.0000
Burst,47.88,2,2,0,0.0000,0.0000,0.0000,0.0000
Burst,47.88,3,0,0,0.0000,0.0000,0.0000,0.0000
Burst,47.88,3,1,0,0.0000,0.0000,0.0000,0.0000
Burst,47.88,3,2,0,0.0000,0.0000,0.0000,0.0000
Burst,47.88,4,0,0,0.0000,0.0000,0.0000,0.0000
Burst,47.88,4,1,2,0.0113,2.1715,-1.8602,-0.7897
Burst,47.88,4,2,0,0.0000,0.0000,0.0000,0.0000
Burst,47.88,5,0,0,0.0000,0.0000,0.0000,0.0000
Burst,47.88,5,1,6,0.0338,2.0229,-1.6818,-1.0430
Burst,47.88,5,2,0,0.0000,0.0000,0.0000,0.0000
Burst,47.88,6,0,0,0.0000,0.0000,0.0000,0.0000
Burst,47.88,6,1,8,0.0450,2.9728,-2.7169,0.0658
Burst,47.88,6,2,0,0.0000,0.0000,0.0000,0.0000
Burst,47.88,7,0,0,0.0000,0.0000,0.0000,0.0000
Burst,47.88,7,1,12,0.0675,1.9870,-1.9724,-0.1095
Burst,47.88,7,2,0,0.0000,0.0000,0.0000,0.0000
Burst,47.88,8,0,0,0.0000,0.0000,0.0000,0.0000
Burst,47.88,8,1,18,0.1013,1.9467,-1.7171,-0.4520
Burst,47.88,8,2,0,0.0000,0.0000,0.0000,0.0000
Burst,47.88,9,0,0,0.0000,0.0000,0.0000,0.0000
Burst,47.88,9,1,16,0.0900,1.8342,-1.6929,-0.3689
Burst,47.88,9,2,0,0.0000,0.0000,0.0000,0.0000
Burst,47.88,10,0,0,0.0000,0.0000,0.0000,0.0000
Burst,47.88,10,1,12,0.0675,2.0530,-2.0411,-0.0648
Burst,47.88,10,2,0,0.0000,0.0000,0.0000,0.0000
Burst,47.88,11,0,0,0.0000,0.0000,0.0000,0.0000
Burst,47.88,11,1,10,0.0563,2.1509,-2.0576,-0.4664
Burst,47.88,11,2,0,0.0000,0.0000,0.0000,0.0000
Burst,47.88,12,0,0,0.0000,0.0000,0.0000,0.0000
Burst,47.88,12,1,8,0.0450,1.9958,-1.8103,-0.8140
Burst,47.88,12,2,1,0.0056,0.0000,0.0000,0.0000
Burst,47.88,13,0,0,0.0000,0.0000,0.0000,0.0000
Burst,47.88,13,1,0,0.0000,0.0000,0.0000,0.0000
Burst,47.88,13,2,0,0.0000,0.0000,0.0000,0.0000
Burst,47.88,14,0,0,0.0000,0.0000,0.0000,0.0000
Burst,47.88,14,1,0,0.0000,0.0000,0.0000,0.0000
Burst,47.88,14,2,0,0.0000,0.0000,0.0000,0.0000
Burst,47.88,15,0,0,0.0000,0.0000,0.0000,0.0000
Burst,47.88,15,1,1,0.0056,1.8958,1.8420,-0.4483
Burst,47.88,15,2,2,0.0113,0.8783,0.8783,-0.0033
Burst,47.88,16,0,0,0.0000,0.0000,0.0000,0.0000
Burst,47.88,16,1,10,0.0563,2.1795,2.1476,-0.3027
Burst,47.88,16,2,0,0.0000,0.0000,0.0000,0.0000
Burst,47.88,17,0,0,0.0000,0.0000,0.0000,0.0000
Burst,47.88,17,1,10,0.0563,2.0073,1.9843,-0.2255
Burst,47.88,17,2,0,0.0000,0.0000,0.0000,0.0000
Burst,47.88,18,0,0,0.0000,0.0000,0.0000,0.0000
Burst,47.88,18,1,11,0.0619,2.1172,2.0930,0.0000
Burst,47.88,18,2,0,0.0000,0.0000,0.0000,0.0000
Burst,47.88,19,0,0,0.0000,0.0000,0.0000,0.0000
Burst,47.88,19,1,16,0.0900,2.0745,2.0564,-0.0864
Burst,47.88,19,2,0,0.0000,0.0000,0.0000,0.0000
Burst,47.88,20,0,0,0.0000,0.0000,0.0000,0.0000
Burst,47.88,20,1,12,0.0675,2.1023,2.0419,-0.2494
Burst,47.88,20,2,0,0.0000,0.0000,0.0000,0.0000
Burst,47.88,21,0,0,0.0000,0.0000,0.0000,0.0000
Burst,47.88,21,1,7,0.0394,2.3789,2.3574,-0.1531
Burst,47.88,21,2,0,0.0000,0.0000,0.0000,0.0000
Burst,47.88,22,0,0,0.0000,0.0000,0.0000,0.0000
Burst,47.88,22,1,8,0.0450,2.3266,2.2833,-0.3654
Burst,47.88,22,2,0,0.0000,0.0000,0.0000,0.0000
Burst,47.88,23,0,0,0.0000,0.0000,0.0000,0.0000
Burst,47.88,23,1,4,0.0225,2.3836,2.3714,-0.0072
Burst,47.88,23,2,0,0.0000,0.0000,0.0000,0.0000
Burst,47.88,24,0,0,0.0000,0.0000,0.0000,0.0000
Burst,47.88,24,1,2,0.0113,2.6239,2.5912,0.0235
Burst,47.88,24,2,0,0.0000,0.0000,0.0000,0.0000
Burst,47.88,25,0,0,0.0000,0.0000,0.0000,0.0000
Burst,47.88,25,1,0,0.0000,0.0000,0.0000,0.0000
Burst,47.88,25,2,0,0.0000,0.0000,0.0000,0.0000
Burst,47.88,26,0,0,0.0000,0.0000,0.0000,0.0000
Burst,47.88,26,1,0,0.0000,0.0000,0.0000,0.0000
Burst,47.88,26,2,0,0.0000,0.0000,0.0000,0.0000
Burst,47.88,27,0,0,0.0000,0.0000,0.0000,0.0000
Burst,47.88,27,1,0,0.0000,0.0000,0.0000,0.0000
Burst,47.88,27,2,0,0.0000,0.0000,0.0000,0.0000
Burst,47.88,28,0,0,0.0000,0.0000,0.0000,0.0000
Burst,47.88,28,1,0,0.0000,0.0000,0.0000,0.0000
Burst,47.88,28,2,0,0.0000,0.0000,0.0000,0.0000
Burst,47.88,29,0,0,0.0000,0.0000,0.0000,0.0000
Burst,47.88,29,1,0,0.0000,0.0000,0.0000,0.0000
Burst,47.88,29,2,0,0.0000,0.0000,0.0000,0.0000
Burst,48.42,0,0,0,0.0000,0.0000,0.0000,0.0000
Burst,48.42,0,1,0,0.0000,0.0000,0.0000,0.0000
Burst,48.42,0,2,0,0.0000,0.0000,0.0000,0.0000
Burst,48.42,1,0,0,0.0000,0.0000,0.0000,0.0000
Burst,48.42,1,1,0,0.0000,0.0000,0.0000,0.0000
Burst,48.42,1,2,0,0.0000,0.0000,0.0000,0.0000
Burst,48.42,2,0,0,0.0000,0.0000,0.0000,0.0000
Burst,48.42,2,1,0,0.0000,0.0000,0.0000,0.0000
Burst,48.42,2,2,0,0.0000,0.0000,0.0000,0.0000
Burst,48.42,3,0,0,0.0000,0.0000,0.0000,0.0000
Burst,48.42,3,1,0,0.0000,0.0000,0.0000,0.0000
Burst,48.42,3,2,0,0.0000,0.0000,0.0000,0.0000
Burst,48.42,4,0,0,0.0000,0.0000,0.0000,0.0000
Burst,48.42,4,1,3,0.0169,2.1604,-1.7939,-0.7427
Burst,48.42,4,2,0,0.0000,0.0000,0.0000,0.0000
Burst,48.42,5,0,0,0.0000,0.0000,0.0000,0.0000
Burst,48.42,5,1,6,0.0338,3.6153,-3.0821,0.1345
Burst,48.42,5,2,0,0.0000,0.0000,0.0000,0.0000
Burst,48.42,6,0,0,0.0000,0.0000,0.0000,0.0000
Burst,48.42,6,1,7,0.0394,2.2624,-2.0480,-0.7591
Burst,48.42,6,2,0,0.0000,0.0000,0.0000,0.0000
Burst,48.42,7,0,0,0.0000,0.0000,0.0000,0.0000
Burst,48.42,7,1,13,0.0731,1.8466,-1.8198,-0.1503
Burst,48.42,7,2,0,0.0000,0.0000,0.0000,0.0000
Burst,48.42,8,0,0,0.0000,0.0000,0.0000,0.0000
Burst,48.42,8,1,19,0.1069,1.8580,-1.7249,-0.4426
Burst,48.42,8,2,0,0.0000,0.0000,0.0000,0.0000
Burst,48.42,9,0,0,0.0000,0.0000,0.0000,0.0000
Burst,48.42,9,1,16,0.0900,1.7420,-1.5878,-0.4011
Burst,48.42,9,2,0,0.0000,0.0000,0.0000,0.0000
Burst,48.42,10,0,0,0.0000,0.0000,0.0000,0.0000
Burst,48.42,10,1,11,0.0619,2.0833,-2.0719,-0.0159
Burst,48.42,10,2,0,0.0000,0.0000,0.0000,0.0000
Burst,48.42,11,0,0,0.0000,0.0000,0.0000,0.0000
Burst,48.42,11,1,11,0.0619,2.1485,-2.0587,-0.5417
Burst,48.42,11,2,0,0.0000,0.0000,0.0000,0.0000
Burst,48.42,12,0,0,0.0000,0.0000,0.0000,0.0000
Burst,48.42,12,1,8,0.0450,1.8716,-1.6958,-0.7730
Burst,48.42,12,2,1,0.0056,0.0000,0.0000,0.0000
Burst,48.42,13,0,0,0.0000,0.0000,0.0000,0.0000
Burst,48.42,13,1,0,0.0000,0.0000,0.0000,0.0000
Burst,48.42,13,2,0,0.0000,0.0000,0.0000,0.0000
Burst,48.42,14,0,0,0.0000,0.0000,0.0000,0.0000
Burst,48.42,14,1,0,0.0000,0.0000,0.0000,0.0000
Burst,48.42,14,2,0,0.0000,0.0000,0.0000,0.0000
Burst,48.42,15,0,0,0.0000,0.0000,0.0000,0.0000
Burst,48.42,15,1,1,0.0056,0.0000,0.0000,0.0000
Burst,48.42,15,2,1,0.0056,1.9146,1.9146,0.0104
Burst,48.42,16,0,0,0.0000,0.0000,0.0000,0.0000
Burst,48.42,16,1,9,0.0506,2.1203,2.1060,-0.1853
Burst,48.42,16,2,1,0.0056,1.7949,1.7946,0.0333
Burst,48.42,17,0,0,0.0000,0.0000,0.0000,0.0000
Burst,48.42,17,1,11,0.0619,2.0266,1.9993,-0.2426
Burst,48.42,17,2,0,0.0000,0.0000,0.0000,0.0000
Burst,48.42,18,0,0,0.0000,0.0000,0.0000,0.0000
Burst,48.42,18,1,12,0.0675,1.9875,1.9815,-0.0366
Burst,48.42,18,2,0,0.0000,0.0000,0.0000,0.0000
Burst,48.42,19,0,0,0.0000,0.0000,0.0000,0.0000
Burst,48.42,19,1,15,0.0844,1.9993,1.9753,-0.1980
Burst,48.42,19,2,0,0.0000,0.0000,0.0000,0.0000
Burst,48.42,20,0,0,0.0000,0.0000,0.0000,0.0000
Burst,48.42,20,1,13,0.0731,1.8765,1.8639,-0.0331
Burst,48.42,20,2,0,0.0000,0.0000,0.0000,0.0000
Burst,48.42,21,0,0,0.0000,0.0000,0.0000,0.0000
Burst,48.42,21,1,7,0.0394,2.4043,2.3840,-0.1687
Burst,48.42,21,2,0,0.0000,0.0000,0.0000,0.0000
Burst,48.42,22,0,0,0.0000,0.0000,0.0000,0.0000
Burst,48.42,22,1,9,0.0506,2.2200,2.1660,-0.3862
Burst,48.42,22,2,0,0.0000,0.0000,0.0000,0.0000
Burst,48.42,23,0,0,0.0000,0.0000,0.0000,0.0000
Burst,48.42,23,1,4,0.0225,2.2693,2.2648,0.0090
Burst,48.42,23,2,0,0.0000,0.0000,0.0000,0.0000
Burst,48.42,24,0,0,0.0000,0.0000,0.0000,0.0000
Burst,48.42,24,1,2,0.0113,2.5248,2.4540,0.1420
Burst,48.42,24,2,0,0.0000,0.0000,0.0000,0.0000
Burst,48.42,25,0,0,0.0000,0.0000,0.0000,0.0000
Burst,48.42,25,1,0,0.0000,0.0000,0.0000,0.0000
Burst,48.42,25,2,0,0.0000,0.0000,0.0000,0.0000
Burst,48.42,26,0,0,0.0000,0.0000,0.0000,0.0000
Burst,48.42,26,1,0,0.0000,0.0000,0.0000,0.0000
Burst,48.42,26,2,0,0.0000,0.0000,0.0000,0.0000
Burst,48.42,27,0,0,0.0000,0.0000,0.0000,0.0000
Burst,48.42,27,1,0,0.0000,0.0000,0.0000,0.0000
Burst,48.42,27,2,0,0.0000,0.0000,0.0000,0.0000
Burst,48.42,28,0,0,0.0000,0.0000,0.0000,0.0000
Burst,48.42,28,1,0,0.0000,0.0000,0.0000,0.0000
Burst,48.42,28,2,0,0.0000,0.0000,0.0000,0.0000
Burst,48.42,29,0,0,0.0000,0.0000,0.0000,0.0000
Burst,48.42,29,1,0,0.0000,0.0000,0.0000,0.0000
Burst,48.42,29,2,0,0.0000,0.0000,0.0000,0.0000
Burst,48.98,0,0,0,0.0000,0.0000,0.0000,0.0000
Burst,48.98,0,1,0,0.0000,0.0000,0.0000,0.0000
Burst,48.98,0,2,0,0.0000,0.0000,0.0000,0.0000
Burst,48.98,1,0,0,0.0000,0.0000,0.0000,0.0000
Burst,48.98,1,1,0,0.0000,0.0000,0.0000,0.0000
Burst,48.98,1,2,0,0.0000,0.0000,0.0000,0.0000
Burst,48.98,2,0,0,0.0000,0.0000,0.0000,0.0000
Burst,48.98,2,1,0,0.0000,0.0000,0.0000,0.0000
Burst,48.98,2,2,0,0.0000,0.0000,0.0000,0.0000
Burst,48.98,3,0,0,0.0000,0.0000,0.0000,0.0000
Burst,48.98,3,1,0,0.0000,0.0000,0.0000,0.0000
Burst,48.98,3,2,0,0.0000,0.0000,0.0000,0.0000
Burst,48.98,4,0,0,0.0000,0.0000,0.0000,0.0000
Burst,48.98,4,1,2,0.0113,2.3564,-1.9702,-1.2914
Burst,48.98,4,2,0,0.0000,0.0000,0.0000,0.0000
Burst,48.98,5,0,0,0.0000,0.0000,0.0000,0.0000
Burst,48.98,5,1,7,0.0394,2.0904,-1.7909,-0.9790
Burst,48.98,5,2,0,0.0000,0.0000,0.0000,0.0000
Burst,48.98,6,0,0,0.0000,0.0000,0.0000,0.0000
Burst,48.98,6,1,7,0.0394,2.2219,-2.1195,-0.5410
Burst,48.98,6,2,0,0.0000,0.0000,0.0000,0.0000
Burst,48.98,7,0,0,0.0000,0.0000,0.0000,0.0000
Burst,48.98,7,1,13,0.0731,1.9401,-1.8811,-0.2739
Burst,48.98,7,2,0,0.0000,0.0000,0.0000,0.0000
Burst,48.98,8,0,0,0.0000,0.0000,0.0000,0.0000
Burst,48.98,8,1,19,0.1069,1.8274,-1.7035,-0.4973
Burst,48.98,8,2,0,0.0000,0.0000,0.0000,0.0000
Burst,48.98,9,0,0,0.0000,0.0000,0.0000,0.0000
Burst,48.98,9,1,17,0.0956,1.8854,-1.6846,-0.4333
Burst,48.98,9,2,0,0.0000,0.0000,0.0000,0.0000
Burst,48.98,10,0,0,0.0000,0.0000,0.0000,0.0000
Burst,48.98,10,1,11,0.0619,2.1188,-2.1053,-0.1177
Burst,48.98,10,2,0,0.0000,0.0000,0.0000,0.0000
Burst,48.98,11,0,0,0.0000,0.0000,0.0000,0.0000
Burst,48.98,11,1,12,0.0675,2.1203,-1.9756,-0.6314
Burst,48.98,11,2,0,0.0000,0.0000,0.0000,0.0000
Burst,48.98,12,0,0,0.0000,0.0000,0.0000,0.0000
Burst,48.98,12,1,8,0.0450,1.4729,-1.3028,-0.6646
Burst,48.98,12,2,0,0.0000,0.0000,0.0000,0.0000
Burst,48.98,13,0,0,0.0000,0.0000,0.0000,0.0000
Burst,48.98,13,1,0,0.0000,0.0000,0.0000,0.0000
Burst,48.98,13,2,0,0.0000,0.0000,0.0000,0.0000
Burst,48.98,14,0,0,0.0000,0.0000,0.0000,0.0000
Burst,48.98,14,1,0,0.0000,0.0000,0.0000,0.0000
Burst,48.98,14,2,0,0.0000,0.0000,0.0000,0.0000
Burst,48.98,15,0,0,0.0000,0.0000,0.0000,0.0000
Burst,48.98,15,1,2,0.0113,0.9480,0.9479,0.0120
Burst,48.98,15,2,0,0.0000,0.0000,0.0000,0.0000
Burst,48.98,16,0,0,0.0000,0.0000,0.0000,0.0000
Burst,48.98,16,1,9,0.0506,2.1988,2.1772,-0.1425
Burst,48.98,16,2,2,0.0113,1.7334,1.7328,-0.0468
Burst,48.98,17,0,0,0.0000,0.0000,0.0000,0.0000
Burst,48.98,17,1,11,0.0619,2.1642,2.1460,-0.1657
Burst,48.98,17,2,0,0.0000,0.0000,0.0000,0.0000
Burst,48.98,18,0,0,0.0000,0.0000,0.0000,0.0000
Burst,48.98,18,1,11,0.0619,2.0938,2.0815,-0.1864
Burst,48.98,18,2,0,0.0000,0.0000,0.0000,0.0000
Burst,48.98,19,0,0,0.0000,0.0000,0.0000,0.0000
Burst,48.98,19,1,16,0.0900,2.0110,2.0011,-0.0326
Burst,48.98,19,2,0,0.0000,0.0000,0.0000,0.0000
Burst,48.98,20,0,0,0.0000,0.0000,0.0000,0.0000
Burst,48.98,20,1,13,0.0731,2.0043,1.9885,-0.0249
Burst,48.98,20,2,0,0.0000,0.0000,0.0000,0.0000
Burst,48.98,21,0,0,0.0000,0.0000,0.0000,0.0000
Burst,48.98,21,1,8,0.0450,2.4215,2.4121,-0.1208
Burst,48.98,21,2,0,0.0000,0.0000,0.0000,0.0000
Burst,48.98,22,0,0,0.0000,0.0000,0.0000,0.0000
Burst,48.98,22,1,7,0.0394,2.4892,2.4405,-0.2965
Burst,48.98,22,2,0,0.0000,0.0000,0.0000,0.0000
Burst,48.98,23,0,0,0.0000,0.0000,0.0000,0.0000
Burst,48.98,23,1,5,0.0281,2.2722,2.2508,-0.2667
Burst,48.98,23,2,0,0.0000,0.0000,0.0000,0.0000
Burst,48.98,24,0,0,0.0000,0.0000,0.0000,0.0000
Burst,48.98,24,1,3,0.0169,2.4890,2.4798,0.1838
Burst,48.98,24,2,0,0.0000,0.0000,0.0000,0.0000
Burst,48.98,25,0,0,0.0000,0.0000,0.0000,0.0000
Burst,48.98,25,1,0,0.0000,0.0000,0.0000,0.0000
Burst,48.98,25,2,0,0.0000,0.0000,0.0000,0.0000
Burst,48.98,26,0,0,0.0000,0.0000,0.0000,0.0000
Burst,48.98,26,1,0,0.0000,0.0000,0.0000,0.0000
Burst,48.98,26,2,0,0.0000,0.0000,0.0000,0.0000
Burst,48.98,27,0,0,0.0000,0.0000,0.0000,0.0000
Burst,48.98,27,1,0,0.0000,0.0000,0.0000,0.0000
Burst,48.98,27,2,0,0.0000,0.0000,0.0000,0.0000
Burst,48.98,28,0,0,0.0000,0.0000,0.0000,0.0000
Burst,48.98,28,1,0,0.0000,0.0000,0.0000,0.0000
Burst,48.98,28,2,0,0.0000,0.0000,0.0000,0.0000
Burst,48.98,29,0,0,0.0000,0.0000,0.0000,0.0000
Burst,48.98,29,1,0,0.0000,0.0000,0.0000,0.0000
Burst,48.98,29,2,0,0.0000,0.0000,0.0000,0.0000
Burst,49.50,0,0,0,0.0000,0.0000,0.0000,0.0000
Burst,49.50,0,1,0,0.0000,0.0000,0.0000,0.0000
Burst,49.50,0,2,0,0.0000,0.0000,0.0000,0.0000
Burst,49.50,1,0,0,0.0000,0.0000,0.0000,0.0000
Burst,49.50,1,1,0,0.0000,0.0000,0.0000,0.0000
Burst,49.50,1,2,0,0.0000,0.0000,0.0000,0.0000
Burst,49.50,2,0,0,0.0000,0.0000,0.0000,0.0000
Burst,49.50,2,1,0,0.0000,0.0000,0.0000,0.0000
Burst,49.50,2,2,0,0.0000,0.0000,0.0000,0.0000
Burst,49.50,3,0,0,0.0000,0.0000,0.0000,0.0000
Burst,49.50,3,1,0,0.0000,0.0000,0.0000,0.0000
Burst,49.50,3,2,0,0.0000,0.0000,0.0000,0.0000
Burst,49.50,4,0,0,0.0000,0.0000,0.0000,0.0000
Burst,49.50,4,1,2,0.0113,1.7352,-1.6021,-0.6627
Burst,49.50,4,2,0,0.0000,0.0000,0.0000,0.0000
Burst,49.50,5,0,0,0.0000,0.0000,0.0000,0.0000
Burst,49.50,5,1,7,0.0394,2.1201,-1.8507,-0.8944
Burst,49.50,5,2,0,0.0000,0.0000,0.0000,0.0000
Burst,49.50,6,0,0,0.0000,0.0000,0.0000,0.0000
Burst,49.50,6,1,9,0.0506,2.0469,-1.9419,-0.5091
Burst,49.50,6,2,0,0.0000,0.0000,0.0000,0.0000
Burst,49.50,7,0,0,0.0000,0.0000,0.0000,0.0000
Burst,49.50,7,1,13,0.0731,1.7000,-1.6409,-0.2587
Burst,49.50,7,2,0,0.0000,0.0000,0.0000,0.0000
Burst,49.50,8,0,0,0.0000,0.0000,0.0000,0.0000
Burst,49.50,8,1,18,0.1013,1.9669,-1.8946,-0.3954
Burst,49.50,8,2,0,0.0000,0.0000,0.0000,0.0000
Burst,49.50,9,0,0,0.0000,0.0000,0.0000,0.0000
Burst,49.50,9,1,17,0.0956,1.8066,-1.6403,-0.4531
Burst,49.50,9,2,0,0.0000,0.0000,0.0000,0.0000
Burst,49.50,10,0,0,0.0000,0.0000,0.0000,0.0000
Burst,49.50,10,1,12,0.0675,1.8994,-1.8836,-0.1337
Burst,49.50,10,2,0,0.0000,0.0000,0.0000,0.0000
Burst,49.50,11,0,0,0.0000,0.0000,0.0000,0.0000
Burst,49.50,11,1,12,0.0675,2.0870,-1.9763,-0.5575
Burst,49.50,11,2,0,0.0000,0.0000,0.0000,0.0000
Burst,49.50,12,0,0,0.0000,0.0000,0.0000,0.0000
Burst,49.50,12,1,8,0.0450,1.4887,-1.3079,-0.6668
Burst,49.50,12,2,0,0.0000,0.0000,0.0000,0.0000
Burst,49.50,13,0,0,0.0000,0.0000,0.0000,0.0000
Burst,49.50,13,1,0,0.0000,0.0000,0.0000,0.0000
Burst,49.50,13,2,0,0.0000,0.0000,0.0000,0.0000
Burst,49.50,14,0,0,0.0000,0.0000,0.0000,0.0000
Burst,49.50,14,1,0,0.0000,0.0000,0.0000,0.0000
Burst,49.50,14,2,0,0.0000,0.0000,0.0000,0.0000
Burst,49.50,15,0,0,0.0000,0.0000,0.0000,0.0000
Burst,49.50,15,1,1,0.0056,2.0640,2.0476,0.2590
Burst,49.50,15,2,0,0.0000,0.0000,0.0000,0.0000
Burst,49.50,16,0,0,0.0000,0.0000,0.0000,0.0000
Burst,49.50,16,1,10,0.0563,1.9970,1.9741,-0.1741
Burst,49.50,16,2,2,0.0113,2.0387,2.0374,-0.0514
Burst,49.50,17,0,0,0.0000,0.0000,0.0000,0.0000
Burst,49.50,17,1,9,0.0506,2.0581,2.0385,-0.1633
Burst,49.50,17,2,0,0.0000,0.0000,0.0000,0.0000
Burst,49.50,18,0,0,0.0000,0.0000,0.0000,0.0000
Burst,49.50,18,1,12,0.0675,1.9708,1.9468,-0.1507
Burst,49.50,18,2,0,0.0000,0.0000,0.0000,0.0000
Burst,49.50,19,0,0,0.0000,0.0000,0.0000,0.0000
Burst,49.50,19,1,17,0.0956,1.9260,1.9007,-0.0254
Burst,49.50,19,2,0,0.0000,0.0000,0.0000,0.0000
Burst,49.50,20,0,0,0.0000,0.0000,0.0000,0.0000
Burst,49.50,20,1,12,0.0675,1.9977,1.9707,-0.2096
Burst,49.50,20,2,0,0.0000,0.0000,0.0000,0.0000
Burst,49.50,21,0,0,0.0000,0.0000,0.0000,0.0000
Burst,49.50,21,1,7,0.0394,2.3158,2.2900,-0.1296
Burst,49.50,21,2,0,0.0000,0.0000,0.0000,0.0000
Burst,49.50,22,0,0,0.0000,0.0000,0.0000,0.0000
Burst,49.50,22,1,8,0.0450,2.3028,2.2891,-0.0496
Burst,49.50,22,2,0,0.0000,0.0000,0.0000,0.0000
Burst,49.50,23,0,0,0.0000,0.0000,0.0000,0.0000
Burst,49.50,23,1,6,0.0338,2.2992,2.2792,-0.1185
Burst,49.50,23,2,0,0.0000,0.0000,0.0000,0.0000
Burst,49.50,24,0,0,0.0000,0.0000,0.0000,0.0000
Burst,49.50,24,1,3,0.0169,2.6013,2.5224,-0.4792
Burst,49.50,24,2,0,0.0000,0.0000,0.0000,0.0000
Burst,49.50,25,0,0,0.0000,0.0000,0.0000,0.0000
Burst,49.50,25,1,0,0.0000,0.0000,0.0000,0.0000
Burst,49.50,25,2,0,0.0000,0.0000,0.0000,0.0000
Burst,49.50,26,0,0,0.0000,0.0000,0.0000,0.0000
Burst,49.50,26,1,0,0.0000,0.0000,0.0000,0.0000
Burst,49.50,26,2,0,0.0000,0.0000,0.0000,0.0000
Burst,49.50,27,0,0,0.0000,0.0000,0.0000,0.0000
Burst,49.50,27,1,0,0.0000,0.0000,0.0000,0.0000
Burst,49.50,27,2,0,0.0000,0.0000,0.0000,0.0000
Burst,49.50,28,0,0,0.0000,0.0000,0.0000,0.0000
Burst,49.50,28,1,0,0.0000,0.0000,0.0000,0.0000
Burst,49.50,28,2,0,0.0000,0.0000,0.0000,0.0000
Burst,49.50,29,0,0,0.0000,0.0000,0.0000,0.0000
Burst,49.50,29,1,0,0.0000,0.0000,0.0000,0.0000
Burst,49.50,29,2,0,0.0000,0.0000,0.0000,0.0000
Burst,50.00,0,0,0,0.0000,0.0000,0.0000,0.0000
Burst,50.00,0,1,0,0.0000,0.0000,0.0000,0.0000
Burst,50.00,0,2,0,0.0000,0.0000,0.0000,0.0000
Burst,50.00,1,0,0,0.0000,0.0000,0.0000,0.0000
Burst,50.00,1,1,0,0.0000,0.0000,0.0000,0.0000
Burst,50.00,1,2,0,0.0000,0.0000,0.0000,0.0000
Burst,50.00,2,0,0,0.0000,0.0000,0.0000,0.0000
Burst,50.00,2,1,0,0.0000,0.0000,0.0000,0.0000
Burst,50.00,2,2,0,0.0000,0.0000,0.0000,0.0000
Burst,50.00,3,0,0,0.0000,0.0000,0.0000,0.0000
Burst,50.00,3,1,0,0.0000,0.0000,0.0000,0.0000
Burst,50.00,3,2,0,0.0000,0.0000,0.0000,0.0000
Burst,50.00,4,0,0,0.0000,0.0000,0.0000,0.0000
Burst,50.00,4,1,2,0.0113,2.1715,-2.1265,-0.3363
Burst,50.00,4,2,0,0.0000,0.0000,0.0000,0.0000
Burst,50.00,5,0,0,0.0000,0.0000,0.0000,0.0000
Burst,50.00,5,1,6,0.0338,2.1233,-1.9234,-0.8133
Burst,50.00,5,2,0,0.0000,0.0000,0.0000,0.0000
Burst,50.00,6,0,0,0.0000,0.0000,0.0000,0.0000
Burst,50.00,6,1,9,0.0506,2.2054,-2.0122,-0.7289
Burst,50.00,6,2,0,0.0000,0.0000,0.0000,0.0000
Burst,50.00,7,0,0,0.0000,0.0000,0.0000,0.0000
Burst,50.00,7,1,14,0.0788,1.9231,-1.8629,-0.1447
Burst,50.00,7,2,0,0.0000,0.0000,0.0000,0.0000
Burst,50.00,8,0,0,0.0000,0.0000,0.0000,0.0000
Burst,50.00,8,1,18,0.1013,1.9963,-1.9298,-0.3594
Burst,50.00,8,2,0,0.0000,0.0000,0.0000,0.0000
Burst,50.00,9,0,0,0.0000,0.0000,0.0000,0.0000
Burst,50.00,9,1,18,0.1013,1.9023,-1.7720,-0.4322
Burst,50.00,9,2,0,0.0000,0.0000,0.0000,0.0000
Burst,50.00,10,0,0,0.0000,0.0000,0.0000,0.0000
Burst,50.00,10,1,11,0.0619,2.1045,-2.0791,-0.2150
Burst,50.00,10,2,0,0.0000,0.0000,0.0000,0.0000
Burst,50.00,11,0,0,0.0000,0.0000,0.0000,0.0000
Burst,50.00,11,1,12,0.0675,2.3287,-2.2539,-0.4991
Burst,50.00,11,2,0,0.0000,0.0000,0.0000,0.0000
Burst,50.00,12,0,0,0.0000,0.0000,0.0000,0.0000
Burst,50.00,12,1,8,0.0450,1.8709,-1.6714,-0.7938
Burst,50.00,12,2,0,0.0000,0.0000,0.0000,0.0000
Burst,50.00,13,0,0,0.0000,0.0000,0.0000,0.0000
Burst,50.00,13,1,0,0.0000,0.0000,0.0000,0.0000
Burst,50.00,13,2,0,0.0000,0.0000,0.0000,0.0000
Burst,50.00,14,0,0,0.0000,0.0000,0.0000,0.0000
Burst,50.00,14,1,0,0.0000,0.0000,0.0000,0.0000
Burst,50.00,14,2,0,0.0000,0.0000,0.0000,0.0000
Burst,50.00,15,0,0,0.0000,0.0000,0.0000,0.0000
Burst,50.00,15,1,1,0.0056,0.0000,0.0000,0.0000
Burst,50.00,15,2,0,0.0000,0.0000,0.0000,0.0000
Burst,50.00,16,0,0,0.0000,0.0000,0.0000,0.0000
Burst,50.00,16,1,11,0.0619,2.1596,2.1342,-0.2062
Burst,50.00,16,2,1,0.0056,1.9027,1.9008,0.0843
Burst,50.00,17,0,0,0.0000,0.0000,0.0000,0.0000
Burst,50.00,17,1,10,0.0563,2.1908,2.1592,-0.2768
Burst,50.00,17,2,0,0.0000,0.0000,0.0000,0.0000
Burst,50.00,18,0,0,0.0000,0.0000,0.0000,0.0000
Burst,50.00,18,1,12,0.0675,1.9566,1.9417,-0.1317
Burst,50.00,18,2,0,0.0000,0.0000,0.0000,0.0000
Burst,50.00,19,0,0,0.0000,0.0000,0.0000,0.0000
Burst,50.00,19,1,15,0.0844,2.0047,1.9608,-0.2149
Burst,50.00,19,2,0,0.0000,0.0000,0.0000,0.0000
Burst,50.00,20,0,0,0.0000,0.0000,0.0000,0.0000
Burst,50.00,20,1,14,0.0788,2.1374,2.1162,-0.1847
Burst,50.00,20,2,0,0.0000,0.0000,0.0000,0.0000
Burst,50.00,21,0,0,0.0000,0.0000,0.0000,0.0000
Burst,50.00,21,1,7,0.0394,2.5366,2.4978,-0.2267
Burst,50.00,21,2,0,0.0000,0.0000,0.0000,0.0000
Burst,50.00,22,0,0,0.0000,0.0000,0.0000,0.0000
Burst,50.00,22,1,8,0.0450,2.4106,2.3821,-0.1603
Burst,50.00,22,2,0,0.0000,0.0000,0.0000,0.0000
Burst,50.00,23,0,0,0.0000,0.0000,0.0000,0.0000
Burst,50.00,23,1,6,0.0338,2.3513,2.3388,-0.0393
Burst,50.00,23,2,0,0.0000,0.0000,0.0000,0.0000
Burst,50.00,24,0,0,0.0000,0.0000,0.0000,0.0000
Burst,50.00,24,1,3,0.0169,2.5718,2.5599,-0.1741
Burst,50.00,24,2,0,0.0000,0.0000,0.0000,0.0000
Burst,50.00,25,0,0,0.0000,0.0000,0.0000,0.0000
Burst,50.00,25,1,0,0.0000,0.0000,0.0000,0.0000
Burst,50.00,25,2,0,0.0000,0.0000,0.0000,0.0000
Burst,50.00,26,0,0,0.0000,0.0000,0.0000,0.0000
Burst,50.00,26,1,0,0.0000,0.0000,0.0000,0.0000
Burst,50.00,26,2,0,0.0000,0.0000,0.0000,0.0000
Burst,50.00,27,0,0,0.0000,0.0000,0.0000,0.0000
Burst,50.00,27,1,0,0.0000,0.0000,0.0000,0.0000
Burst,50.00,27,2,0,0.0000,0.0000,0.0000,0.0000
Burst,50.00,28,0,0,0.0000,0.0000,0.0000,0.0000
Burst,50.00,28,1,0,0.0000,0.0000,0.0000,0.0000
Burst,50.00,28,2,0,0.0000,0.0000,0.0000,0.0000
Burst,50.00,29,0,0,0.0000,0.0000,0.0000,0.0000
Burst,50.00,29,1,0,0.0000,0.0000,0.0000,0.0000
Burst,50.00,29,2,0,0.0000,0.0000,0.0000,0.0000
Burst,50.52,0,0,0,0.0000,0.0000,0.0000,0.0000
Burst,50.52,0,1,0,0.0000,0.0000,0.0000,0.0000
Burst,50.52,0,2,0,0.0000,0.0000,0.0000,0.0000
Burst,50.52,1,0,0,0.0000,0.0000,0.0000,0.0000
Burst,50.52,1,1,0,0.0000,0.0000,0.0000,0.0000
Burst,50.52,1,2,0,0.0000,0.0000,0.0000,0.0000
Burst,50.52,2,0,0,0.0000,0.0000,0.0000,0.0000
Burst,50.52,2,1,0,0.0000,0.0000,0.0000,0.0000
Burst,50.52,2,2,0,0.0000,0.0000,0.0000,0.0000
Burst,50.52,3,0,0,0.0000,0.0000,0.0000,0.0000
Burst,50.52,3,1,0,0.0000,0.0000,0.0000,0.0000
Burst,50.52,3,2,0,0.0000,0.0000,0.0000,0.0000
Burst,50.52,4,0,0,0.0000,0.0000,0.0000,0.0000
Burst,50.52,4,1,3,0.0169,2.4448,-2.3116,-0.6070
Burst,50.52,4,2,0,0.0000,0.0000,0.0000,0.0000
Burst,50.52,5,0,0,0.0000,0.0000,0.0000,0.0000
Burst,50.52,5,1,6,0.0338,2.2655,-2.0805,-0.7984
Burst,50.52,5,2,0,0.0000,0.0000,0.0000,0.0000
Burst,50.52,6,0,0,0.0000,0.0000,0.0000,0.0000
Burst,50.52,6,1,9,0.0506,2.5604,-2.3477,-0.1745
Burst,50.52,6,2,0,0.0000,0.0000,0.0000,0.0000
Burst,50.52,7,0,0,0.0000,0.0000,0.0000,0.0000
Burst,50.52,7,1,14,0.0788,2.0075,-1.9664,-0.0959
Burst,50.52,7,2,0,0.0000,0.0000,0.0000,0.0000
Burst,50.52,8,0,0,0.0000,0.0000,0.0000,0.0000
Burst,50.52,8,1,19,0.1069,1.9236,-1.8533,-0.4039
Burst,50.52,8,2,0,0.0000,0.0000,0.0000,0.0000
Burst,50.52,9,0,0,0.0000,0.0000,0.0000,0.0000
Burst,50.52,9,1,18,0.1013,1.7906,-1.6384,-0.3460
Burst,50.52,9,2,0,0.0000,0.0000,0.0000,0.0000
Burst,50.52,10,0,0,0.0000,0.0000,0.0000,0.0000
Burst,50.52,10,1,11,0.0619,1.9788,-1.9548,-0.2412
Burst,50.52,10,2,0,0.0000,0.0000,0.0000,0.0000
Burst,50.52,11,0,0,0.0000,0.0000,0.0000,0.0000
Burst,50.52,11,1,12,0.0675,2.0205,-1.9521,-0.4580
Burst,50.52,11,2,0,0.0000,0.0000,0.0000,0.0000
Burst,50.52,12,0,0,0.0000,0.0000,0.0000,0.0000
Burst,50.52,12,1,7,0.0394,1.6618,-1.3697,-0.8525
Burst,50.52,12,2,1,0.0056,0.0000,0.0000,0.0000
Burst,50.52,13,0,0,0.0000,0.0000,0.0000,0.0000
Burst,50.52,13,1,0,0.0000,0.0000,0.0000,0.0000
Burst,50.52,13,2,0,0.0000,0.0000,0.0000,0.0000
Burst,50.52,14,0,0,0.0000,0.0000,0.0000,0.0000
Burst,50.52,14,1,0,0.0000,0.0000,0.0000,0.0000
Burst,50.52,14,2,0,0.0000,0.0000,0.0000,0.0000
Burst,50.52,15,0,0,0.0000,0.0000,0.0000,0.0000
Burst,50.52,15,1,1,0.0056,0.0000,0.0000,0.0000
Burst,50.52,15,2,1,0.0056,0.0000,0.0000,0.0000
Burst,50.52,16,0,0,0.0000,0.0000,0.0000,0.0000
Burst,50.52,16,1,12,0.0675,2.0746,2.0576,-0.1774
Burst,50.52,16,2,0,0.0000,0.0000,0.0000,0.0000
Burst,50.52,17,0,0,0.0000,0.0000,0.0000,0.0000
Burst,50.52,17,1,10,0.0563,2.1124,2.0715,-0.3370
Burst,50.52,17,2,0,0.0000,0.0000,0.0000,0.0000
Burst,50.52,18,0,0,0.0000,0.0000,0.0000,0.0000
Burst,50.52,18,1,12,0.0675,1.9858,1.9687,-0.1096
Burst,50.52,18,2,0,0.0000,0.0000,0.0000,0.0000
Burst,50.52,19,0,0,0.0000,0.0000,0.0000,0.0000
Burst,50.52,19,1,16,0.0900,1.9839,1.9641,-0.1224
Burst,50.52,19,2,0,0.0000,0.0000,0.0000,0.0000
Burst,50.52,20,0,0,0.0000,0.0000,0.0000,0.0000
Burst,50.52,20,1,13,0.0731,2.0861,2.0614,-0.1420
Burst,50.52,20,2,0,0.0000,0.0000,0.0000,0.0000
Burst,50.52,21,0,0,0.0000,0.0000,0.0000,0.0000
Burst,50.52,21,1,8,0.0450,2.3458,2.3336,-0.1294
Burst,50.52,21,2,0,0.0000,0.0000,0.0000,0.0000
Burst,50.52,22,0,0,0.0000,0.0000,0.0000,0.0000
Burst,50.52,22,1,8,0.0450,2.3769,2.3481,-0.2932
Burst,50.52,22,2,0,0.0000,0.0000,0.0000,0.0000
Burst,50.52,23,0,0,0.0000,0.0000,0.0000,0.0000
Burst,50.52,23,1,7,0.0394,2.3006,2.2802,0.0410
Burst,50.52,23,2,0,0.0000,0.0000,0.0000,0.0000
Burst,50.52,24,0,0,0.0000,0.0000,0.0000,0.0000
Burst,50.52,24,1,2,0.0113,2.4530,2.4489,-0.0799
Burst,50.52,24,2,0,0.0000,0.0000,0.0000,0.0000
Burst,50.52,25,0,0,0.0000,0.0000,0.0000,0.0000
Burst,50.52,25,1,1,0.0056,11.5224,9.1399,7.0163
Burst,50.52,25,2,0,0.0000,0.0000,0.0000,0.0000
Burst,50.52,26,0,0,0.0000,0.0000,0.0000,0.0000
Burst,50.52,26,1,0,0.0000,0.0000,0.0000,0.0000
Burst,50.52,26,2,0,0.0000,0.0000,0.0000,0.0000
Burst,50.52,27,0,0,0.0000,0.0000,0.0000,0.0000
Burst,50.52,27,1,0,0.0000,0.0000,0.0000,0.0000
Burst,50.52,27,2,0,0.0000,0.0000,0.0000,0.0000
Burst,50.52,28,0,0,0.0000,0.0000,0.0000,0.0000
Burst,50.52,28,1,0,0.0000,0.0000,0.0000,0.0000
Burst,50.52,28,2,0,0.0000,0.0000,0.0000,0.0000
Burst,50.52,29,0,0,0.0000,0.0000,0.0000,0.0000
Burst,50.52,29,1,0,0.0000,0.0000,0.0000,0.0000
Burst,50.52,29,2,0,0.0000,0.0000,0.0000,0.0000
Burst,51.03,0,0,0,0.0000,0.0000,0.0000,0.0000
Burst,51.03,0,1,0,0.0000,0.0000,0.0000,0.0000
Burst,51.03,0,2,0,0.0000,0.0000,0.0000,0.0000
Burst,51.03,1,0,0,0.0000,0.0000,0.0000,0.0000
Burst,51.03,1,1,0,0.0000,0.0000,0.0000,0.0000
Burst,51.03,1,2,0,0.0000,0.0000,0.0000,0.0000
Burst,51.03,2,0,0,0.0000,0.0000,0.0000,0.0000
Burst,51.03,2,1,0,0.0000,0.0000,0.0000,0.0000
Burst,51.03,2,2,0,0.0000,0.0000,0.0000,0.0000
Burst,51.03,3,0,0,0.0000,0.0000,0.0000,0.0000
Burst,51.03,3,1,0,0.0000,0.0000,0.0000,0.0000
Burst,51.03,3,2,0,0.0000,0.0000,0.0000,0.0000
Burst,51.03,4,0,0,0.0000,0.0000,0.0000,0.0000
Burst,51.03,4,1,2,0.0113,2.0474,-1.8678,-0.6941
Burst,51.03,4,2,0,0.0000,0.0000,0.0000,0.0000
Burst,51.03,5,0,0,0.0000,0.0000,0.0000,0.0000
Burst,51.03,5,1,6,0.0338,2.2204,-2.0903,-0.6150
Burst,51.03,5,2,0,0.0000,0.0000,0.0000,0.0000
Burst,51.03,6,0,0,0.0000,0.0000,0.0000,0.0000
Burst,51.03,6,1,10,0.0563,3.3032,-2.9810,0.2935
Burst,51.03,6,2,0,0.0000,0.0000,0.0000,0.0000
Burst,51.03,7,0,0,0.0000,0.0000,0.0000,0.0000
Burst,51.03,7,1,14,0.0788,1.7074,-1.6563,-0.2202
Burst,51.03,7,2,0,0.0000,0.0000,0.0000,0.0000
Burst,51.03,8,0,0,0.0000,0.0000,0.0000,0.0000
Burst,51.03,8,1,19,0.1069,1.8153,-1.7617,-0.3320
Burst,51.03,8,2,0,0.0000,0.0000,0.0000,0.0000
Burst,51.03,9,0,0,0.0000,0.0000,0.0000,0.0000
Burst,51.03,9,1,19,0.1069,1.7554,-1.6101,-0.4181
Burst,51.03,9,2,0,0.0000,0.0000,0.0000,0.0000
Burst,51.03,10,0,0,0.0000,0.0000,0.0000,0.0000
Burst,51.03,10,1,11,0.0619,1.9114,-1.8843,-0.1816
Burst,51.03,10,2,0,0.0000,0.0000,0.0000,0.0000
Burst,51.03,11,0,0,0.0000,0.0000,0.0000,0.0000
Burst,51.03,11,1,11,0.0619,2.0320,-1.9473,-0.4672
Burst,51.03,11,2,0,0.0000,0.0000,0.0000,0.0000
Burst,51.03,12,0,0,0.0000,0.0000,0.0000,0.0000
Burst,51.03,12,1,8,0.0450,1.8605,-1.6424,-0.8254
Burst,51.03,12,2,2,0.0113,0.0000,0.0000,0.0000
Burst,51.03,13,0,0,0.0000,0.0000,0.0000,0.0000
Burst,51.03,13,1,0,0.0000,0.0000,0.0000,0.0000
Burst,51.03,13,2,0,0.0000,0.0000,0.0000,0.0000
Burst,51.03,14,0,0,0.0000,0.0000,0.0000,0.0000
Burst,51.03,14,1,0,0.0000,0.0000,0.0000,0.0000
Burst,51.03,14,2,0,0.0000,0.0000,0.0000,0.0000
Burst,51.03,15,0,0,0.0000,0.0000,0.0000,0.0000
Burst,51.03,15,1,2,0.0113,0.8975,0.8890,-0.1231
Burst,51.03,15,2,0,0.0000,0.0000,0.0000,0.0000
Burst,51.03,16,0,0,0.0000,0.0000,0.0000,0.0000
Burst,51.03,16,1,13,0.0731,1.8933,1.8738,-0.1595
Burst,51.03,16,2,0,0.0000,0.0000,0.0000,0.0000
Burst,51.03,17,0,0,0.0000,0.0000,0.0000,0.0000
Burst,51.03,17,1,10,0.0563,1.9857,1.9511,-0.3335
Burst,51.03,17,2,0,0.0000,0.0000,0.0000,0.0000
Burst,51.03,18,0,0,0.0000,0.0000,0.0000,0.0000
Burst,51.03,18,1,11,0.0619,1.9028,1.8718,-0.1596
Burst,51.03,18,2,0,0.0000,0.0000,0.0000,0.0000
Burst,51.03,19,0,0,0.0000,0.0000,0.0000,0.0000
Burst,51.03,19,1,16,0.0900,1.7898,1.7590,-0.0995
Burst,51.03,19,2,0,0.0000,0.0000,0.0000,0.0000
Burst,51.03,20,0,0,0.0000,0.0000,0.0000,0.0000
Burst,51.03,20,1,15,0.0844,2.0758,2.0491,-0.1477
Burst,51.03,20,2,0,0.0000,0.0000,0.0000,0.0000
Burst,51.03,21,0,0,0.0000,0.0000,0.0000,0.0000
Burst,51.03,21,1,7,0.0394,2.2067,2.1901,0.0089
Burst,51.03,21,2,0,0.0000,0.0000,0.0000,0.0000
Burst,51.03,22,0,0,0.0000,0.0000,0.0000,0.0000
Burst,51.03,22,1,9,0.0506,2.3977,2.3682,-0.2594
Burst,51.03,22,2,0,0.0000,0.0000,0.0000,0.0000
Burst,51.03,23,0,0,0.0000,0.0000,0.0000,0.0000
Burst,51.03,23,1,7,0.0394,2.2777,2.2569,-0.1191
Burst,51.03,23,2,0,0.0000,0.0000,0.0000,0.0000
Burst,51.03,24,0,0,0.0000,0.0000,0.0000,0.0000
Burst,51.03,24,1,2,0.0113,2.4994,2.4775,-0.3088
Burst,51.03,24,2,0,0.0000,0.0000,0.0000,0.0000
Burst,51.03,25,0,0,0.0000,0.0000,0.0000,0.0000
Burst,51.03,25,1,1,0.0056,8.5391,7.2165,4.5649
Burst,51.03,25,2,0,0.0000,0.0000,0.0000,0.0000
Burst,51.03,26,0,0,0.0000,0.0000,0.0000,0.0000
Burst,51.03,26,1,0,0.0000,0.0000,0.0000,0.0000
Burst,51.03,26,2,0,0.0000,0.0000,0.0000,0.0000
Burst,51.03,27,0,0,0.0000,0.0000,0.0000,0.0000
Burst,51.03,27,1,0,0.0000,0.0000,0.0000,0.0000
Burst,51.03,27,2,0,0.0000,0.0000,0.0000,0.0000
Burst,51.03,28,0,0,0.0000,0.0000,0.0000,0.0000
Burst,51.03,28,1,0,0.0000,0.0000,0.0000,0.0000
Burst,51.03,28,2,0,0.0000,0.0000,0.0000,0.0000
Burst,51.03,29,0,0,0.0000,0.0000,0.0000,0.0000
Burst,51.03,29,1,0,0.0000,0.0000,0.0000,0.0000
Burst,51.03,29,2,0,0.0000,0.0000,0.0000,0.0000
Burst,51.60,0,0,0,0.0000,0.0000,0.0000,0.0000
Burst,51.60,0,1,0,0.0000,0.0000,0.0000,0.0000
Burst,51.60,0,2,0,0.0000,0.0000,0.0000,0.0000
Burst,51.60,1,0,0,0.0000,0.0000,0.0000,0.0000
Burst,51.60,1,1,0,0.0000,0.0000,0.0000,0.0000
Burst,51.60,1,2,0,0.0000,0.0000,0.0000,0.0000
Burst,51.60,2,0,0,0.0000,0.0000,0.0000,0.0000
Burst,51.60,2,1,0,0.0000,0.0000,0.0000,0.0000
Burst,51.60,2,2,0,0.0000,0.0000,0.0000,0.0000
Burst,51.60,3,0,0,0.0000,0.0000,0.0000,0.0000
Burst,51.60,3,1,0,0.0000,0.0000,0.0000,0.0000
Burst,51.60,3,2,0,0.0000,0.0000,0.0000,0.0000
Burst,51.60,4,0,0,0.0000,0.0000,0.0000,0.0000
Burst,51.60,4,1,3,0.0169,1.8852,-1.7529,-0.6107
Burst,51.60,4,2,0,0.0000,0.0000,0.0000,0.0000
Burst,51.60,5,0,0,0.0000,0.0000,0.0000,0.0000
Burst,51.60,5,1,8,0.0450,3.7366,-3.2980,0.3127
Burst,51.60,5,2,0,0.0000,0.0000,0.0000,0.0000
Burst,51.60,6,0,0,0.0000,0.0000,0.0000,0.0000
Burst,51.60,6,1,8,0.0450,2.4046,-2.2898,-0.2590
Burst,51.60,6,2,0,0.0000,0.0000,0.0000,0.0000
Burst,51.60,7,0,0,0.0000,0.0000,0.0000,0.0000
Burst,51.60,7,1,14,0.0788,1.8870,-1.8484,-0.1070
Burst,51.60,7,2,0,0.0000,0.0000,0.0000,0.0000
Burst,51.60,8,0,0,0.0000,0.0000,0.0000,0.0000
Burst,51.60,8,1,20,0.1125,1.8828,-1.8068,-0.4017
Burst,51.60,8,2,0,0.0000,0.0000,0.0000,0.0000
Burst,51.60,9,0,0,0.0000,0.0000,0.0000,0.0000
Burst,51.60,9,1,19,0.1069,1.8086,-1.6611,-0.3694
Burst,51.60,9,2,0,0.0000,0.0000,0.0000,0.0000
Burst,51.60,10,0,0,0.0000,0.0000,0.0000,0.0000
Burst,51.60,10,1,11,0.0619,1.8516,-1.8315,-0.1978
Burst,51.60,10,2,0,0.0000,0.0000,0.0000,0.0000
Burst,51.60,11,0,0,0.0000,0.0000,0.0000,0.0000
Burst,51.60,11,1,12,0.0675,2.0890,-2.0230,-0.4106
Burst,51.60,11,2,0,0.0000,0.0000,0.0000,0.0000
Burst,51.60,12,0,0,0.0000,0.0000,0.0000,0.0000
Burst,51.60,12,1,9,0.0506,1.6723,-1.4283,-0.8264
Burst,51.60,12,2,0,0.0000,0.0000,0.0000,0.0000
Burst,51.60,13,0,0,0.0000,0.0000,0.0000,0.0000
Burst,51.60,13,1,0,0.0000,0.0000,0.0000,0.0000
Burst,51.60,13,2,0,0.0000,0.0000,0.0000,0.0000
Burst,51.60,14,0,0,0.0000,0.0000,0.0000,0.0000
Burst,51.60,14,1,0,0.0000,0.0000,0.0000,0.0000
Burst,51.60,14,2,0,0.0000,0.0000,0.0000,0.0000
Burst,51.60,15,0,0,0.0000,0.0000,0.0000,0.0000
Burst,51.60,15,1,2,0.0113,1.1366,1.1365,0.0156
Burst,51.60,15,2,1,0.0056,1.8822,1.8716,0.2002
Burst,51.60,16,0,0,0.0000,0.0000,0.0000,0.0000
Burst,51.60,16,1,10,0.0563,2.0240,2.0111,-0.1153
Burst,51.60,16,2,2,0.0113,2.0447,2.0339,0.1929
Burst,51.60,17,0,0,0.0000,0.0000,0.0000,0.0000
Burst,51.60,17,1,10,0.0563,2.1182,2.0815,-0.3643
Burst,51.60,17,2,0,0.0000,0.0000,0.0000,0.0000
Burst,51.60,18,0,0,0.0000,0.0000,0.0000,0.0000
Burst,51.60,18,1,11,0.0619,2.1185,2.0935,-0.1070
Burst,51.60,18,2,0,0.0000,0.0000,0.0000,0.0000
Burst,51.60,19,0,0,0.0000,0.0000,0.0000,0.0000
Burst,51.60,19,1,16,0.0900,1.9586,1.9361,-0.0899
Burst,51.60,19,2,0,0.0000,0.0000,0.0000,0.0000
Burst,51.60,20,0,0,0.0000,0.0000,0.0000,0.0000
Burst,51.60,20,1,17,0.0956,2.0095,1.9897,-0.1242
Burst,51.60,20,2,0,0.0000,0.0000,0.0000,0.0000
Burst,51.60,21,0,0,0.0000,0.0000,0.0000,0.0000
Burst,51.60,21,1,7,0.0394,2.3603,2.3471,-0.1341
Burst,51.60,21,2,0,0.0000,0.0000,0.0000,0.0000
Burst,51.60,22,0,0,0.0000,0.0000,0.0000,0.0000
Burst,51.60,22,1,8,0.0450,2.2537,2.2157,-0.1258
Burst,51.60,22,2,0,0.0000,0.0000,0.0000,0.0000
Burst,51.60,23,0,0,0.0000,0.0000,0.0000,0.0000
Burst,51.60,23,1,7,0.0394,2.3203,2.3128,-0.1071
Burst,51.60,23,2,0,0.0000,0.0000,0.0000,0.0000
Burst,51.60,24,0,0,0.0000,0.0000,0.0000,0.0000
Burst,51.60,24,1,3,0.0169,2.4713,2.4703,0.0233
Burst,51.60,24,2,0,0.0000,0.0000,0.0000,0.0000
Burst,51.60,25,0,0,0.0000,0.0000,0.0000,0.0000
Burst,51.60,25,1,1,0.0056,2.2726,2.2206,-0.4834
Burst,51.60,25,2,0,0.0000,0.0000,0.0000,0.0000
Burst,51.60,26,0,0,0.0000,0.0000,0.0000,0.0000
Burst,51.60,26,1,0,0.0000,0.0000,0.0000,0.0000
Burst,51.60,26,2,0,0.0000,0.0000,0.0000,0.0000
Burst,51.60,27,0,0,0.0000,0.0000,0.0000,0.0000
Burst,51.60,27,1,0,0.0000,0.0000,0.0000,0.0000
Burst,51.60,27,2,0,0.0000,0.0000,0.0000,0.0000
Burst,51.60,28,0,0,0.0000,0.0000,0.0000,0.0000
Burst,51.60,28,1,0,0.0000,0.0000,0.0000,0.0000
Burst,51.60,28,2,0,0.0000,0.0000,0.0000,0.0000
Burst,51.60,29,0,0,0.0000,0.0000,0.0000,0.0000
Burst,51.60,29,1,0,0.0000,0.0000,0.0000,0.0000
Burst,51.60,29,2,0,0.0000,0.0000,0.0000,0.0000
Burst,52.19,0,0,0,0.0000,0.0000,0.0000,0.0000
Burst,52.19,0,1,0,0.0000,0.0000,0.0000,0.0000
Burst,52.19,0,2,0,0.0000,0.0000,0.0000,0.0000
Burst,52.19,1,0,0,0.0000,0.0000,0.0000,0.0000
Burst,52.19,1,1,0,0.0000,0.0000,0.0000,0.0000
Burst,52.19,1,2,0,0.0000,0.0000,0.0000,0.0000
Burst,52.19,2,0,0,0.0000,0.0000,0.0000,0.0000
Burst,52.19,2,1,0,0.0000,0.0000,0.0000,0.0000
Burst,52.19,2,2,0,0.0000,0.0000,0.0000,0.0000
Burst,52.19,3,0,0,0.0000,0.0000,0.0000,0.0000
Burst,52.19,3,1,0,0.0000,0.0000,0.0000,0.0000
Burst,52.19,3,2,0,0.0000,0.0000,0.0000,0.0000
Burst,52.19,4,0,0,0.0000,0.0000,0.0000,0.0000
Burst,52.19,4,1,4,0.0225,2.1200,-1.8682,-0.6187
Burst,52.19,4,2,0,0.0000,0.0000,0.0000,0.0000
Burst,52.19,5,0,0,0.0000,0.0000,0.0000,0.0000
Burst,52.19,5,1,7,0.0394,2.4581,-2.2772,-0.4119
Burst,52.19,5,2,0,0.0000,0.0000,0.0000,0.0000
Burst,52.19,6,0,0,0.0000,0.0000,0.0000,0.0000
Burst,52.19,6,1,9,0.0506,3.1601,-2.8959,0.3663
Burst,52.19,6,2,0,0.0000,0.0000,0.0000,0.0000
Burst,52.19,7,0,0,0.0000,0.0000,0.0000,0.0000
Burst,52.19,7,1,15,0.0844,1.8976,-1.8846,-0.0433
Burst,52.19,7,2,0,0.0000,0.0000,0.0000,0.0000
Burst,52.19,8,0,0,0.0000,0.0000,0.0000,0.0000
Burst,52.19,8,1,21,0.1181,1.8615,-1.7942,-0.3378
Burst,52.19,8,2,0,0.0000,0.0000,0.0000,0.0000
Burst,52.19,9,0,0,0.0000,0.0000,0.0000,0.0000
Burst,52.19,9,1,18,0.1013,1.7667,-1.6294,-0.3631
Burst,52.19,9,2,0,0.0000,0.0000,0.0000,0.0000
Burst,52.19,10,0,0,0.0000,0.0000,0.0000,0.0000
Burst,52.19,10,1,11,0.0619,1.8772,-1.8543,-0.1164
Burst,52.19,10,2,0,0.0000,0.0000,0.0000,0.0000
Burst,52.19,11,0,0,0.0000,0.0000,0.0000,0.0000
Burst,52.19,11,1,12,0.0675,2.0382,-1.9369,-0.4751
Burst,52.19,11,2,0,0.0000,0.0000,0.0000,0.0000
Burst,52.19,12,0,0,0.0000,0.0000,0.0000,0.0000
Burst,52.19,12,1,9,0.0506,1.5820,-1.3731,-0.7303
Burst,52.19,12,2,0,0.0000,0.0000,0.0000,0.0000
Burst,52.19,13,0,0,0.0000,0.0000,0.0000,0.0000
Burst,52.19,13,1,0,0.0000,0.0000,0.0000,0.0000
Burst,52.19,13,2,0,0.0000,0.0000,0.0000,0.0000
Burst,52.19,14,0,0,0.0000,0.0000,0.0000,0.0000
Burst,52.19,14,1,0,0.0000,0.0000,0.0000,0.0000
Burst,52.19,14,2,0,0.0000,0.0000,0.0000,0.0000
Burst,52.19,15,0,0,0.0000,0.0000,0.0000,0.0000
Burst,52.19,15,1,1,0.0056,0.0000,0.0000,0.0000
Burst,52.19,15,2,1,0.0056,0.0000,0.0000,0.0000
Burst,52.19,16,0,0,0.0000,0.0000,0.0000,0.0000
Burst,52.19,16,1,11,0.0619,2.0029,1.9846,-0.1702
Burst,52.19,16,2,3,0.0169,2.0549,2.0536,0.0372
Burst,52.19,17,0,0,0.0000,0.0000,0.0000,0.0000
Burst,52.19,17,1,9,0.0506,2.2018,2.1735,-0.3019
Burst,52.19,17,2,0,0.0000,0.0000,0.0000,0.0000
Burst,52.19,18,0,0,0.0000,0.0000,0.0000,0.0000
Burst,52.19,18,1,13,0.0731,1.9854,1.9652,-0.1559
Burst,52.19,18,2,0,0.0000,0.0000,0.0000,0.0000
Burst,52.19,19,0,0,0.0000,0.0000,0.0000,0.0000
Burst,52.19,19,1,14,0.0788,1.9436,1.9234,-0.0401
Burst,52.19,19,2,1,0.0056,1.8441,1.8343,0.1903
Burst,52.19,20,0,0,0.0000,0.0000,0.0000,0.0000
Burst,52.19,20,1,16,0.0900,1.8635,1.8370,-0.1641
Burst,52.19,20,2,0,0.0000,0.0000,0.0000,0.0000
Burst,52.19,21,0,0,0.0000,0.0000,0.0000,0.0000
Burst,52.19,21,1,8,0.0450,2.1663,2.1465,-0.1114
Burst,52.19,21,2,0,0.0000,0.0000,0.0000,0.0000
Burst,52.19,22,0,0,0.0000,0.0000,0.0000,0.0000
Burst,52.19,22,1,7,0.0394,2.3310,2.2499,-0.2620
Burst,52.19,22,2,0,0.0000,0.0000,0.0000,0.0000
Burst,52.19,23,0,0,0.0000,0.0000,0.0000,0.0000
Burst,52.19,23,1,8,0.0450,2.2450,2.2274,-0.1413
Burst,52.19,23,2,0,0.0000,0.0000,0.0000,0.0000
Burst,52.19,24,0,0,0.0000,0.0000,0.0000,0.0000
Burst,52.19,24,1,4,0.0225,2.2156,2.1838,-0.1396
Burst,52.19,24,2,0,0.0000,0.0000,0.0000,0.0000
Burst,52.19,25,0,0,0.0000,0.0000,0.0000,0.0000
Burst,52.19,25,1,1,0.0056,2.0573,2.0565,-0.0575
Burst,52.19,25,2,0,0.0000,0.0000,0.0000,0.0000
Burst,52.19,26,0,0,0.0000,0.0000,0.0000,0.0000
Burst,52.19,26,1,0,0.0000,0.0000,0.0000,0.0000
Burst,52.19,26,2,0,0.0000,0.0000,0.0000,0.0000
Burst,52.19,27,0,0,0.0000,0.0000,0.0000,0.0000
Burst,52.19,27,1,0,0.0000,0.0000,0.0000,0.0000
Burst,52.19,27,2,0,0.0000,0.0000,0.0000,0.0000
Burst,52.19,28,0,0,0.0000,0.0000,0.0000,0.0000
Burst,52.19,28,1,0,0.0000,0.0000,0.0000,0.0000
Burst,52.19,28,2,0,0.0000,0.0000,0.0000,0.0000
Burst,52.19,29,0,0,0.0000,0.0000,0.0000,0.0000
Burst,52.19,29,1,0,0.0000,0.0000,0.0000,0.0000
Burst,52.19,29,2,0,0.0000,0.0000,0.0000,0.0000
Burst,52.70,0,0,0,0.0000,0.0000,0.0000,0.0000
Burst,52.70,0,1,0,0.0000,0.0000,0.0000,0.0000
Burst,52.70,0,2,0,0.0000,0.0000,0.0000,0.0000
Burst,52.70,1,0,0,0.0000,0.0000,0.0000,0.0000
Burst,52.70,1,1,0,0.0000,0.0000,0.0000,0.0000
Burst,52.70,1,2,0,0.0000,0.0000,0.0000,0.0000
Burst,52.70,2,0,0,0.0000,0.0000,0.0000,0.0000
Burst,52.70,2,1,0,0.0000,0.0000,0.0000,0.0000
Burst,52.70,2,2,0,0.0000,0.0000,0.0000,0.0000
Burst,52.70,3,0,0,0.0000,0.0000,0.0000,0.0000
Burst,52.70,3,1,0,0.0000,0.0000,0.0000,0.0000
Burst,52.70,3,2,0,0.0000,0.0000,0.0000,0.0000
Burst,52.70,4,0,0,0.0000,0.0000,0.0000,0.0000
Burst,52.70,4,1,3,0.0169,2.2271,-1.9556,-0.7553
Burst,52.70,4,2,0,0.0000,0.0000,0.0000,0.0000
Burst,52.70,5,0,0,0.0000,0.0000,0.0000,0.0000
Burst,52.70,5,1,9,0.0506,2.5604,-2.2869,-0.2831
Burst,52.70,5,2,0,0.0000,0.0000,0.0000,0.0000
Burst,52.70,6,0,0,0.0000,0.0000,0.0000,0.0000
Burst,52.70,6,1,8,0.0450,3.2945,-2.9762,0.6197
Burst,52.70,6,2,0,0.0000,0.0000,0.0000,0.0000
Burst,52.70,7,0,0,0.0000,0.0000,0.0000,0.0000
Burst,52.70,7,1,16,0.0900,1.8861,-1.8695,-0.0175
Burst,52.70,7,2,0,0.0000,0.0000,0.0000,0.0000
Burst,52.70,8,0,0,0.0000,0.0000,0.0000,0.0000
Burst,52.70,8,1,20,0.1125,1.8664,-1.7584,-0.4481
Burst,52.70,8,2,0,0.0000,0.0000,0.0000,0.0000
Burst,52.70,9,0,0,0.0000,0.0000,0.0000,0.0000
Burst,52.70,9,1,17,0.0956,1.7615,-1.6482,-0.3302
Burst,52.70,9,2,0,0.0000,0.0000,0.0000,0.0000
Burst,52.70,10,0,0,0.0000,0.0000,0.0000,0.0000
Burst,52.70,10,1,12,0.0675,1.9245,-1.8897,-0.2962
Burst,52.70,10,2,0,0.0000,0.0000,0.0000,0.0000
Burst,52.70,11,0,0,0.0000,0.0000,0.0000,0.0000
Burst,52.70,11,1,12,0.0675,2.1366,-2.0616,-0.4521
Burst,52.70,11,2,0,0.0000,0.0000,0.0000,0.0000
Burst,52.70,12,0,0,0.0000,0.0000,0.0000,0.0000
Burst,52.70,12,1,8,0.0450,2.0001,-1.7883,-0.8091
Burst,52.70,12,2,0,0.0000,0.0000,0.0000,0.0000
Burst,52.70,13,0,0,0.0000,0.0000,0.0000,0.0000
Burst,52.70,13,1,0,0.0000,0.0000,0.0000,0.0000
Burst,52.70,13,2,0,0.0000,0.0000,0.0000,0.0000
Burst,52.70,14,0,0,0.0000,0.0000,0.0000,0.0000
Burst,52.70,14,1,0,0.0000,0.0000,0.0000,0.0000
Burst,52.70,14,2,0,0.0000,0.0000,0.0000,0.0000
Burst,52.70,15,0,0,0.0000,0.0000,0.0000,0.0000
Burst,52.70,15,1,2,0.0113,0.9341,0.9184,-0.1708
Burst,52.70,15,2,1,0.0056,2.5014,2.4887,0.2520
Burst,52.70,16,0,0,0.0000,0.0000,0.0000,0.0000
Burst,52.70,16,1,11,0.0619,2.0130,2.0011,-0.1639
Burst,52.70,16,2,2,0.0113,2.0513,2.0448,0.1213
Burst,52.70,17,0,0,0.0000,0.0000,0.0000,0.0000
Burst,52.70,17,1,9,0.0506,2.1757,2.1626,-0.1782
Burst,52.70,17,2,0,0.0000,0.0000,0.0000,0.0000
Burst,52.70,18,0,0,0.0000,0.0000,0.0000,0.0000
Burst,52.70,18,1,12,0.0675,2.0807,2.0514,-0.1600
Burst,52.70,18,2,0,0.0000,0.0000,0.0000,0.0000
Burst,52.70,19,0,0,0.0000,0.0000,0.0000,0.0000
Burst,52.70,19,1,17,0.0956,1.8444,1.8279,0.0339
Burst,52.70,19,2,0,0.0000,0.0000,0.0000,0.0000
Burst,52.70,20,0,0,0.0000,0.0000,0.0000,0.0000
Burst,52.70,20,1,16,0.0900,1.9630,1.9448,-0.0785
Burst,52.70,20,2,0,0.0000,0.0000,0.0000,0.0000
Burst,52.70,21,0,0,0.0000,0.0000,0.0000,0.0000
Burst,52.70,21,1,9,0.0506,2.0044,1.9783,-0.0846
Burst,52.70,21,2,0,0.0000,0.0000,0.0000,0.0000
Burst,52.70,22,0,0,0.0000,0.0000,0.0000,0.0000
Burst,52.70,22,1,7,0.0394,2.3076,2.2214,-0.2305
Burst,52.70,22,2,0,0.0000,0.0000,0.0000,0.0000
Burst,52.70,23,0,0,0.0000,0.0000,0.0000,0.0000
Burst,52.70,23,1,7,0.0394,2.2490,2.2340,-0.1106
Burst,52.70,23,2,0,0.0000,0.0000,0.0000,0.0000
Burst,52.70,24,0,0,0.0000,0.0000,0.0000,0.0000
Burst,52.70,24,1,5,0.0281,2.7062,2.6452,0.0789
Burst,52.70,24,2,0,0.0000,0.0000,0.0000,0.0000
Burst,52.70,25,0,0,0.0000,0.0000,0.0000,0.0000
Burst,52.70,25,1,1,0.0056,2.0333,1.8655,-0.8090
Burst,52.70,25,2,0,0.0000,0.0000,0.0000,0.0000
Burst,52.70,26,0,0,0.0000,0.0000,0.0000,0.0000
Burst,52.70,26,1,0,0.0000,0.0000,0.0000,0.0000
Burst,52.70,26,2,0,0.0000,0.0000,0.0000,0.0000
Burst,52.70,27,0,0,0.0000,0.0000,0.0000,0.0000
Burst,52.70,27,1,0,0.0000,0.0000,0.0000,0.0000
Burst,52.70,27,2,0,0.0000,0.0000,0.0000,0.0000
Burst,52.70,28,0,0,0.0000,0.0000,0.0000,0.0000
Burst,52.70,28,1,0,0.0000,0.0000,0.0000,0.0000
Burst,52.70,28,2,0,0.0000,0.0000,0.0000,0.0000
Burst,52.70,29,0,0,0.0000,0.0000,0.0000,0.0000
Burst,52.70,29,1,0,0.0000,0.0000,0.0000,0.0000
Burst,52.70,29,2,0,0.0000,0.0000,0.0000,0.0000
Burst,53.22,0,0,0,0.0000,0.0000,0.0000,0.0000
Burst,53.22,0,1,0,0.0000,0.0000,0.0000,0.0000
Burst,53.22,0,2,0,0.0000,0.0000,0.0000,0.0000
Burst,53.22,1,0,0,0.0000,0.0000,0.0000,0.0000
Burst,53.22,1,1,0,0.0000,0.0000,0.0000,0.0000
Burst,53.22,1,2,0,0.0000,0.0000,0.0000,0.0000
Burst,53.22,2,0,0,0.0000,0.0000,0.0000,0.0000
Burst,53.22,2,1,0,0.0000,0.0000,0.0000,0.0000
Burst,53.22,2,2,0,0.0000,0.0000,0.0000,0.0000
Burst,53.22,3,0,0,0.0000,0.0000,0.0000,0.0000
Burst,53.22,3,1,0,0.0000,0.0000,0.0000,0.0000
Burst,53.22,3,2,0,0.0000,0.0000,0.0000,0.0000
Burst,53.22,4,0,0,0.0000,0.0000,0.0000,0.0000
Burst,53.22,4,1,2,0.0113,2.1615,-1.8761,-0.8705
Burst,53.22,4,2,0,0.0000,0.0000,0.0000,0.0000
Burst,53.22,5,0,0,0.0000,0.0000,0.0000,0.0000
Burst,53.22,5,1,10,0.0563,2.8627,-2.5503,0.0607
Burst,53.22,5,2,0,0.0000,0.0000,0.0000,0.0000
Burst,53.22,6,0,0,0.0000,0.0000,0.0000,0.0000
Burst,53.22,6,1,8,0.0450,2.1205,-2.0715,-0.3529
Burst,53.22,6,2,0,0.0000,0.0000,0.0000,0.0000
Burst,53.22,7,0,0,0.0000,0.0000,0.0000,0.0000
Burst,53.22,7,1,15,0.0844,1.8022,-1.7605,-0.1261
Burst,53.22,7,2,0,0.0000,0.0000,0.0000,0.0000
Burst,53.22,8,0,0,0.0000,0.0000,0.0000,0.0000
Burst,53.22,8,1,21,0.1181,1.7967,-1.7187,-0.3219
Burst,53.22,8,2,0,0.0000,0.0000,0.0000,0.0000
Burst,53.22,9,0,0,0.0000,0.0000,0.0000,0.0000
Burst,53.22,9,1,18,0.1013,1.7239,-1.6010,-0.3857
Burst,53.22,9,2,1,0.0056,0.0000,0.0000,0.0000
Burst,53.22,10,0,0,0.0000,0.0000,0.0000,0.0000
Burst,53.22,10,1,11,0.0619,1.9951,-1.9753,-0.1459
Burst,53.22,10,2,0,0.0000,0.0000,0.0000,0.0000
Burst,53.22,11,0,0,0.0000,0.0000,0.0000,0.0000
Burst,53.22,11,1,12,0.0675,2.1403,-2.0989,-0.3457
Burst,53.22,11,2,0,0.0000,0.0000,0.0000,0.0000
Burst,53.22,12,0,0,0.0000,0.0000,0.0000,0.0000
Burst,53.22,12,1,8,0.0450,1.6855,-1.4926,-0.7095
Burst,53.22,12,2,0,0.0000,0.0000,0.0000,0.0000
Burst,53.22,13,0,0,0.0000,0.0000,0.0000,0.0000
Burst,53.22,13,1,0,0.0000,0.0000,0.0000,0.0000
Burst,53.22,13,2,0,0.0000,0.0000,0.0000,0.0000
Burst,53.22,14,0,0,0.0000,0.0000,0.0000,0.0000
Burst,53.22,14,1,0,0.0000,0.0000,0.0000,0.0000
Burst,53.22,14,2,0,0.0000,0.0000,0.0000,0.0000
Burst,53.22,15,0,0,0.0000,0.0000,0.0000,0.0000
Burst,53.22,15,1,2,0.0113,1.1542,1.1511,0.0843
Burst,53.22,15,2,0,0.0000,0.0000,0.0000,0.0000
Burst,53.22,16,0,0,0.0000,0.0000,0.0000,0.0000
Burst,53.22,16,1,11,0.0619,2.0213,2.0133,-0.0574
Burst,53.22,16,2,3,0.0169,2.0469,2.0446,0.0593
Burst,53.22,17,0,0,0.0000,0.0000,0.0000,0.0000
Burst,53.22,17,1,10,0.0563,1.9241,1.9054,-0.2324
Burst,53.22,17,2,0,0.0000,0.0000,0.0000,0.0000
Burst,53.22,18,0,0,0.0000,0.0000,0.0000,0.0000
Burst,53.22,18,1,11,0.0619,2.0773,2.0613,-0.1683
Burst,53.22,18,2,0,0.0000,0.0000,0.0000,0.0000
Burst,53.22,19,0,0,0.0000,0.0000,0.0000,0.0000
Burst,53.22,19,1,18,0.1013,1.7318,1.7161,0.0094
Burst,53.22,19,2,0,0.0000,0.0000,0.0000,0.0000
Burst,53.22,20,0,0,0.0000,0.0000,0.0000,0.0000
Burst,53.22,20,1,16,0.0900,1.9857,1.9675,-0.1273
Burst,53.22,20,2,0,0.0000,0.0000,0.0000,0.0000
Burst,53.22,21,0,0,0.0000,0.0000,0.0000,0.0000
Burst,53.22,21,1,9,0.0506,2.1867,2.1320,-0.1407
Burst,53.22,21,2,0,0.0000,0.0000,0.0000,0.0000
Burst,53.22,22,0,0,0.0000,0.0000,0.0000,0.0000
Burst,53.22,22,1,7,0.0394,2.4846,2.4310,0.0578
Burst,53.22,22,2,0,0.0000,0.0000,0.0000,0.0000
Burst,53.22,23,0,0,0.0000,0.0000,0.0000,0.0000
Burst,53.22,23,1,8,0.0450,2.2686,2.2457,0.0021
Burst,53.22,23,2,0,0.0000,0.0000,0.0000,0.0000
Burst,53.22,24,0,0,0.0000,0.0000,0.0000,0.0000
Burst,53.22,24,1,4,0.0225,2.7377,2.6851,0.3564
Burst,53.22,24,2,0,0.0000,0.0000,0.0000,0.0000
Burst,53.22,25,0,0,0.0000,0.0000,0.0000,0.0000
Burst,53.22,25,1,2,0.0113,6.8275,5.4461,3.0825
Burst,53.22,25,2,0,0.0000,0.0000,0.0000,0.0000
Burst,53.22,26,0,0,0.0000,0.0000,0.0000,0.0000
Burst,53.22,26,1,0,0.0000,0.0000,0.0000,0.0000
Burst,53.22,26,2,0,0.0000,0.0000,0.0000,0.0000
Burst,53.22,27,0,0,0.0000,0.0000,0.0000,0.0000
Burst,53.22,27,1,0,0.0000,0.0000,0.0000,0.0000
Burst,53.22,27,2,0,0.0000,0.0000,0.0000,0.0000
Burst,53.22,28,0,0,0.0000,0.0000,0.0000,0.0000
Burst,53.22,28,1,0,0.0000,0.0000,0.0000,0.0000
Burst,53.22,28,2,0,0.0000,0.0000,0.0000,0.0000
Burst,53.22,29,0,0,0.0000,0.0000,0.0000,0.0000
Burst,53.22,29,1,0,0.0000,0.0000,0.0000,0.0000
Burst,53.22,29,2,0,0.0000,0.0000,0.0000,0.0000
Burst,53.74,0,0,0,0.0000,0.0000,0.0000,0.0000
Burst,53.74,0,1,0,0.0000,0.0000,0.0000,0.0000
Burst,53.74,0,2,0,0.0000,0.0000,0.0000,0.0000
Burst,53.74,1,0,0,0.0000,0.0000,0.0000,0.0000
Burst,53.74,1,1,0,0.0000,0.0000,0.0000,0.0000
Burst,53.74,1,2,0,0.0000,0.0000,0.0000,0.0000
Burst,53.74,2,0,0,0.0000,0.0000,0.0000,0.0000
Burst,53.74,2,1,0,0.0000,0.0000,0.0000,0.0000
Burst,53.74,2,2,0,0.0000,0.0000,0.0000,0.0000
Burst,53.74,3,0,0,0.0000,0.0000,0.0000,0.0000
Burst,53.74,3,1,0,0.0000,0.0000,0.0000,0.0000
Burst,53.74,3,2,0,0.0000,0.0000,0.0000,0.0000
Burst,53.74,4,0,0,0.0000,0.0000,0.0000,0.0000
Burst,53.74,4,1,3,0.0169,1.9346,-1.6942,-0.7654
Burst,53.74,4,2,0,0.0000,0.0000,0.0000,0.0000
Burst,53.74,5,0,0,0.0000,0.0000,0.0000,0.0000
Burst,53.74,5,1,10,0.0563,2.1181,-1.9144,-0.2694
Burst,53.74,5,2,0,0.0000,0.0000,0.0000,0.0000
Burst,53.74,6,0,0,0.0000,0.0000,0.0000,0.0000
Burst,53.74,6,1,8,0.0450,1.8378,-1.7712,-0.3103
Burst,53.74,6,2,0,0.0000,0.0000,0.0000,0.0000
Burst,53.74,7,0,0,0.0000,0.0000,0.0000,0.0000
Burst,53.74,7,1,15,0.0844,1.7003,-1.6629,-0.1026
Burst,53.74,7,2,0,0.0000,0.0000,0.0000,0.0000
Burst,53.74,8,0,0,0.0000,0.0000,0.0000,0.0000
Burst,53.74,8,1,21,0.1181,1.7217,-1.6174,-0.3953
Burst,53.74,8,2,0,0.0000,0.0000,0.0000,0.0000
Burst,53.74,9,0,0,0.0000,0.0000,0.0000,0.0000
Burst,53.74,9,1,17,0.0956,1.7436,-1.6295,-0.3389
Burst,53.74,9,2,1,0.0056,1.6036,-1.5243,-0.4978
Burst,53.74,10,0,0,0.0000,0.0000,0.0000,0.0000
Burst,53.74,10,1,12,0.0675,1.8411,-1.8301,-0.0687
Burst,53.74,10,2,0,0.0000,0.0000,0.0000,0.0000
Burst,53.74,11,0,0,0.0000,0.0000,0.0000,0.0000
Burst,53.74,11,1,13,0.0731,2.0194,-1.9419,-0.4549
Burst,53.74,11,2,0,0.0000,0.0000,0.0000,0.0000
Burst,53.74,12,0,0,0.0000,0.0000,0.0000,0.0000
Burst,53.74,12,1,7,0.0394,1.6106,-1.3900,-0.8037
Burst,53.74,12,2,0,0.0000,0.0000,0.0000,0.0000
Burst,53.74,13,0,0,0.0000,0.0000,0.0000,0.0000
Burst,53.74,13,1,0,0.0000,0.0000,0.0000,0.0000
Burst,53.74,13,2,0,0.0000,0.0000,0.0000,0.0000
Burst,53.74,14,0,0,0.0000,0.0000,0.0000,0.0000
Burst,53.74,14,1,0,0.0000,0.0000,0.0000,0.0000
Burst,53.74,14,2,0,0.0000,0.0000,0.0000,0.0000
Burst,53.74,15,0,0,0.0000,0.0000,0.0000,0.0000
Burst,53.74,15,1,2,0.0113,1.1073,1.0836,-0.2275
Burst,53.74,15,2,1,0.0056,0.0000,0.0000,0.0000
Burst,53.74,16,0,0,0.0000,0.0000,0.0000,0.0000
Burst,53.74,16,1,11,0.0619,1.9061,1.8911,-0.1395
Burst,53.74,16,2,3,0.0169,1.7421,1.7175,0.1071
Burst,53.74,17,0,0,0.0000,0.0000,0.0000,0.0000
Burst,53.74,17,1,10,0.0563,1.9970,1.9766,-0.2511
Burst,53.74,17,2,0,0.0000,0.0000,0.0000,0.0000
Burst,53.74,18,0,0,0.0000,0.0000,0.0000,0.0000
Burst,53.74,18,1,12,0.0675,1.9839,1.9464,-0.2007
Burst,53.74,18,2,0,0.0000,0.0000,0.0000,0.0000
Burst,53.74,19,0,0,0.0000,0.0000,0.0000,0.0000
Burst,53.74,19,1,18,0.1013,1.6887,1.6734,0.1018
Burst,53.74,19,2,0,0.0000,0.0000,0.0000,0.0000
Burst,53.74,20,0,0,0.0000,0.0000,0.0000,0.0000
Burst,53.74,20,1,16,0.0900,1.8642,1.8490,-0.1467
Burst,53.74,20,2,0,0.0000,0.0000,0.0000,0.0000
Burst,53.74,21,0,0,0.0000,0.0000,0.0000,0.0000
Burst,53.74,21,1,10,0.0563,2.1414,2.0970,-0.2987
Burst,53.74,21,2,0,0.0000,0.0000,0.0000,0.0000
Burst,53.74,22,0,0,0.0000,0.0000,0.0000,0.0000
Burst,53.74,22,1,7,0.0394,2.0562,2.0300,-0.1414
Burst,53.74,22,2,0,0.0000,0.0000,0.0000,0.0000
Burst,53.74,23,0,0,0.0000,0.0000,0.0000,0.0000
Burst,53.74,23,1,8,0.0450,2.2741,2.2558,-0.0431
Burst,53.74,23,2,0,0.0000,0.0000,0.0000,0.0000
Burst,53.74,24,0,0,0.0000,0.0000,0.0000,0.0000
Burst,53.74,24,1,3,0.0169,2.2852,2.2802,0.1312
Burst,53.74,24,2,0,0.0000,0.0000,0.0000,0.0000
Burst,53.74,25,0,0,0.0000,0.0000,0.0000,0.0000
Burst,53.74,25,1,3,0.0169,6.9436,5.7649,3.0487
Burst,53.74,25,2,0,0.0000,0.0000,0.0000,0.0000
Burst,53.74,26,0,0,0.0000,0.0000,0.0000,0.0000
Burst,53.74,26,1,0,0.0000,0.0000,0.0000,0.0000
Burst,53.74,26,2,0,0.0000,0.0000,0.0000,0.0000
Burst,53.74,27,0,0,0.0000,0.0000,0.0000,0.0000
Burst,53.74,27,1,0,0.0000,0.0000,0.0000,0.0000
Burst,53.74,27,2,0,0.0000,0.0000,0.0000,0.0000
Burst,53.74,28,0,0,0.0000,0.0000,0.0000,0.0000
Burst,53.74,28,1,0,0.0000,0.0000,0.0000,0.0000
Burst,53.74,28,2,0,0.0000,0.0000,0.0000,0.0000
Burst,53.74,29,0,0,0.0000,0.0000,0.0000,0.0000
Burst,53.74,29,1,0,0.0000,0.0000,0.0000,0.0000
Burst,53.74,29,2,0,0.0000,0.0000,0.0000,0.0000
Burst,54.32,0,0,0,0.0000,0.0000,0.0000,0.0000
Burst,54.32,0,1,0,0.0000,0.0000,0.0000,0.0000
Burst,54.32,0,2,0,0.0000,0.0000,0.0000,0.0000
Burst,54.32,1,0,0,0.0000,0.0000,0.0000,0.0000
Burst,54.32,1,1,0,0.0000,0.0000,0.0000,0.0000
Burst,54.32,1,2,0,0.0000,0.0000,0.0000,0.0000
Burst,54.32,2,0,0,0.0000,0.0000,0.0000,0.0000
Burst,54.32,2,1,0,0.0000,0.0000,0.0000,0.0000
Burst,54.32,2,2,0,0.0000,0.0000,0.0000,0.0000
Burst,54.32,3,0,0,0.0000,0.0000,0.0000,0.0000
Burst,54.32,3,1,0,0.0000,0.0000,0.0000,0.0000
Burst,54.32,3,2,0,0.0000,0.0000,0.0000,0.0000
Burst,54.32,4,0,0,0.0000,0.0000,0.0000,0.0000
Burst,54.32,4,1,2,0.0113,2.1098,-1.9787,-0.6718
Burst,54.32,4,2,0,0.0000,0.0000,0.0000,0.0000
Burst,54.32,5,0,0,0.0000,0.0000,0.0000,0.0000
Burst,54.32,5,1,10,0.0563,2.1813,-1.9725,-0.3209
Burst,54.32,5,2,0,0.0000,0.0000,0.0000,0.0000
Burst,54.32,6,0,0,0.0000,0.0000,0.0000,0.0000
Burst,54.32,6,1,9,0.0506,2.0616,-2.0080,-0.2678
Burst,54.32,6,2,0,0.0000,0.0000,0.0000,0.0000
Burst,54.32,7,0,0,0.0000,0.0000,0.0000,0.0000
Burst,54.32,7,1,15,0.0844,1.7859,-1.7420,-0.2017
Burst,54.32,7,2,0,0.0000,0.0000,0.0000,0.0000
Burst,54.32,8,0,0,0.0000,0.0000,0.0000,0.0000
Burst,54.32,8,1,24,0.1350,1.8280,-1.6957,-0.5106
Burst,54.32,8,2,0,0.0000,0.0000,0.0000,0.0000
Burst,54.32,9,0,0,0.0000,0.0000,0.0000,0.0000
Burst,54.32,9,1,16,0.0900,1.8053,-1.6952,-0.2853
Burst,54.32,9,2,0,0.0000,0.0000,0.0000,0.0000
Burst,54.32,10,0,0,0.0000,0.0000,0.0000,0.0000
Burst,54.32,10,1,12,0.0675,2.0136,-1.9828,-0.2001
Burst,54.32,10,2,0,0.0000,0.0000,0.0000,0.0000
Burst,54.32,11,0,0,0.0000,0.0000,0.0000,0.0000
Burst,54.32,11,1,12,0.0675,2.1965,-2.1121,-0.5504
Burst,54.32,11,2,0,0.0000,0.0000,0.0000,0.0000
Burst,54.32,12,0,0,0.0000,0.0000,0.0000,0.0000
Burst,54.32,12,1,9,0.0506,1.5685,-1.4145,-0.6551
Burst,54.32,12,2,0,0.0000,0.0000,0.0000,0.0000
Burst,54.32,13,0,0,0.0000,0.0000,0.0000,0.0000
Burst,54.32,13,1,0,0.0000,0.0000,0.0000,0.0000
Burst,54.32,13,2,0,0.0000,0.0000,0.0000,0.0000
Burst,54.32,14,0,0,0.0000,0.0000,0.0000,0.0000
Burst,54.32,14,1,0,0.0000,0.0000,0.0000,0.0000
Burst,54.32,14,2,0,0.0000,0.0000,0.0000,0.0000
Burst,54.32,15,0,0,0.0000,0.0000,0.0000,0.0000
Burst,54.32,15,1,2,0.0113,1.1404,1.1389,-0.0590
Burst,54.32,15,2,1,0.0056,2.0045,1.9995,0.1419
Burst,54.32,16,0,0,0.0000,0.0000,0.0000,0.0000
Burst,54.32,16,1,12,0.0675,2.2158,2.1934,-0.2021
Burst,54.32,16,2,1,0.0056,1.7611,1.7603,0.0505
Burst,54.32,17,0,0,0.0000,0.0000,0.0000,0.0000
Burst,54.32,17,1,10,0.0563,2.0794,2.0406,-0.3751
Burst,54.32,17,2,0,0.0000,0.0000,0.0000,0.0000
Burst,54.32,18,0,0,0.0000,0.0000,0.0000,0.0000
Burst,54.32,18,1,10,0.0563,2.1394,2.1226,-0.1616
Burst,54.32,18,2,0,0.0000,0.0000,0.0000,0.0000
Burst,54.32,19,0,0,0.0000,0.0000,0.0000,0.0000
Burst,54.32,19,1,19,0.1069,1.7787,1.7586,0.0742
Burst,54.32,19,2,1,0.0056,1.9213,1.9053,0.2470
Burst,54.32,20,0,0,0.0000,0.0000,0.0000,0.0000
Burst,54.32,20,1,17,0.0956,1.9055,1.8815,-0.0376
Burst,54.32,20,2,0,0.0000,0.0000,0.0000,0.0000
Burst,54.32,21,0,0,0.0000,0.0000,0.0000,0.0000
Burst,54.32,21,1,9,0.0506,2.1641,2.1190,-0.3454
Burst,54.32,21,2,0,0.0000,0.0000,0.0000,0.0000
Burst,54.32,22,0,0,0.0000,0.0000,0.0000,0.0000
Burst,54.32,22,1,8,0.0450,2.3717,2.3231,-0.0591
Burst,54.32,22,2,0,0.0000,0.0000,0.0000,0.0000
Burst,54.32,23,0,0,0.0000,0.0000,0.0000,0.0000
Burst,54.32,23,1,9,0.0506,2.3891,2.3632,0.0277
Burst,54.32,23,2,0,0.0000,0.0000,0.0000,0.0000
Burst,54.32,24,0,0,0.0000,0.0000,0.0000,0.0000
Burst,54.32,24,1,3,0.0169,2.4505,2.4396,0.1116
Burst,54.32,24,2,0,0.0000,0.0000,0.0000,0.0000
Burst,54.32,25,0,0,0.0000,0.0000,0.0000,0.0000
Burst,54.32,25,1,3,0.0169,3.6728,3.1879,0.3871
Burst,54.32,25,2,0,0.0000,0.0000,0.0000,0.0000
Burst,54.32,26,0,0,0.0000,0.0000,0.0000,0.0000
Burst,54.32,26,1,0,0.0000,0.0000,0.0000,0.0000
Burst,54.32,26,2,0,0.0000,0.0000,0.0000,0.0000
Burst,54.32,27,0,0,0.0000,0.0000,0.0000,0.0000
Burst,54.32,27,1,0,0.0000,0.0000,0.0000,0.0000
Burst,54.32,27,2,0,0.0000,0.0000,0.0000,0.0000
Burst,54.32,28,0,0,0.0000,0.0000,0.0000,0.0000
Burst,54.32,28,1,0,0.0000,0.0000,0.0000,0.0000
Burst,54.32,28,2,0,0.0000,0.0000,0.0000,0.0000
Burst,54.32,29,0,0,0.0000,0.0000,0.0000,0.0000
Burst,54.32,29,1,0,0.0000,0.0000,0.0000,0.0000
Burst,54.32,29,2,0,0.0000,0.0000,0.0000,0.0000
Burst,54.82,0,0,0,0.0000,0.0000,0.0000,0.0000
Burst,54.82,0,1,0,0.0000,0.0000,0.0000,0.0000
Burst,54.82,0,2,0,0.0000,0.0000,0.0000,0.0000
Burst,54.82,1,0,0,0.0000,0.0000,0.0000,0.0000
Burst,54.82,1,1,0,0.0000,0.0000,0.0000,0.0000
Burst,54.82,1,2,0,0.0000,0.0000,0.0000,0.0000
Burst,54.82,2,0,0,0.0000,0.0000,0.0000,0.0000
Burst,54.82,2,1,0,0.0000,0.0000,0.0000,0.0000
Burst,54.82,2,2,0,0.0000,0.0000,0.0000,0.0000
Burst,54.82,3,0,0,0.0000,0.0000,0.0000,0.0000
Burst,54.82,3,1,0,0.0000,0.0000,0.0000,0.0000
Burst,54.82,3,2,0,0.0000,0.0000,0.0000,0.0000
Burst,54.82,4,0,0,0.0000,0.0000,0.0000,0.0000
Burst,54.82,4,1,3,0.0169,2.0154,-1.9513,-0.2517
Burst,54.82,4,2,0,0.0000,0.0000,0.0000,0.0000
Burst,54.82,5,0,0,0.0000,0.0000,0.0000,0.0000
Burst,54.82,5,1,9,0.0506,1.9859,-1.6867,-0.5333
Burst,54.82,5,2,0,0.0000,0.0000,0.0000,0.0000
Burst,54.82,6,0,0,0.0000,0.0000,0.0000,0.0000
Burst,54.82,6,1,10,0.0563,1.9381,-1.8685,-0.2434
Burst,54.82,6,2,0,0.0000,0.0000,0.0000,0.0000
Burst,54.82,7,0,0,0.0000,0.0000,0.0000,0.0000
Burst,54.82,7,1,15,0.0844,1.8312,-1.7747,-0.2662
Burst,54.82,7,2,0,0.0000,0.0000,0.0000,0.0000
Burst,54.82,8,0,0,0.0000,0.0000,0.0000,0.0000
Burst,54.82,8,1,25,0.1406,1.8222,-1.7147,-0.4469
Burst,54.82,8,2,0,0.0000,0.0000,0.0000,0.0000
Burst,54.82,9,0,0,0.0000,0.0000,0.0000,0.0000
Burst,54.82,9,1,15,0.0844,1.8284,-1.7120,-0.3959
Burst,54.82,9,2,0,0.0000,0.0000,0.0000,0.0000
Burst,54.82,10,0,0,0.0000,0.0000,0.0000,0.0000
Burst,54.82,10,1,12,0.0675,1.8718,-1.8428,-0.2688
Burst,54.82,10,2,0,0.0000,0.0000,0.0000,0.0000
Burst,54.82,11,0,0,0.0000,0.0000,0.0000,0.0000
Burst,54.82,11,1,12,0.0675,2.0900,-2.0217,-0.4176
Burst,54.82,11,2,0,0.0000,0.0000,0.0000,0.0000
Burst,54.82,12,0,0,0.0000,0.0000,0.0000,0.0000
Burst,54.82,12,1,8,0.0450,1.9861,-1.8356,-0.7347
Burst,54.82,12,2,1,0.0056,0.0000,0.0000,0.0000
Burst,54.82,13,0,0,0.0000,0.0000,0.0000,0.0000
Burst,54.82,13,1,0,0.0000,0.0000,0.0000,0.0000
Burst,54.82,13,2,0,0.0000,0.0000,0.0000,0.0000
Burst,54.82,14,0,0,0.0000,0.0000,0.0000,0.0000
Burst,54.82,14,1,0,0.0000,0.0000,0.0000,0.0000
Burst,54.82,14,2,0,0.0000,0.0000,0.0000,0.0000
Burst,54.82,15,0,0,0.0000,0.0000,0.0000,0.0000
Burst,54.82,15,1,2,0.0113,0.9221,0.9221,0.0075
Burst,54.82,15,2,0,0.0000,0.0000,0.0000,0.0000
Burst,54.82,16,0,0,0.0000,0.0000,0.0000,0.0000
Burst,54.82,16,1,11,0.0619,2.1178,2.1015,-0.1237
Burst,54.82,16,2,1,0.0056,2.1936,2.1754,0.2815
Burst,54.82,17,0,0,0.0000,0.0000,0.0000,0.0000
Burst,54.82,17,1,11,0.0619,2.0773,2.0449,-0.3086
Burst,54.82,17,2,0,0.0000,0.0000,0.0000,0.0000
Burst,54.82,18,0,0,0.0000,0.0000,0.0000,0.0000
Burst,54.82,18,1,11,0.0619,2.0689,2.0535,-0.1324
Burst,54.82,18,2,0,0.0000,0.0000,0.0000,0.0000
Burst,54.82,19,0,0,0.0000,0.0000,0.0000,0.0000
Burst,54.82,19,1,19,0.1069,1.8772,1.8626,0.0196
Burst,54.82,19,2,1,0.0056,1.8707,1.8591,0.2085
Burst,54.82,20,0,0,0.0000,0.0000,0.0000,0.0000
Burst,54.82,20,1,16,0.0900,1.7825,1.7578,-0.0573
Burst,54.82,20,2,0,0.0000,0.0000,0.0000,0.0000
Burst,54.82,21,0,0,0.0000,0.0000,0.0000,0.0000
Burst,54.82,21,1,10,0.0563,2.2522,2.2317,-0.1501
Burst,54.82,21,2,0,0.0000,0.0000,0.0000,0.0000
Burst,54.82,22,0,0,0.0000,0.0000,0.0000,0.0000
Burst,54.82,22,1,7,0.0394,2.3022,2.2677,-0.0424
Burst,54.82,22,2,0,0.0000,0.0000,0.0000,0.0000
Burst,54.82,23,0,0,0.0000,0.0000,0.0000,0.0000
Burst,54.82,23,1,8,0.0450,2.2640,2.2438,-0.1606
Burst,54.82,23,2,0,0.0000,0.0000,0.0000,0.0000
Burst,54.82,24,0,0,0.0000,0.0000,0.0000,0.0000
Burst,54.82,24,1,5,0.0281,2.3874,2.3659,0.2177
Burst,54.82,24,2,0,0.0000,0.0000,0.0000,0.0000
Burst,54.82,25,0,0,0.0000,0.0000,0.0000,0.0000
Burst,54.82,25,1,2,0.0113,1.7782,1.7196,-0.4390
Burst,54.82,25,2,0,0.0000,0.0000,0.0000,0.0000
Burst,54.82,26,0,0,0.0000,0.0000,0.0000,0.0000
Burst,54.82,26,1,1,0.0056,2.6084,2.3407,-1.1511
Burst,54.82,26,2,0,0.0000,0.0000,0.0000,0.0000
Burst,54.82,27,0,0,0.0000,0.0000,0.0000,0.0000
Burst,54.82,27,1,0,0.0000,0.0000,0.0000,0.0000
Burst,54.82,27,2,0,0.0000,0.0000,0.0000,0.0000
Burst,54.82,28,0,0,0.0000,0.0000,0.0000,0.0000
Burst,54.82,28,1,0,0.0000,0.0000,0.0000,0.0000
Burst,54.82,28,2,0,0.0000,0.0000,0.0000,0.0000
Burst,54.82,29,0,0,0.0000,0.0000,0.0000,0.0000
Burst,54.82,29,1,0,0.0000,0.0000,0.0000,0.0000
Burst,54.82,29,2,0,0.0000,0.0000,0.0000,0.0000
Burst,55.33,0,0,0,0.0000,0.0000,0.0000,0.0000
Burst,55.33,0,1,0,0.0000,0.0000,0.0000,0.0000
Burst,55.33,0,2,0,0.0000,0.0000,0.0000,0.0000
Burst,55.33,1,0,0,0.0000,0.0000,0.0000,0.0000
Burst,55.33,1,1,0,0.0000,0.0000,0.0000,0.0000
Burst,55.33,1,2,0,0.0000,0.0000,0.0000,0.0000
Burst,55.33,2,0,0,0.0000,0.0000,0.0000,0.0000
Burst,55.33,2,1,0,0.0000,0.0000,0.0000,0.0000
Burst,55.33,2,2,0,0.0000,0.0000,0.0000,0.0000
Burst,55.33,3,0,0,0.0000,0.0000,0.0000,0.0000
Burst,55.33,3,1,0,0.0000,0.0000,0.0000,0.0000
Burst,55.33,3,2,0,0.0000,0.0000,0.0000,0.0000
Burst,55.33,4,0,0,0.0000,0.0000,0.0000,0.0000
Burst,55.33,4,1,2,0.0113,2.0589,-2.0405,-0.1004
Burst,55.33,4,2,0,0.0000,0.0000,0.0000,0.0000
Burst,55.33,5,0,0,0.0000,0.0000,0.0000,0.0000
Burst,55.33,5,1,9,0.0506,2.1475,-1.9265,-0.4725
Burst,55.33,5,2,0,0.0000,0.0000,0.0000,0.0000
Burst,55.33,6,0,0,0.0000,0.0000,0.0000,0.0000
Burst,55.33,6,1,11,0.0619,2.5540,-2.3468,-0.0161
Burst,55.33,6,2,0,0.0000,0.0000,0.0000,0.0000
Burst,55.33,7,0,0,0.0000,0.0000,0.0000,0.0000
Burst,55.33,7,1,16,0.0900,1.7387,-1.6850,-0.2261
Burst,55.33,7,2,0,0.0000,0.0000,0.0000,0.0000
Burst,55.33,8,0,0,0.0000,0.0000,0.0000,0.0000
Burst,55.33,8,1,24,0.1350,1.7840,-1.6629,-0.4855
Burst,55.33,8,2,0,0.0000,0.0000,0.0000,0.0000
Burst,55.33,9,0,0,0.0000,0.0000,0.0000,0.0000
Burst,55.33,9,1,16,0.0900,1.7965,-1.7074,-0.3507
Burst,55.33,9,2,0,0.0000,0.0000,0.0000,0.0000
Burst,55.33,10,0,0,0.0000,0.0000,0.0000,0.0000
Burst,55.33,10,1,12,0.0675,1.9174,-1.9009,-0.2065
Burst,55.33,10,2,0,0.0000,0.0000,0.0000,0.0000
Burst,55.33,11,0,0,0.0000,0.0000,0.0000,0.0000
Burst,55.33,11,1,11,0.0619,2.0316,-1.9362,-0.5539
Burst,55.33,11,2,0,0.0000,0.0000,0.0000,0.0000
Burst,55.33,12,0,0,0.0000,0.0000,0.0000,0.0000
Burst,55.33,12,1,10,0.0563,1.9052,-1.7484,-0.7068
Burst,55.33,12,2,0,0.0000,0.0000,0.0000,0.0000
Burst,55.33,13,0,0,0.0000,0.0000,0.0000,0.0000
Burst,55.33,13,1,0,0.0000,0.0000,0.0000,0.0000
Burst,55.33,13,2,0,0.0000,0.0000,0.0000,0.0000
Burst,55.33,14,0,0,0.0000,0.0000,0.0000,0.0000
Burst,55.33,14,1,0,0.0000,0.0000,0.0000,0.0000
Burst,55.33,14,2,0,0.0000,0.0000,0.0000,0.0000
Burst,55.33,15,0,0,0.0000,0.0000,0.0000,0.0000
Burst,55.33,15,1,0,0.0000,0.0000,0.0000,0.0000
Burst,55.33,15,2,1,0.0056,1.6388,1.5851,0.4157
Burst,55.33,16,0,0,0.0000,0.0000,0.0000,0.0000
Burst,55.33,16,1,12,0.0675,2.1048,2.0937,-0.0833
Burst,55.33,16,2,1,0.0056,2.6328,2.6234,-0.2221
Burst,55.33,17,0,0,0.0000,0.0000,0.0000,0.0000
Burst,55.33,17,1,10,0.0563,1.9793,1.9616,-0.2106
Burst,55.33,17,2,0,0.0000,0.0000,0.0000,0.0000
Burst,55.33,18,0,0,0.0000,0.0000,0.0000,0.0000
Burst,55.33,18,1,12,0.0675,2.0486,2.0388,-0.0263
Burst,55.33,18,2,0,0.0000,0.0000,0.0000,0.0000
Burst,55.33,19,0,0,0.0000,0.0000,0.0000,0.0000
Burst,55.33,19,1,18,0.1013,1.7953,1.7874,-0.0916
Burst,55.33,19,2,1,0.0056,1.3933,1.3699,-0.2540
Burst,55.33,20,0,0,0.0000,0.0000,0.0000,0.0000
Burst,55.33,20,1,16,0.0900,1.8903,1.8567,-0.1807
Burst,55.33,20,2,0,0.0000,0.0000,0.0000,0.0000
Burst,55.33,21,0,0,0.0000,0.0000,0.0000,0.0000
Burst,55.33,21,1,12,0.0675,2.0934,2.0728,-0.1581
Burst,55.33,21,2,0,0.0000,0.0000,0.0000,0.0000
Burst,55.33,22,0,0,0.0000,0.0000,0.0000,0.0000
Burst,55.33,22,1,7,0.0394,2.2338,2.1981,-0.2238
Burst,55.33,22,2,0,0.0000,0.0000,0.0000,0.0000
Burst,55.33,23,0,0,0.0000,0.0000,0.0000,0.0000
Burst,55.33,23,1,7,0.0394,2.1472,2.1023,-0.2529
Burst,55.33,23,2,0,0.0000,0.0000,0.0000,0.0000
Burst,55.33,24,0,0,0.0000,0.0000,0.0000,0.0000
Burst,55.33,24,1,6,0.0338,2.4066,2.3883,0.2186
Burst,55.33,24,2,0,0.0000,0.0000,0.0000,0.0000
Burst,55.33,25,0,0,0.0000,0.0000,0.0000,0.0000
Burst,55.33,25,1,2,0.0113,1.7826,1.6756,-0.6030
Burst,55.33,25,2,0,0.0000,0.0000,0.0000,0.0000
Burst,55.33,26,0,0,0.0000,0.0000,0.0000,0.0000
Burst,55.33,26,1,1,0.0056,2.7046,2.3876,-1.2704
Burst,55.33,26,2,0,0.0000,0.0000,0.0000,0.0000
Burst,55.33,27,0,0,0.0000,0.0000,0.0000,0.0000
Burst,55.33,27,1,0,0.0000,0.0000,0.0000,0.0000
Burst,55.33,27,2,0,0.0000,0.0000,0.0000,0.0000
Burst,55.33,28,0,0,0.0000,0.0000,0.0000,0.0000
Burst,55.33,28,1,0,0.0000,0.0000,0.0000,0.0000
Burst,55.33,28,2,0,0.0000,0.0000,0.0000,0.0000
Burst,55.33,29,0,0,0.0000,0.0000,0.0000,0.0000
Burst,55.33,29,1,0,0.0000,0.0000,0.0000,0.0000
Burst,55.33,29,2,0,0.0000,0.0000,0.0000,0.0000
Burst,55.84,0,0,0,0.0000,0.0000,0.0000,0.0000
Burst,55.84,0,1,0,0.0000,0.0000,0.0000,0.0000
Burst,55.84,0,2,0,0.0000,0.0000,0.0000,0.0000
Burst,55.84,1,0,0,0.0000,0.0000,0.0000,0.0000
Burst,55.84,1,1,0,0.0000,0.0000,0.0000,0.0000
Burst,55.84,1,2,0,0.0000,0.0000,0.0000,0.0000
Burst,55.84,2,0,0,0.0000,0.0000,0.0000,0.0000
Burst,55.84,2,1,0,0.0000,0.0000,0.0000,0.0000
Burst,55.84,2,2,0,0.0000,0.0000,0.0000,0.0000
Burst,55.84,3,0,0,0.0000,0.0000,0.0000,0.0000
Burst,55.84,3,1,0,0.0000,0.0000,0.0000,0.0000
Burst,55.84,3,2,0,0.0000,0.0000,0.0000,0.0000
Burst,55.84,4,0,0,0.0000,0.0000,0.0000,0.0000
Burst,55.84,4,1,2,0.0113,1.9549,-1.7866,-0.6694
Burst,55.84,4,2,0,0.0000,0.0000,0.0000,0.0000
Burst,55.84,5,0,0,0.0000,0.0000,0.0000,0.0000
Burst,55.84,5,1,10,0.0563,2.7960,-2.4734,0.0233
Burst,55.84,5,2,0,0.0000,0.0000,0.0000,0.0000
Burst,55.84,6,0,0,0.0000,0.0000,0.0000,0.0000
Burst,55.84,6,1,9,0.0506,2.3495,-2.1879,-0.0698
Burst,55.84,6,2,0,0.0000,0.0000,0.0000,0.0000
Burst,55.84,7,0,0,0.0000,0.0000,0.0000,0.0000
Burst,55.84,7,1,17,0.0956,1.6009,-1.5440,-0.2155
Burst,55.84,7,2,0,0.0000,0.0000,0.0000,0.0000
Burst,55.84,8,0,0,0.0000,0.0000,0.0000,0.0000
Burst,55.84,8,1,24,0.1350,1.7089,-1.5778,-0.5600
Burst,55.84,8,2,0,0.0000,0.0000,0.0000,0.0000
Burst,55.84,9,0,0,0.0000,0.0000,0.0000,0.0000
Burst,55.84,9,1,15,0.0844,1.8920,-1.8234,-0.3391
Burst,55.84,9,2,0,0.0000,0.0000,0.0000,0.0000
Burst,55.84,10,0,0,0.0000,0.0000,0.0000,0.0000
Burst,55.84,10,1,12,0.0675,1.9828,-1.9519,-0.1177
Burst,55.84,10,2,0,0.0000,0.0000,0.0000,0.0000
Burst,55.84,11,0,0,0.0000,0.0000,0.0000,0.0000
Burst,55.84,11,1,13,0.0731,2.1605,-2.0546,-0.5702
Burst,55.84,11,2,0,0.0000,0.0000,0.0000,0.0000
Burst,55.84,12,0,0,0.0000,0.0000,0.0000,0.0000
Burst,55.84,12,1,8,0.0450,1.9788,-1.6759,-0.9998
Burst,55.84,12,2,1,0.0056,0.0000,0.0000,0.0000
Burst,55.84,13,0,0,0.0000,0.0000,0.0000,0.0000
Burst,55.84,13,1,0,0.0000,0.0000,0.0000,0.0000
Burst,55.84,13,2,0,0.0000,0.0000,0.0000,0.0000
Burst,55.84,14,0,0,0.0000,0.0000,0.0000,0.0000
Burst,55.84,14,1,0,0.0000,0.0000,0.0000,0.0000
Burst,55.84,14,2,0,0.0000,0.0000,0.0000,0.0000
Burst,55.84,15,0,0,0.0000,0.0000,0.0000,0.0000
Burst,55.84,15,1,1,0.0056,0.0000,0.0000,0.0000
Burst,55.84,15,2,1,0.0056,0.0000,0.0000,0.0000
Burst,55.84,16,0,0,0.0000,0.0000,0.0000,0.0000
Burst,55.84,16,1,11,0.0619,2.0222,2.0123,-0.1128
Burst,55.84,16,2,2,0.0113,2.1592,2.1448,-0.1964
Burst,55.84,17,0,0,0.0000,0.0000,0.0000,0.0000
Burst,55.84,17,1,10,0.0563,1.9422,1.9176,-0.1191
Burst,55.84,17,2,0,0.0000,0.0000,0.0000,0.0000
Burst,55.84,18,0,0,0.0000,0.0000,0.0000,0.0000
Burst,55.84,18,1,10,0.0563,2.1595,2.1386,-0.0857
Burst,55.84,18,2,0,0.0000,0.0000,0.0000,0.0000
Burst,55.84,19,0,0,0.0000,0.0000,0.0000,0.0000
Burst,55.84,19,1,22,0.1238,1.7807,1.7712,-0.0699
Burst,55.84,19,2,1,0.0056,1.7791,1.7724,-0.1544
Burst,55.84,20,0,0,0.0000,0.0000,0.0000,0.0000
Burst,55.84,20,1,15,0.0844,1.8871,1.8422,-0.1697
Burst,55.84,20,2,0,0.0000,0.0000,0.0000,0.0000
Burst,55.84,21,0,0,0.0000,0.0000,0.0000,0.0000
Burst,55.84,21,1,12,0.0675,2.1929,2.1384,-0.1437
Burst,55.84,21,2,0,0.0000,0.0000,0.0000,0.0000
Burst,55.84,22,0,0,0.0000,0.0000,0.0000,0.0000
Burst,55.84,22,1,7,0.0394,2.1518,2.1250,-0.1127
Burst,55.84,22,2,0,0.0000,0.0000,0.0000,0.0000
Burst,55.84,23,0,0,0.0000,0.0000,0.0000,0.0000
Burst,55.84,23,1,8,0.0450,2.2298,2.1900,-0.1376
Burst,55.84,23,2,0,0.0000,0.0000,0.0000,0.0000
Burst,55.84,24,0,0,0.0000,0.0000,0.0000,0.0000
Burst,55.84,24,1,5,0.0281,2.1089,2.0837,0.0766
Burst,55.84,24,2,0,0.0000,0.0000,0.0000,0.0000
Burst,55.84,25,0,0,0.0000,0.0000,0.0000,0.0000
Burst,55.84,25,1,3,0.0169,5.0075,4.2230,1.7461
Burst,55.84,25,2,0,0.0000,0.0000,0.0000,0.0000
Burst,55.84,26,0,0,0.0000,0.0000,0.0000,0.0000
Burst,55.84,26,1,1,0.0056,2.4727,2.0466,-1.3876
Burst,55.84,26,2,0,0.0000,0.0000,0.0000,0.0000
Burst,55.84,27,0,0,0.0000,0.0000,0.0000,0.0000
Burst,55.84,27,1,0,0.0000,0.0000,0.0000,0.0000
Burst,55.84,27,2,0,0.0000,0.0000,0.0000,0.0000
Burst,55.84,28,0,0,0.0000,0.0000,0.0000,0.0000
Burst,55.84,28,1,0,0.0000,0.0000,0.0000,0.0000
Burst,55.84,28,2,0,0.0000,0.0000,0.0000,0.0000
Burst,55.84,29,0,0,0.0000,0.0000,0.0000,0.0000
Burst,55.84,29,1,0,0.0000,0.0000,0.0000,0.0000
Burst,55.84,29,2,0,0.0000,0.0000,0.0000,0.0000
Burst,56.40,0,0,0,0.0000,0.0000,0.0000,0.0000
Burst,56.40,0,1,0,0.0000,0.0000,0.0000,0.0000
Burst,56.40,0,2,0,0.0000,0.0000,0.0000,0.0000
Burst,56.40,1,0,0,0.0000,0.0000,0.0000,0.0000
Burst,56.40,1,1,0,0.0000,0.0000,0.0000,0.0000
Burst,56.40,1,2,0,0.0000,0.0000,0.0000,0.0000
Burst,56.40,2,0,0,0.0000,0.0000,0.0000,0.0000
Burst,56.40,2,1,0,0.0000,0.0000,0.0000,0.0000
Burst,56.40,2,2,0,0.0000,0.0000,0.0000,0.0000
Burst,56.40,3,0,0,0.0000,0.0000,0.0000,0.0000
Burst,56.40,3,1,0,0.0000,0.0000,0.0000,0.0000
Burst,56.40,3,2,0,0.0000,0.0000,0.0000,0.0000
Burst,56.40,4,0,0,0.0000,0.0000,0.0000,0.0000
Burst,56.40,4,1,3,0.0169,2.0419,-1.8044,-0.6116
Burst,56.40,4,2,0,0.0000,0.0000,0.0000,0.0000
Burst,56.40,5,0,0,0.0000,0.0000,0.0000,0.0000
Burst,56.40,5,1,11,0.0619,3.0692,-2.7119,-0.2098
Burst,56.40,5,2,0,0.0000,0.0000,0.0000,0.0000
Burst,56.40,6,0,0,0.0000,0.0000,0.0000,0.0000
Burst,56.40,6,1,9,0.0506,3.9226,-3.4885,0.9680
Burst,56.40,6,2,0,0.0000,0.0000,0.0000,0.0000
Burst,56.40,7,0,0,0.0000,0.0000,0.0000,0.0000
Burst,56.40,7,1,17,0.0956,1.8278,-1.7227,-0.4418
Burst,56.40,7,2,0,0.0000,0.0000,0.0000,0.0000
Burst,56.40,8,0,0,0.0000,0.0000,0.0000,0.0000
Burst,56.40,8,1,24,0.1350,1.7483,-1.6214,-0.4222
Burst,56.40,8,2,0,0.0000,0.0000,0.0000,0.0000
Burst,56.40,9,0,0,0.0000,0.0000,0.0000,0.0000
Burst,56.40,9,1,16,0.0900,1.7476,-1.6718,-0.2025
Burst,56.40,9,2,0,0.0000,0.0000,0.0000,0.0000
Burst,56.40,10,0,0,0.0000,0.0000,0.0000,0.0000
Burst,56.40,10,1,12,0.0675,2.0485,-2.0226,-0.2232
Burst,56.40,10,2,0,0.0000,0.0000,0.0000,0.0000
Burst,56.40,11,0,0,0.0000,0.0000,0.0000,0.0000
Burst,56.40,11,1,13,0.0731,2.1992,-2.0508,-0.6923
Burst,56.40,11,2,0,0.0000,0.0000,0.0000,0.0000
Burst,56.40,12,0,0,0.0000,0.0000,0.0000,0.0000
Burst,56.40,12,1,8,0.0450,1.7394,-1.4412,-0.9408
Burst,56.40,12,2,0,0.0000,0.0000,0.0000,0.0000
Burst,56.40,13,0,0,0.0000,0.0000,0.0000,0.0000
Burst,56.40,13,1,0,0.0000,0.0000,0.0000,0.0000
Burst,56.40,13,2,0,0.0000,0.0000,0.0000,0.0000
Burst,56.40,14,0,0,0.0000,0.0000,0.0000,0.0000
Burst,56.40,14,1,0,0.0000,0.0000,0.0000,0.0000
Burst,56.40,14,2,0,0.0000,0.0000,0.0000,0.0000
Burst,56.40,15,0,0,0.0000,0.0000,0.0000,0.0000
Burst,56.40,15,1,2,0.0113,1.2331,1.2205,-0.1758
Burst,56.40,15,2,1,0.0056,2.1128,2.1089,-0.1291
Burst,56.40,16,0,0,0.0000,0.0000,0.0000,0.0000
Burst,56.40,16,1,12,0.0675,2.0573,2.0417,-0.1641
Burst,56.40,16,2,0,0.0000,0.0000,0.0000,0.0000
Burst,56.40,17,0,0,0.0000,0.0000,0.0000,0.0000
Burst,56.40,17,1,11,0.0619,2.0543,2.0235,-0.0757
Burst,56.40,17,2,0,0.0000,0.0000,0.0000,0.0000
Burst,56.40,18,0,0,0.0000,0.0000,0.0000,0.0000
Burst,56.40,18,1,10,0.0563,2.0279,2.0137,-0.1560
Burst,56.40,18,2,0,0.0000,0.0000,0.0000,0.0000
Burst,56.40,19,0,0,0.0000,0.0000,0.0000,0.0000
Burst,56.40,19,1,22,0.1238,2.0225,2.0087,0.0604
Burst,56.40,19,2,0,0.0000,0.0000,0.0000,0.0000
Burst,56.40,20,0,0,0.0000,0.0000,0.0000,0.0000
Burst,56.40,20,1,16,0.0900,1.9380,1.9068,-0.1876
Burst,56.40,20,2,0,0.0000,0.0000,0.0000,0.0000
Burst,56.40,21,0,0,0.0000,0.0000,0.0000,0.0000
Burst,56.40,21,1,12,0.0675,2.0677,2.0311,0.0011
Burst,56.40,21,2,0,0.0000,0.0000,0.0000,0.0000
Burst,56.40,22,0,0,0.0000,0.0000,0.0000,0.0000
Burst,56.40,22,1,8,0.0450,2.3716,2.3239,0.0570
Burst,56.40,22,2,0,0.0000,0.0000,0.0000,0.0000
Burst,56.40,23,0,0,0.0000,0.0000,0.0000,0.0000
Burst,56.40,23,1,7,0.0394,2.3348,2.3245,0.0445
Burst,56.40,23,2,0,0.0000,0.0000,0.0000,0.0000
Burst,56.40,24,0,0,0.0000,0.0000,0.0000,0.0000
Burst,56.40,24,1,6,0.0338,2.2012,2.1452,-0.0522
Burst,56.40,24,2,0,0.0000,0.0000,0.0000,0.0000
Burst,56.40,25,0,0,0.0000,0.0000,0.0000,0.0000
Burst,56.40,25,1,3,0.0169,4.2259,3.7168,0.9438
Burst,56.40,25,2,0,0.0000,0.0000,0.0000,0.0000
Burst,56.40,26,0,0,0.0000,0.0000,0.0000,0.0000
Burst,56.40,26,1,1,0.0056,2.2025,2.1281,-0.5674
Burst,56.40,26,2,0,0.0000,0.0000,0.0000,0.0000
Burst,56.40,27,0,0,0.0000,0.0000,0.0000,0.0000
Burst,56.40,27,1,0,0.0000,0.0000,0.0000,0.0000
Burst,56.40,27,2,0,0.0000,0.0000,0.0000,0.0000
Burst,56.40,28,0,0,0.0000,0.0000,0.0000,0.0000
Burst,56.40,28,1,0,0.0000,0.0000,0.0000,0.0000
Burst,56.40,28,2,0,0.0000,0.0000,0.0000,0.0000
Burst,56.40,29,0,0,0.0000,0.0000,0.0000,0.0000
Burst,56.40,29,1,0,0.0000,0.0000,0.0000,0.0000
Burst,56.40,29,2,0,0.0000,0.0000,0.0000,0.0000
Burst,56.93,0,0,0,0.0000,0.0000,0.0000,0.0000
Burst,56.93,0,1,0,0.0000,0.0000,0.0000,0.0000
Burst,56.93,0,2,0,0.0000,0.0000,0.0000,0.0000
Burst,56.93,1,0,0,0.0000,0.0000,0.0000,0.0000
Burst,56.93,1,1,0,0.0000,0.0000,0.0000,0.0000
Burst,56.93,1,2,0,0.0000,0.0000,0.0000,0.0000
Burst,56.93,2,0,0,0.0000,0.0000,0.0000,0.0000
Burst,56.93,2,1,0,0.0000,0.0000,0.0000,0.0000
Burst,56.93,2,2,0,0.0000,0.0000,0.0000,0.0000
Burst,56.93,3,0,0,0.0000,0.0000,0.0000,0.0000
Burst,56.93,3,1,0,0.0000,0.0000,0.0000,0.0000
Burst,56.93,3,2,0,0.0000,0.0000,0.0000,0.0000
Burst,56.93,4,0,0,0.0000,0.0000,0.0000,0.0000
Burst,56.93,4,1,3,0.0169,2.1493,-2.0100,-0.2562
Burst,56.93,4,2,0,0.0000,0.0000,0.0000,0.0000
Burst,56.93,5,0,1,0.0056,2.5372,-1.1071,-2.2829
Burst,56.93,5,1,12,0.0675,3.1216,-2.7611,-0.0335
Burst,56.93,5,2,0,0.0000,0.0000,0.0000,0.0000
Burst,56.93,6,0,0,0.0000,0.0000,0.0000,0.0000
Burst,56.93,6,1,8,0.0450,1.9407,-1.8446,-0.5395
Burst,56.93,6,2,0,0.0000,0.0000,0.0000,0.0000
Burst,56.93,7,0,0,0.0000,0.0000,0.0000,0.0000
Burst,56.93,7,1,16,0.0900,1.5996,-1.5126,-0.2400
Burst,56.93,7,2,0,0.0000,0.0000,0.0000,0.0000
Burst,56.93,8,0,0,0.0000,0.0000,0.0000,0.0000
Burst,56.93,8,1,26,0.1463,1.6821,-1.5642,-0.4378
Burst,56.93,8,2,0,0.0000,0.0000,0.0000,0.0000
Burst,56.93,9,0,0,0.0000,0.0000,0.0000,0.0000
Burst,56.93,9,1,15,0.0844,1.7896,-1.6920,-0.0812
Burst,56.93,9,2,0,0.0000,0.0000,0.0000,0.0000
Burst,56.93,10,0,0,0.0000,0.0000,0.0000,0.0000
Burst,56.93,10,1,12,0.0675,1.9470,-1.9082,-0.2846
Burst,56.93,10,2,0,0.0000,0.0000,0.0000,0.0000
Burst,56.93,11,0,0,0.0000,0.0000,0.0000,0.0000
Burst,56.93,11,1,12,0.0675,2.2007,-2.0470,-0.7280
Burst,56.93,11,2,0,0.0000,0.0000,0.0000,0.0000
Burst,56.93,12,0,0,0.0000,0.0000,0.0000,0.0000
Burst,56.93,12,1,8,0.0450,1.9393,-1.7540,-0.7789
Burst,56.93,12,2,1,0.0056,0.0000,0.0000,0.0000
Burst,56.93,13,0,0,0.0000,0.0000,0.0000,0.0000
Burst,56.93,13,1,0,0.0000,0.0000,0.0000,0.0000
Burst,56.93,13,2,0,0.0000,0.0000,0.0000,0.0000
Burst,56.93,14,0,0,0.0000,0.0000,0.0000,0.0000
Burst,56.93,14,1,0,0.0000,0.0000,0.0000,0.0000
Burst,56.93,14,2,0,0.0000,0.0000,0.0000,0.0000
Burst,56.93,15,0,0,0.0000,0.0000,0.0000,0.0000
Burst,56.93,15,1,1,0.0056,1.7843,1.7839,-0.0374
Burst,56.93,15,2,1,0.0056,1.4947,1.4900,0.1187
Burst,56.93,16,0,0,0.0000,0.0000,0.0000,0.0000
Burst,56.93,16,1,12,0.0675,2.0420,2.0220,-0.1557
Burst,56.93,16,2,0,0.0000,0.0000,0.0000,0.0000
Burst,56.93,17,0,0,0.0000,0.0000,0.0000,0.0000
Burst,56.93,17,1,11,0.0619,2.0719,2.0458,-0.1127
Burst,56.93,17,2,0,0.0000,0.0000,0.0000,0.0000
Burst,56.93,18,0,0,0.0000,0.0000,0.0000,0.0000
Burst,56.93,18,1,10,0.0563,1.9531,1.9331,-0.1446
Burst,56.93,18,2,0,0.0000,0.0000,0.0000,0.0000
Burst,56.93,19,0,0,0.0000,0.0000,0.0000,0.0000
Burst,56.93,19,1,22,0.1238,1.8628,1.8465,0.0627
Burst,56.93,19,2,0,0.0000,0.0000,0.0000,0.0000
Burst,56.93,20,0,0,0.0000,0.0000,0.0000,0.0000
Burst,56.93,20,1,16,0.0900,1.8500,1.8276,-0.1244
Burst,56.93,20,2,0,0.0000,0.0000,0.0000,0.0000
Burst,56.93,21,0,0,0.0000,0.0000,0.0000,0.0000
Burst,56.93,21,1,12,0.0675,1.9165,1.8941,0.0005
Burst,56.93,21,2,0,0.0000,0.0000,0.0000,0.0000
Burst,56.93,22,0,0,0.0000,0.0000,0.0000,0.0000
Burst,56.93,22,1,7,0.0394,2.3001,2.2578,-0.1935
Burst,56.93,22,2,0,0.0000,0.0000,0.0000,0.0000
Burst,56.93,23,0,0,0.0000,0.0000,0.0000,0.0000
Burst,56.93,23,1,9,0.0506,2.1143,2.0507,0.3084
Burst,56.93,23,2,0,0.0000,0.0000,0.0000,0.0000
Burst,56.93,24,0,0,0.0000,0.0000,0.0000,0.0000
Burst,56.93,24,1,6,0.0338,2.5181,2.4053,0.1561
Burst,56.93,24,2,0,0.0000,0.0000,0.0000,0.0000
Burst,56.93,25,0,0,0.0000,0.0000,0.0000,0.0000
Burst,56.93,25,1,3,0.0169,1.8947,1.7666,-0.6466
Burst,56.93,25,2,0,0.0000,0.0000,0.0000,0.0000
Burst,56.93,26,0,0,0.0000,0.0000,0.0000,0.0000
Burst,56.93,26,1,1,0.0056,2.4985,2.4729,-0.3568
Burst,56.93,26,2,0,0.0000,0.0000,0.0000,0.0000
Burst,56.93,27,0,0,0.0000,0.0000,0.0000,0.0000
Burst,56.93,27,1,0,0.0000,0.0000,0.0000,0.0000
Burst,56.93,27,2,0,0.0000,0.0000,0.0000,0.0000
Burst,56.93,28,0,0,0.0000,0.0000,0.0000,0.0000
Burst,56.93,28,1,0,0.0000,0.0000,0.0000,0.0000
Burst,56.93,28,2,0,0.0000,0.0000,0.0000,0.0000
Burst,56.93,29,0,0,0.0000,0.0000,0.0000,0.0000
Burst,56.93,29,1,0,0.0000,0.0000,0.0000,0.0000
Burst,56.93,29,2,0,0.0000,0.0000,0.0000,0.0000
Burst,57.50,0,0,0,0.0000,0.0000,0.0000,0.0000
Burst,57.50,0,1,0,0.0000,0.0000,0.0000,0.0000
Burst,57.50,0,2,0,0.0000,0.0000,0.0000,0.0000
Burst,57.50,1,0,0,0.0000,0.0000,0.0000,0.0000
Burst,57.50,1,1,0,0.0000,0.0000,0.0000,0.0000
Burst,57.50,1,2,0,0.0000,0.0000,0.0000,0.0000
Burst,57.50,2,0,0,0.0000,0.0000,0.0000,0.0000
Burst,57.50,2,1,0,0.0000,0.0000,0.0000,0.0000
Burst,57.50,2,2,0,0.0000,0.0000,0.0000,0.0000
Burst,57.50,3,0,0,0.0000,0.0000,0.0000,0.0000
Burst,57.50,3,1,0,0.0000,0.0000,0.0000,0.0000
Burst,57.50,3,2,0,0.0000,0.0000,0.0000,0.0000
Burst,57.50,4,0,0,0.0000,0.0000,0.0000,0.0000
Burst,57.50,4,1,2,0.0113,2.2455,-2.1882,-0.2772
Burst,57.50,4,2,0,0.0000,0.0000,0.0000,0.0000
Burst,57.50,5,0,2,0.0113,2.7713,-1.4670,-2.0735
Burst,57.50,5,1,11,0.0619,2.0130,-1.7095,-0.9663
Burst,57.50,5,2,0,0.0000,0.0000,0.0000,0.0000
Burst,57.50,6,0,0,0.0000,0.0000,0.0000,0.0000
Burst,57.50,6,1,9,0.0506,2.0374,-1.9132,-0.6127
Burst,57.50,6,2,0,0.0000,0.0000,0.0000,0.0000
Burst,57.50,7,0,0,0.0000,0.0000,0.0000,0.0000
Burst,57.50,7,1,18,0.1013,1.6175,-1.5304,-0.2532
Burst,57.50,7,2,0,0.0000,0.0000,0.0000,0.0000
Burst,57.50,8,0,0,0.0000,0.0000,0.0000,0.0000
Burst,57.50,8,1,24,0.1350,1.7639,-1.6205,-0.4956
Burst,57.50,8,2,0,0.0000,0.0000,0.0000,0.0000
Burst,57.50,9,0,0,0.0000,0.0000,0.0000,0.0000
Burst,57.50,9,1,14,0.0788,1.8908,-1.8098,-0.1953
Burst,57.50,9,2,0,0.0000,0.0000,0.0000,0.0000
Burst,57.50,10,0,0,0.0000,0.0000,0.0000,0.0000
Burst,57.50,10,1,13,0.0731,1.9941,-1.9398,-0.3845
Burst,57.50,10,2,0,0.0000,0.0000,0.0000,0.0000
Burst,57.50,11,0,0,0.0000,0.0000,0.0000,0.0000
Burst,57.50,11,1,12,0.0675,2.1557,-2.0904,-0.4159
Burst,57.50,11,2,0,0.0000,0.0000,0.0000,0.0000
Burst,57.50,12,0,0,0.0000,0.0000,0.0000,0.0000
Burst,57.50,12,1,9,0.0506,1.8636,-1.6524,-0.7990
Burst,57.50,12,2,0,0.0000,0.0000,0.0000,0.0000
Burst,57.50,13,0,0,0.0000,0.0000,0.0000,0.0000
Burst,57.50,13,1,0,0.0000,0.0000,0.0000,0.0000
Burst,57.50,13,2,0,0.0000,0.0000,0.0000,0.0000
Burst,57.50,14,0,0,0.0000,0.0000,0.0000,0.0000
Burst,57.50,14,1,0,0.0000,0.0000,0.0000,0.0000
Burst,57.50,14,2,0,0.0000,0.0000,0.0000,0.0000
Burst,57.50,15,0,0,0.0000,0.0000,0.0000,0.0000
Burst,57.50,15,1,1,0.0056,0.0000,0.0000,0.0000
Burst,57.50,15,2,0,0.0000,0.0000,0.0000,0.0000
Burst,57.50,16,0,0,0.0000,0.0000,0.0000,0.0000
Burst,57.50,16,1,12,0.0675,2.0334,2.0097,-0.0844
Burst,57.50,16,2,1,0.0056,2.1558,2.1558,0.0075
Burst,57.50,17,0,0,0.0000,0.0000,0.0000,0.0000
Burst,57.50,17,1,12,0.0675,2.0794,2.0647,-0.0764
Burst,57.50,17,2,0,0.0000,0.0000,0.0000,0.0000
Burst,57.50,18,0,0,0.0000,0.0000,0.0000,0.0000
Burst,57.50,18,1,9,0.0506,2.0025,1.9812,-0.1163
Burst,57.50,18,2,0,0.0000,0.0000,0.0000,0.0000
Burst,57.50,19,0,0,0.0000,0.0000,0.0000,0.0000
Burst,57.50,19,1,22,0.1238,1.8457,1.8313,0.0566
Burst,57.50,19,2,1,0.0056,2.4448,2.4312,0.2576
Burst,57.50,20,0,0,0.0000,0.0000,0.0000,0.0000
Burst,57.50,20,1,16,0.0900,1.8555,1.8273,-0.1813
Burst,57.50,20,2,0,0.0000,0.0000,0.0000,0.0000
Burst,57.50,21,0,0,0.0000,0.0000,0.0000,0.0000
Burst,57.50,21,1,13,0.0731,2.2663,2.2496,-0.0449
Burst,57.50,21,2,0,0.0000,0.0000,0.0000,0.0000
Burst,57.50,22,0,0,0.0000,0.0000,0.0000,0.0000
Burst,57.50,22,1,7,0.0394,2.2358,2.2105,-0.1605
Burst,57.50,22,2,0,0.0000,0.0000,0.0000,0.0000
Burst,57.50,23,0,0,0.0000,0.0000,0.0000,0.0000
Burst,57.50,23,1,7,0.0394,2.2801,2.2509,0.2097
Burst,57.50,23,2,0,0.0000,0.0000,0.0000,0.0000
Burst,57.50,24,0,0,0.0000,0.0000,0.0000,0.0000
Burst,57.50,24,1,6,0.0338,2.2964,2.1572,0.2052
Burst,57.50,24,2,0,0.0000,0.0000,0.0000,0.0000
Burst,57.50,25,0,0,0.0000,0.0000,0.0000,0.0000
Burst,57.50,25,1,4,0.0225,6.7338,5.6589,2.7516
Burst,57.50,25,2,0,0.0000,0.0000,0.0000,0.0000
Burst,57.50,26,0,0,0.0000,0.0000,0.0000,0.0000
Burst,57.50,26,1,2,0.0113,2.4584,2.2750,-0.9165
Burst,57.50,26,2,0,0.0000,0.0000,0.0000,0.0000
Burst,57.50,27,0,0,0.0000,0.0000,0.0000,0.0000
Burst,57.50,27,1,0,0.0000,0.0000,0.0000,0.0000
Burst,57.50,27,2,0,0.0000,0.0000,0.0000,0.0000
Burst,57.50,28,0,0,0.0000,0.0000,0.0000,0.0000
Burst,57.50,28,1,0,0.0000,0.0000,0.0000,0.0000
Burst,57.50,28,2,0,0.0000,0.0000,0.0000,0.0000
Burst,57.50,29,0,0,0.0000,0.0000,0.0000,0.0000
Burst,57.50,29,1,0,0.0000,0.0000,0.0000,0.0000
Burst,57.50,29,2,0,0.0000,0.0000,0.0000,0.0000
Burst,58.04,0,0,0,0.0000,0.0000,0.0000,0.0000
Burst,58.04,0,1,0,0.0000,0.0000,0.0000,0.0000
Burst,58.04,0,2,0,0.0000,0.0000,0.0000,0.0000
Burst,58.04,1,0,0,0.0000,0.0000,0.0000,0.0000
Burst,58.04,1,1,0,0.0000,0.0000,0.0000,0.0000
Burst,58.04,1,2,0,0.0000,0.0000,0.0000,0.0000
Burst,58.04,2,0,0,0.0000,0.0000,0.0000,0.0000
Burst,58.04,2,1,0,0.0000,0.0000,0.0000,0.0000
Burst,58.04,2,2,0,0.0000,0.0000,0.0000,0.0000
Burst,58.04,3,0,0,0.0000,0.0000,0.0000,0.0000
Burst,58.04,3,1,0,0.0000,0.0000,0.0000,0.0000
Burst,58.04,3,2,0,0.0000,0.0000,0.0000,0.0000
Burst,58.04,4,0,0,0.0000,0.0000,0.0000,0.0000
Burst,58.04,4,1,3,0.0169,1.8672,-1.8105,-0.0907
Burst,58.04,4,2,0,0.0000,0.0000,0.0000,0.0000
Burst,58.04,5,0,2,0.0113,2.8113,-2.0728,-1.8747
Burst,58.04,5,1,10,0.0563,2.0374,-1.7512,-0.8256
Burst,58.04,5,2,0,0.0000,0.0000,0.0000,0.0000
Burst,58.04,6,0,0,0.0000,0.0000,0.0000,0.0000
Burst,58.04,6,1,9,0.0506,2.1587,-2.0353,-0.6377
Burst,58.04,6,2,0,0.0000,0.0000,0.0000,0.0000
Burst,58.04,7,0,0,0.0000,0.0000,0.0000,0.0000
Burst,58.04,7,1,19,0.1069,1.6237,-1.5687,-0.2297
Burst,58.04,7,2,0,0.0000,0.0000,0.0000,0.0000
Burst,58.04,8,0,0,0.0000,0.0000,0.0000,0.0000
Burst,58.04,8,1,25,0.1406,1.6866,-1.5388,-0.5532
Burst,58.04,8,2,0,0.0000,0.0000,0.0000,0.0000
Burst,58.04,9,0,0,0.0000,0.0000,0.0000,0.0000
Burst,58.04,9,1,14,0.0788,1.7914,-1.7452,-0.2154
Burst,58.04,9,2,0,0.0000,0.0000,0.0000,0.0000
Burst,58.04,10,0,0,0.0000,0.0000,0.0000,0.0000
Burst,58.04,10,1,12,0.0675,1.8192,-1.7769,-0.2604
Burst,58.04,10,2,0,0.0000,0.0000,0.0000,0.0000
Burst,58.04,11,0,0,0.0000,0.0000,0.0000,0.0000
Burst,58.04,11,1,13,0.0731,2.1269,-2.0576,-0.4515
Burst,58.04,11,2,0,0.0000,0.0000,0.0000,0.0000
Burst,58.04,12,0,0,0.0000,0.0000,0.0000,0.0000
Burst,58.04,12,1,8,0.0450,1.9293,-1.7597,-0.6724
Burst,58.04,12,2,2,0.0113,0.0000,0.0000,0.0000
Burst,58.04,13,0,0,0.0000,0.0000,0.0000,0.0000
Burst,58.04,13,1,0,0.0000,0.0000,0.0000,0.0000
Burst,58.04,13,2,0,0.0000,0.0000,0.0000,0.0000
Burst,58.04,14,0,0,0.0000,0.0000,0.0000,0.0000
Burst,58.04,14,1,0,0.0000,0.0000,0.0000,0.0000
Burst,58.04,14,2,0,0.0000,0.0000,0.0000,0.0000
Burst,58.04,15,0,0,0.0000,0.0000,0.0000,0.0000
Burst,58.04,15,1,2,0.0113,1.1921,1.1833,-0.1448
Burst,58.04,15,2,1,0.0056,0.0000,0.0000,0.0000
Burst,58.04,16,0,0,0.0000,0.0000,0.0000,0.0000
Burst,58.04,16,1,10,0.0563,2.0363,2.0299,-0.0150
Burst,58.04,16,2,1,0.0056,2.3093,2.3093,-0.0014
Burst,58.04,17,0,0,0.0000,0.0000,0.0000,0.0000
Burst,58.04,17,1,13,0.0731,2.1058,2.0909,-0.1064
Burst,58.04,17,2,0,0.0000,0.0000,0.0000,0.0000
Burst,58.04,18,0,0,0.0000,0.0000,0.0000,0.0000
Burst,58.04,18,1,9,0.0506,2.1094,2.0897,-0.1079
Burst,58.04,18,2,0,0.0000,0.0000,0.0000,0.0000
Burst,58.04,19,0,0,0.0000,0.0000,0.0000,0.0000
Burst,58.04,19,1,23,0.1294,1.7582,1.7418,0.0190
Burst,58.04,19,2,1,0.0056,2.3748,2.3747,0.0238
Burst,58.04,20,0,0,0.0000,0.0000,0.0000,0.0000
Burst,58.04,20,1,16,0.0900,1.9248,1.8957,-0.1769
Burst,58.04,20,2,0,0.0000,0.0000,0.0000,0.0000
Burst,58.04,21,0,0,0.0000,0.0000,0.0000,0.0000
Burst,58.04,21,1,13,0.0731,2.0927,2.0760,-0.1825
Burst,58.04,21,2,0,0.0000,0.0000,0.0000,0.0000
Burst,58.04,22,0,0,0.0000,0.0000,0.0000,0.0000
Burst,58.04,22,1,7,0.0394,2.3266,2.3151,-0.1343
Burst,58.04,22,2,0,0.0000,0.0000,0.0000,0.0000
Burst,58.04,23,0,0,0.0000,0.0000,0.0000,0.0000
Burst,58.04,23,1,8,0.0450,2.2919,2.2849,0.1127
Burst,58.04,23,2,0,0.0000,0.0000,0.0000,0.0000
Burst,58.04,24,0,0,0.0000,0.0000,0.0000,0.0000
Burst,58.04,24,1,6,0.0338,2.3064,2.2917,0.1966
Burst,58.04,24,2,0,0.0000,0.0000,0.0000,0.0000
Burst,58.04,25,0,0,0.0000,0.0000,0.0000,0.0000
Burst,58.04,25,1,4,0.0225,4.1909,3.7645,0.9682
Burst,58.04,25,2,0,0.0000,0.0000,0.0000,0.0000
Burst,58.04,26,0,0,0.0000,0.0000,0.0000,0.0000
Burst,58.04,26,1,1,0.0056,2.3108,1.8395,-1.3985
Burst,58.04,26,2,0,0.0000,0.0000,0.0000,0.0000
Burst,58.04,27,0,0,0.0000,0.0000,0.0000,0.0000
Burst,58.04,27,1,0,0.0000,0.0000,0.0000,0.0000
Burst,58.04,27,2,0,0.0000,0.0000,0.0000,0.0000
Burst,58.04,28,0,0,0.0000,0.0000,0.0000,0.0000
Burst,58.04,28,1,0,0.0000,0.0000,0.0000,0.0000
Burst,58.04,28,2,0,0.0000,0.0000,0.0000,0.0000
Burst,58.04,29,0,0,0.0000,0.0000,0.0000,0.0000
Burst,58.04,29,1,0,0.0000,0.0000,0.0000,0.0000
Burst,58.04,29,2,0,0.0000,0.0000,0.0000,0.0000
Burst,58.60,0,0,0,0.0000,0.0000,0.0000,0.0000
Burst,58.60,0,1,0,0.0000,0.0000,0.0000,0.0000
Burst,58.60,0,2,0,0.0000,0.0000,0.0000,0.0000
Burst,58.60,1,0,0,0.0000,0.0000,0.0000,0.0000
Burst,58.60,1,1,0,0.0000,0.0000,0.0000,0.0000
Burst,58.60,1,2,0,0.0000,0.0000,0.0000,0.0000
Burst,58.60,2,0,0,0.0000,0.0000,0.0000,0.0000
Burst,58.60,2,1,0,0.0000,0.0000,0.0000,0.0000
Burst,58.60,2,2,0,0.0000,0.0000,0.0000,0.0000
Burst,58.60,3,0,0,0.0000,0.0000,0.0000,0.0000
Burst,58.60,3,1,0,0.0000,0.0000,0.0000,0.0000
Burst,58.60,3,2,0,0.0000,0.0000,0.0000,0.0000
Burst,58.60,4,0,0,0.0000,0.0000,0.0000,0.0000
Burst,58.60,4,1,3,0.0169,2.3524,-2.2012,-0.7193
Burst,58.60,4,2,0,0.0000,0.0000,0.0000,0.0000
Burst,58.60,5,0,2,0.0113,2.7188,-2.1554,-1.6537
Burst,58.60,5,1,9,0.0506,1.9307,-1.6344,-0.7122
Burst,58.60,5,2,0,0.0000,0.0000,0.0000,0.0000
Burst,58.60,6,0,0,0.0000,0.0000,0.0000,0.0000
Burst,58.60,6,1,10,0.0563,2.7537,-2.4781,-0.1910
Burst,58.60,6,2,0,0.0000,0.0000,0.0000,0.0000
Burst,58.60,7,0,0,0.0000,0.0000,0.0000,0.0000
Burst,58.60,7,1,19,0.1069,1.5704,-1.4030,-0.1402
Burst,58.60,7,2,0,0.0000,0.0000,0.0000,0.0000
Burst,58.60,8,0,0,0.0000,0.0000,0.0000,0.0000
Burst,58.60,8,1,26,0.1463,1.6935,-1.5288,-0.5714
Burst,58.60,8,2,0,0.0000,0.0000,0.0000,0.0000
Burst,58.60,9,0,0,0.0000,0.0000,0.0000,0.0000
Burst,58.60,9,1,14,0.0788,1.7766,-1.7020,-0.2934
Burst,58.60,9,2,0,0.0000,0.0000,0.0000,0.0000
Burst,58.60,10,0,0,0.0000,0.0000,0.0000,0.0000
Burst,58.60,10,1,12,0.0675,1.8162,-1.7883,-0.1568
Burst,58.60,10,2,0,0.0000,0.0000,0.0000,0.0000
Burst,58.60,11,0,0,0.0000,0.0000,0.0000,0.0000
Burst,58.60,11,1,12,0.0675,1.9432,-1.8590,-0.4758
Burst,58.60,11,2,0,0.0000,0.0000,0.0000,0.0000
Burst,58.60,12,0,0,0.0000,0.0000,0.0000,0.0000
Burst,58.60,12,1,11,0.0619,1.5778,-1.3910,-0.6727
Burst,58.60,12,2,0,0.0000,0.0000,0.0000,0.0000
Burst,58.60,13,0,0,0.0000,0.0000,0.0000,0.0000
Burst,58.60,13,1,0,0.0000,0.0000,0.0000,0.0000
Burst,58.60,13,2,0,0.0000,0.0000,0.0000,0.0000
Burst,58.60,14,0,0,0.0000,0.0000,0.0000,0.0000
Burst,58.60,14,1,0,0.0000,0.0000,0.0000,0.0000
Burst,58.60,14,2,0,0.0000,0.0000,0.0000,0.0000
Burst,58.60,15,0,0,0.0000,0.0000,0.0000,0.0000
Burst,58.60,15,1,1,0.0056,0.0000,0.0000,0.0000
Burst,58.60,15,2,1,0.0056,1.9187,1.9046,0.2316
Burst,58.60,16,0,0,0.0000,0.0000,0.0000,0.0000
Burst,58.60,16,1,10,0.0563,2.1278,2.1039,-0.2021
Burst,58.60,16,2,2,0.0113,2.1875,2.1808,-0.1089
Burst,58.60,17,0,0,0.0000,0.0000,0.0000,0.0000
Burst,58.60,17,1,13,0.0731,1.9098,1.8869,-0.1136
Burst,58.60,17,2,0,0.0000,0.0000,0.0000,0.0000
Burst,58.60,18,0,0,0.0000,0.0000,0.0000,0.0000
Burst,58.60,18,1,9,0.0506,2.0614,2.0446,-0.2063
Burst,58.60,18,2,0,0.0000,0.0000,0.0000,0.0000
Burst,58.60,19,0,0,0.0000,0.0000,0.0000,0.0000
Burst,58.60,19,1,23,0.1294,1.8144,1.7867,0.1595
Burst,58.60,19,2,1,0.0056,0.0000,0.0000,0.0000
Burst,58.60,20,0,0,0.0000,0.0000,0.0000,0.0000
Burst,58.60,20,1,16,0.0900,1.9137,1.8992,-0.1542
Burst,58.60,20,2,1,0.0056,2.2178,2.2170,-0.0579
Burst,58.60,21,0,0,0.0000,0.0000,0.0000,0.0000
Burst,58.60,21,1,13,0.0731,1.9599,1.9418,-0.1086
Burst,58.60,21,2,0,0.0000,0.0000,0.0000,0.0000
Burst,58.60,22,0,0,0.0000,0.0000,0.0000,0.0000
Burst,58.60,22,1,8,0.0450,2.1124,2.0816,-0.1961
Burst,58.60,22,2,0,0.0000,0.0000,0.0000,0.0000
Burst,58.60,23,0,0,0.0000,0.0000,0.0000,0.0000
Burst,58.60,23,1,7,0.0394,2.2879,2.2758,0.1608
Burst,58.60,23,2,0,0.0000,0.0000,0.0000,0.0000
Burst,58.60,24,0,0,0.0000,0.0000,0.0000,0.0000
Burst,58.60,24,1,7,0.0394,2.2702,2.2574,0.0776
Burst,58.60,24,2,0,0.0000,0.0000,0.0000,0.0000
Burst,58.60,25,0,0,0.0000,0.0000,0.0000,0.0000
Burst,58.60,25,1,3,0.0169,2.0791,1.9620,-0.6479
Burst,58.60,25,2,0,0.0000,0.0000,0.0000,0.0000
Burst,58.60,26,0,0,0.0000,0.0000,0.0000,0.0000
Burst,58.60,26,1,2,0.0113,2.1810,1.9229,-0.9805
Burst,58.60,26,2,0,0.0000,0.0000,0.0000,0.0000
Burst,58.60,27,0,0,0.0000,0.0000,0.0000,0.0000
Burst,58.60,27,1,0,0.0000,0.0000,0.0000,0.0000
Burst,58.60,27,2,0,0.0000,0.0000,0.0000,0.0000
Burst,58.60,28,0,0,0.0000,0.0000,0.0000,0.0000
Burst,58.60,28,1,0,0.0000,0.0000,0.0000,0.0000
Burst,58.60,28,2,0,0.0000,0.0000,0.0000,0.0000
Burst,58.60,29,0,0,0.0000,0.0000,0.0000,0.0000
Burst,58.60,29,1,0,0.0000,0.0000,0.0000,0.0000
Burst,58.60,29,2,0,0.0000,0.0000,0.0000,0.0000
Burst,59.10,0,0,0,0.0000,0.0000,0.0000,0.0000
Burst,59.10,0,1,0,0.0000,0.0000,0.0000,0.0000
Burst,59.10,0,2,0,0.0000,0.0000,0.0000,0.0000
Burst,59.10,1,0,0,0.0000,0.0000,0.0000,0.0000
Burst,59.10,1,1,0,0.0000,0.0000,0.0000,0.0000
Burst,59.10,1,2,0,0.0000,0.0000,0.0000,0.0000
Burst,59.10,2,0,0,0.0000,0.0000,0.0000,0.0000
Burst,59.10,2,1,0,0.0000,0.0000,0.0000,0.0000
Burst,59.10,2,2,0,0.0000,0.0000,0.0000,0.0000
Burst,59.10,3,0,0,0.0000,0.0000,0.0000,0.0000
Burst,59.10,3,1,0,0.0000,0.0000,0.0000,0.0000
Burst,59.10,3,2,0,0.0000,0.0000,0.0000,0.0000
Burst,59.10,4,0,2,0.0113,2.2423,-2.0896,-0.8132
Burst,59.10,4,1,2,0.0113,2.1762,-2.0520,-0.7238
Burst,59.10,4,2,0,0.0000,0.0000,0.0000,0.0000
Burst,59.10,5,0,0,0.0000,0.0000,0.0000,0.0000
Burst,59.10,5,1,10,0.0563,2.7836,-2.3379,-0.3112
Burst,59.10,5,2,0,0.0000,0.0000,0.0000,0.0000
Burst,59.10,6,0,0,0.0000,0.0000,0.0000,0.0000
Burst,59.10,6,1,11,0.0619,2.0964,-1.9203,-0.7062
Burst,59.10,6,2,0,0.0000,0.0000,0.0000,0.0000
Burst,59.10,7,0,0,0.0000,0.0000,0.0000,0.0000
Burst,59.10,7,1,18,0.1013,1.6843,-1.4448,-0.1458
Burst,59.10,7,2,0,0.0000,0.0000,0.0000,0.0000
Burst,59.10,8,0,0,0.0000,0.0000,0.0000,0.0000
Burst,59.10,8,1,26,0.1463,1.8476,-1.6702,-0.6761
Burst,59.10,8,2,0,0.0000,0.0000,0.0000,0.0000
Burst,59.10,9,0,0,0.0000,0.0000,0.0000,0.0000
Burst,59.10,9,1,15,0.0844,1.7291,-1.6880,-0.2038
Burst,59.10,9,2,0,0.0000,0.0000,0.0000,0.0000
Burst,59.10,10,0,0,0.0000,0.0000,0.0000,0.0000
Burst,59.10,10,1,13,0.0731,1.9435,-1.8695,-0.3746
Burst,59.10,10,2,0,0.0000,0.0000,0.0000,0.0000
Burst,59.10,11,0,0,0.0000,0.0000,0.0000,0.0000
Burst,59.10,11,1,12,0.0675,2.1577,-2.0618,-0.5164
Burst,59.10,11,2,0,0.0000,0.0000,0.0000,0.0000
Burst,59.10,12,0,0,0.0000,0.0000,0.0000,0.0000
Burst,59.10,12,1,9,0.0506,2.0094,-1.7771,-0.9006
Burst,59.10,12,2,1,0.0056,0.0000,0.0000,0.0000
Burst,59.10,13,0,0,0.0000,0.0000,0.0000,0.0000
Burst,59.10,13,1,0,0.0000,0.0000,0.0000,0.0000
Burst,59.10,13,2,0,0.0000,0.0000,0.0000,0.0000
Burst,59.10,14,0,0,0.0000,0.0000,0.0000,0.0000
Burst,59.10,14,1,0,0.0000,0.0000,0.0000,0.0000
Burst,59.10,14,2,0,0.0000,0.0000,0.0000,0.0000
Burst,59.10,15,0,0,0.0000,0.0000,0.0000,0.0000
Burst,59.10,15,1,1,0.0056,2.6832,2.6830,0.0311
Burst,59.10,15,2,0,0.0000,0.0000,0.0000,0.0000
Burst,59.10,16,0,0,0.0000,0.0000,0.0000,0.0000
Burst,59.10,16,1,11,0.0619,2.1906,2.1605,-0.2198
Burst,59.10,16,2,2,0.0113,2.2451,2.2449,-0.0159
Burst,59.10,17,0,0,0.0000,0.0000,0.0000,0.0000
Burst,59.10,17,1,12,0.0675,2.2389,2.2170,-0.1728
Burst,59.10,17,2,0,0.0000,0.0000,0.0000,0.0000
Burst,59.10,18,0,0,0.0000,0.0000,0.0000,0.0000
Burst,59.10,18,1,10,0.0563,2.1199,2.1089,-0.1230
Burst,59.10,18,2,0,0.0000,0.0000,0.0000,0.0000
Burst,59.10,19,0,0,0.0000,0.0000,0.0000,0.0000
Burst,59.10,19,1,23,0.1294,2.0501,2.0340,0.0726
Burst,59.10,19,2,0,0.0000,0.0000,0.0000,0.0000
Burst,59.10,20,0,0,0.0000,0.0000,0.0000,0.0000
Burst,59.10,20,1,15,0.0844,2.0136,1.9857,-0.1787
Burst,59.10,20,2,1,0.0056,2.3480,2.3480,-0.0038
Burst,59.10,21,0,0,0.0000,0.0000,0.0000,0.0000
Burst,59.10,21,1,15,0.0844,2.0610,2.0390,-0.0745
Burst,59.10,21,2,0,0.0000,0.0000,0.0000,0.0000
Burst,59.10,22,0,0,0.0000,0.0000,0.0000,0.0000
Burst,59.10,22,1,8,0.0450,2.4794,2.4210,-0.3167
Burst,59.10,22,2,0,0.0000,0.0000,0.0000,0.0000
Burst,59.10,23,0,0,0.0000,0.0000,0.0000,0.0000
Burst,59.10,23,1,7,0.0394,2.4179,2.3684,0.1732
Burst,59.10,23,2,0,0.0000,0.0000,0.0000,0.0000
Burst,59.10,24,0,0,0.0000,0.0000,0.0000,0.0000
Burst,59.10,24,1,7,0.0394,2.4844,2.4202,0.1338
Burst,59.10,24,2,0,0.0000,0.0000,0.0000,0.0000
Burst,59.10,25,0,0,0.0000,0.0000,0.0000,0.0000
Burst,59.10,25,1,3,0.0169,2.0909,1.9180,-0.8033
Burst,59.10,25,2,0,0.0000,0.0000,0.0000,0.0000
Burst,59.10,26,0,0,0.0000,0.0000,0.0000,0.0000
Burst,59.10,26,1,2,0.0113,2.6609,2.1696,-1.5044
Burst,59.10,26,2,0,0.0000,0.0000,0.0000,0.0000
Burst,59.10,27,0,0,0.0000,0.0000,0.0000,0.0000
Burst,59.10,27,1,0,0.0000,0.0000,0.0000,0.0000
Burst,59.10,27,2,0,0.0000,0.0000,0.0000,0.0000
Burst,59.10,28,0,0,0.0000,0.0000,0.0000,0.0000
Burst,59.10,28,1,0,0.0000,0.0000,0.0000,0.0000
Burst,59.10,28,2,0,0.0000,0.0000,0.0000,0.0000
Burst,59.10,29,0,0,0.0000,0.0000,0.0000,0.0000
Burst,59.10,29,1,0,0.0000,0.0000,0.0000,0.0000
Burst,59.10,29,2,0,0.0000,0.0000,0.0000,0.0000
Burst,59.62,0,0,0,0.0000,0.0000,0.0000,0.0000
Burst,59.62,0,1,0,0.0000,0.0000,0.0000,0.0000
Burst,59.62,0,2,0,0.0000,0.0000,0.0000,0.0000
Burst,59.62,1,0,0,0.0000,0.0000,0.0000,0.0000
Burst,59.62,1,1,0,0.0000,0.0000,0.0000,0.0000
Burst,59.62,1,2,0,0.0000,0.0000,0.0000,0.0000
Burst,59.62,2,0,0,0.0000,0.0000,0.0000,0.0000
Burst,59.62,2,1,0,0.0000,0.0000,0.0000,0.0000
Burst,59.62,2,2,0,0.0000,0.0000,0.0000,0.0000
Burst,59.62,3,0,0,0.0000,0.0000,0.0000,0.0000
Burst,59.62,3,1,0,0.0000,0.0000,0.0000,0.0000
Burst,59.62,3,2,0,0.0000,0.0000,0.0000,0.0000
Burst,59.62,4,0,2,0.0113,1.9406,-1.9179,0.1105
Burst,59.62,4,1,3,0.0169,2.3063,-2.1876,-0.5656
Burst,59.62,4,2,0,0.0000,0.0000,0.0000,0.0000
Burst,59.62,5,0,0,0.0000,0.0000,0.0000,0.0000
Burst,59.62,5,1,10,0.0563,1.8322,-1.4714,-0.9916
Burst,59.62,5,2,0,0.0000,0.0000,0.0000,0.0000
Burst,59.62,6,0,1,0.0056,2.4060,-1.6228,-1.7764
Burst,59.62,6,1,10,0.0563,1.9520,-1.8362,-0.5582
Burst,59.62,6,2,0,0.0000,0.0000,0.0000,0.0000
Burst,59.62,7,0,0,0.0000,0.0000,0.0000,0.0000
Burst,59.62,7,1,18,0.1013,1.5211,-1.2707,-0.2662
Burst,59.62,7,2,0,0.0000,0.0000,0.0000,0.0000
Burst,59.62,8,0,0,0.0000,0.0000,0.0000,0.0000
Burst,59.62,8,1,26,0.1463,1.5366,-1.3847,-0.5026
Burst,59.62,8,2,0,0.0000,0.0000,0.0000,0.0000
Burst,59.62,9,0,0,0.0000,0.0000,0.0000,0.0000
Burst,59.62,9,1,15,0.0844,1.8947,-1.8254,-0.2830
Burst,59.62,9,2,0,0.0000,0.0000,0.0000,0.0000
Burst,59.62,10,0,0,0.0000,0.0000,0.0000,0.0000
Burst,59.62,10,1,12,0.0675,1.7604,-1.6894,-0.2685
Burst,59.62,10,2,0,0.0000,0.0000,0.0000,0.0000
Burst,59.62,11,0,0,0.0000,0.0000,0.0000,0.0000
Burst,59.62,11,1,13,0.0731,1.9978,-1.9080,-0.3941
Burst,59.62,11,2,0,0.0000,0.0000,0.0000,0.0000
Burst,59.62,12,0,0,0.0000,0.0000,0.0000,0.0000
Burst,59.62,12,1,8,0.0450,1.8420,-1.6433,-0.7628
Burst,59.62,12,2,2,0.0113,0.6640,-0.5824,-0.3190
Burst,59.62,13,0,0,0.0000,0.0000,0.0000,0.0000
Burst,59.62,13,1,0,0.0000,0.0000,0.0000,0.0000
Burst,59.62,13,2,0,0.0000,0.0000,0.0000,0.0000
Burst,59.62,14,0,0,0.0000,0.0000,0.0000,0.0000
Burst,59.62,14,1,0,0.0000,0.0000,0.0000,0.0000
Burst,59.62,14,2,0,0.0000,0.0000,0.0000,0.0000
Burst,59.62,15,0,0,0.0000,0.0000,0.0000,0.0000
Burst,59.62,15,1,0,0.0000,0.0000,0.0000,0.0000
Burst,59.62,15,2,1,0.0056,0.0000,0.0000,0.0000
Burst,59.62,16,0,0,0.0000,0.0000,0.0000,0.0000
Burst,59.62,16,1,10,0.0563,2.0048,1.9845,-0.1527
Burst,59.62,16,2,3,0.0169,1.7259,1.7231,0.0255
Burst,59.62,17,0,0,0.0000,0.0000,0.0000,0.0000
Burst,59.62,17,1,12,0.0675,1.9211,1.8954,-0.1340
Burst,59.62,17,2,0,0.0000,0.0000,0.0000,0.0000
Burst,59.62,18,0,0,0.0000,0.0000,0.0000,0.0000
Burst,59.62,18,1,10,0.0563,2.0895,2.0696,-0.1300
Burst,59.62,18,2,0,0.0000,0.0000,0.0000,0.0000
Burst,59.62,19,0,0,0.0000,0.0000,0.0000,0.0000
Burst,59.62,19,1,23,0.1294,1.8067,1.7848,0.1003
Burst,59.62,19,2,0,0.0000,0.0000,0.0000,0.0000
Burst,59.62,20,0,0,0.0000,0.0000,0.0000,0.0000
Burst,59.62,20,1,16,0.0900,1.8808,1.8591,-0.2367
Burst,59.62,20,2,0,0.0000,0.0000,0.0000,0.0000
Burst,59.62,21,0,0,0.0000,0.0000,0.0000,0.0000
Burst,59.62,21,1,15,0.0844,1.8200,1.7971,-0.0475
Burst,59.62,21,2,0,0.0000,0.0000,0.0000,0.0000
Burst,59.62,22,0,0,0.0000,0.0000,0.0000,0.0000
Burst,59.62,22,1,8,0.0450,2.1043,2.0758,-0.0972
Burst,59.62,22,2,0,0.0000,0.0000,0.0000,0.0000
Burst,59.62,23,0,0,0.0000,0.0000,0.0000,0.0000
Burst,59.62,23,1,8,0.0450,2.2603,2.2432,0.1838
Burst,59.62,23,2,0,0.0000,0.0000,0.0000,0.0000
Burst,59.62,24,0,0,0.0000,0.0000,0.0000,0.0000
Burst,59.62,24,1,8,0.0450,2.2475,2.1595,0.1173
Burst,59.62,24,2,0,0.0000,0.0000,0.0000,0.0000
Burst,59.62,25,0,0,0.0000,0.0000,0.0000,0.0000
Burst,59.62,25,1,3,0.0169,2.2074,1.9670,-0.9883
Burst,59.62,25,2,0,0.0000,0.0000,0.0000,0.0000
Burst,59.62,26,0,0,0.0000,0.0000,0.0000,0.0000
Burst,59.62,26,1,2,0.0113,2.5428,2.2126,-1.2454
Burst,59.62,26,2,0,0.0000,0.0000,0.0000,0.0000
Burst,59.62,27,0,0,0.0000,0.0000,0.0000,0.0000
Burst,59.62,27,1,0,0.0000,0.0000,0.0000,0.0000
Burst,59.62,27,2,0,0.0000,0.0000,0.0000,0.0000
Burst,59.62,28,0,0,0.0000,0.0000,0.0000,0.0000
Burst,59.62,28,1,0,0.0000,0.0000,0.0000,0.0000
Burst,59.62,28,2,0,0.0000,0.0000,0.0000,0.0000
Burst,59.62,29,0,0,0.0000,0.0000,0.0000,0.0000
Burst,59.62,29,1,0,0.0000,0.0000,0.0000,0.0000
Burst,59.62,29,2,0,0.0000,0.0000,0.0000,0.0000
Burst,60.20,0,0,0,0.0000,0.0000,0.0000,0.0000
Burst,60.20,0,1,0,0.0000,0.0000,0.0000,0.0000
Burst,60.20,0,2,0,0.0000,0.0000,0.0000,0.0000
Burst,60.20,1,0,0,0.0000,0.0000,0.0000,0.0000
Burst,60.20,1,1,0,0.0000,0.0000,0.0000,0.0000
Burst,60.20,1,2,0,0.0000,0.0000,0.0000,0.0000
Burst,60.20,2,0,0,0.0000,0.0000,0.0000,0.0000
Burst,60.20,2,1,0,0.0000,0.0000,0.0000,0.0000
Burst,60.20,2,2,0,0.0000,0.0000,0.0000,0.0000
Burst,60.20,3,0,0,0.0000,0.0000,0.0000,0.0000
Burst,60.20,3,1,0,0.0000,0.0000,0.0000,0.0000
Burst,60.20,3,2,0,0.0000,0.0000,0.0000,0.0000
Burst,60.20,4,0,2,0.0113,2.0898,-1.8034,0.5683
Burst,60.20,4,1,3,0.0169,2.1058,-1.6837,-0.8617
Burst,60.20,4,2,0,0.0000,0.0000,0.0000,0.0000
Burst,60.20,5,0,0,0.0000,0.0000,0.0000,0.0000
Burst,60.20,5,1,9,0.0506,2.0060,-1.6401,-1.0433
Burst,60.20,5,2,0,0.0000,0.0000,0.0000,0.0000
Burst,60.20,6,0,1,0.0056,2.5156,-1.8451,-1.7099
Burst,60.20,6,1,12,0.0675,1.9327,-1.7626,-0.5699
Burst,60.20,6,2,0,0.0000,0.0000,0.0000,0.0000
Burst,60.20,7,0,0,0.0000,0.0000,0.0000,0.0000
Burst,60.20,7,1,17,0.0956,1.3883,-1.0113,-0.1885
Burst,60.20,7,2,0,0.0000,0.0000,0.0000,0.0000
Burst,60.20,8,0,0,0.0000,0.0000,0.0000,0.0000
Burst,60.20,8,1,26,0.1463,1.6999,-1.5091,-0.5608
Burst,60.20,8,2,0,0.0000,0.0000,0.0000,0.0000
Burst,60.20,9,0,0,0.0000,0.0000,0.0000,0.0000
Burst,60.20,9,1,16,0.0900,1.8123,-1.7695,-0.2306
Burst,60.20,9,2,0,0.0000,0.0000,0.0000,0.0000
Burst,60.20,10,0,0,0.0000,0.0000,0.0000,0.0000
Burst,60.20,10,1,12,0.0675,1.9685,-1.9232,-0.2491
Burst,60.20,10,2,0,0.0000,0.0000,0.0000,0.0000
Burst,60.20,11,0,0,0.0000,0.0000,0.0000,0.0000
Burst,60.20,11,1,13,0.0731,2.1685,-2.0840,-0.5068
Burst,60.20,11,2,0,0.0000,0.0000,0.0000,0.0000
Burst,60.20,12,0,0,0.0000,0.0000,0.0000,0.0000
Burst,60.20,12,1,10,0.0563,1.7767,-1.5463,-0.8208
Burst,60.20,12,2,0,0.0000,0.0000,0.0000,0.0000
Burst,60.20,13,0,0,0.0000,0.0000,0.0000,0.0000
Burst,60.20,13,1,0,0.0000,0.0000,0.0000,0.0000
Burst,60.20,13,2,0,0.0000,0.0000,0.0000,0.0000
Burst,60.20,14,0,0,0.0000,0.0000,0.0000,0.0000
Burst,60.20,14,1,0,0.0000,0.0000,0.0000,0.0000
Burst,60.20,14,2,0,0.0000,0.0000,0.0000,0.0000
Burst,60.20,15,0,0,0.0000,0.0000,0.0000,0.0000
Burst,60.20,15,1,1,0.0056,0.0000,0.0000,0.0000
Burst,60.20,15,2,1,0.0056,0.0000,0.0000,0.0000
Burst,60.20,16,0,0,0.0000,0.0000,0.0000,0.0000
Burst,60.20,16,1,9,0.0506,2.1384,2.1144,-0.0628
Burst,60.20,16,2,3,0.0169,2.0861,2.0793,0.0813
Burst,60.20,17,0,0,0.0000,0.0000,0.0000,0.0000
Burst,60.20,17,1,14,0.0788,1.9651,1.9336,-0.1639
Burst,60.20,17,2,0,0.0000,0.0000,0.0000,0.0000
Burst,60.20,18,0,0,0.0000,0.0000,0.0000,0.0000
Burst,60.20,18,1,9,0.0506,2.1201,2.0952,-0.1974
Burst,60.20,18,2,0,0.0000,0.0000,0.0000,0.0000
Burst,60.20,19,0,0,0.0000,0.0000,0.0000,0.0000
Burst,60.20,19,1,23,0.1294,1.8045,1.7865,-0.0513
Burst,60.20,19,2,0,0.0000,0.0000,0.0000,0.0000
Burst,60.20,20,0,0,0.0000,0.0000,0.0000,0.0000
Burst,60.20,20,1,17,0.0956,1.9784,1.9648,-0.1011
Burst,60.20,20,2,0,0.0000,0.0000,0.0000,0.0000
Burst,60.20,21,0,0,0.0000,0.0000,0.0000,0.0000
Burst,60.20,21,1,15,0.0844,1.9437,1.9225,-0.0863
Burst,60.20,21,2,0,0.0000,0.0000,0.0000,0.0000
Burst,60.20,22,0,0,0.0000,0.0000,0.0000,0.0000
Burst,60.20,22,1,8,0.0450,2.2127,2.1799,-0.2666
Burst,60.20,22,2,0,0.0000,0.0000,0.0000,0.0000
Burst,60.20,23,0,0,0.0000,0.0000,0.0000,0.0000
Burst,60.20,23,1,9,0.0506,2.4018,2.3805,-0.1443
Burst,60.20,23,2,0,0.0000,0.0000,0.0000,0.0000
Burst,60.20,24,0,0,0.0000,0.0000,0.0000,0.0000
Burst,60.20,24,1,6,0.0338,2.3335,2.2890,-0.0204
Burst,60.20,24,2,0,0.0000,0.0000,0.0000,0.0000
Burst,60.20,25,0,0,0.0000,0.0000,0.0000,0.0000
Burst,60.20,25,1,4,0.0225,4.6317,4.0105,1.4223
Burst,60.20,25,2,0,0.0000,0.0000,0.0000,0.0000
Burst,60.20,26,0,0,0.0000,0.0000,0.0000,0.0000
Burst,60.20,26,1,3,0.0169,2.4758,2.0864,-1.2890
Burst,60.20,26,2,0,0.0000,0.0000,0.0000,0.0000
Burst,60.20,27,0,0,0.0000,0.0000,0.0000,0.0000
Burst,60.20,27,1,0,0.0000,0.0000,0.0000,0.0000
Burst,60.20,27,2,0,0.0000,0.0000,0.0000,0.0000
Burst,60.20,28,0,0,0.0000,0.0000,0.0000,0.0000
Burst,60.20,28,1,0,0.0000,0.0000,0.0000,0.0000
Burst,60.20,28,2,0,0.0000,0.0000,0.0000,0.0000
Burst,60.20,29,0,0,0.0000,0.0000,0.0000,0.0000
Burst,60.20,29,1,0,0.0000,0.0000,0.0000,0.0000
Burst,60.20,29,2,0,0.0000,0.0000,0.0000,0.0000
Burst,60.73,0,0,0,0.0000,0.0000,0.0000,0.0000
Burst,60.73,0,1,0,0.0000,0.0000,0.0000,0.0000
Burst,60.73,0,2,0,0.0000,0.0000,0.0000,0.0000
Burst,60.73,1,0,0,0.0000,0.0000,0.0000,0.0000
Burst,60.73,1,1,0,0.0000,0.0000,0.0000,0.0000
Burst,60.73,1,2,0,0.0000,0.0000,0.0000,0.0000
Burst,60.73,2,0,0,0.0000,0.0000,0.0000,0.0000
Burst,60.73,2,1,0,0.0000,0.0000,0.0000,0.0000
Burst,60.73,2,2,0,0.0000,0.0000,0.0000,0.0000
Burst,60.73,3,0,0,0.0000,0.0000,0.0000,0.0000
Burst,60.73,3,1,0,0.0000,0.0000,0.0000,0.0000
Burst,60.73,3,2,0,0.0000,0.0000,0.0000,0.0000
Burst,60.73,4,0,2,0.0113,2.1803,-1.9989,0.4555
Burst,60.73,4,1,2,0.0113,2.0263,-1.6890,-1.0193
Burst,60.73,4,2,0,0.0000,0.0000,0.0000,0.0000
Burst,60.73,5,0,1,0.0056,2.5998,-1.5405,-2.0943
Burst,60.73,5,1,8,0.0450,1.9485,-1.7894,-0.5761
Burst,60.73,5,2,0,0.0000,0.0000,0.0000,0.0000
Burst,60.73,6,0,1,0.0056,2.6480,-2.5416,-0.7431
Burst,60.73,6,1,12,0.0675,1.7426,-1.4451,-0.7615
Burst,60.73,6,2,0,0.0000,0.0000,0.0000,0.0000
Burst,60.73,7,0,0,0.0000,0.0000,0.0000,0.0000
Burst,60.73,7,1,18,0.1013,1.5750,-1.3449,-0.2548
Burst,60.73,7,2,0,0.0000,0.0000,0.0000,0.0000
Burst,60.73,8,0,0,0.0000,0.0000,0.0000,0.0000
Burst,60.73,8,1,27,0.1519,1.6447,-1.3465,-0.5495
Burst,60.73,8,2,0,0.0000,0.0000,0.0000,0.0000
Burst,60.73,9,0,0,0.0000,0.0000,0.0000,0.0000
Burst,60.73,9,1,15,0.0844,1.7788,-1.7141,-0.3202
Burst,60.73,9,2,1,0.0056,0.0000,0.0000,0.0000
Burst,60.73,10,0,0,0.0000,0.0000,0.0000,0.0000
Burst,60.73,10,1,13,0.0731,1.8328,-1.7880,-0.2518
Burst,60.73,10,2,0,0.0000,0.0000,0.0000,0.0000
Burst,60.73,11,0,0,0.0000,0.0000,0.0000,0.0000
Burst,60.73,11,1,13,0.0731,2.0571,-1.9910,-0.4618
Burst,60.73,11,2,0,0.0000,0.0000,0.0000,0.0000
Burst,60.73,12,0,0,0.0000,0.0000,0.0000,0.0000
Burst,60.73,12,1,9,0.0506,1.7032,-1.5039,-0.7915
Burst,60.73,12,2,0,0.0000,0.0000,0.0000,0.0000
Burst,60.73,13,0,0,0.0000,0.0000,0.0000,0.0000
Burst,60.73,13,1,0,0.0000,0.0000,0.0000,0.0000
Burst,60.73,13,2,0,0.0000,0.0000,0.0000,0.0000
Burst,60.73,14,0,0,0.0000,0.0000,0.0000,0.0000
Burst,60.73,14,1,0,0.0000,0.0000,0.0000,0.0000
Burst,60.73,14,2,0,0.0000,0.0000,0.0000,0.0000
Burst,60.73,15,0,0,0.0000,0.0000,0.0000,0.0000
Burst,60.73,15,1,3,0.0169,1.2836,1.2763,-0.1212
Burst,60.73,15,2,0,0.0000,0.0000,0.0000,0.0000
Burst,60.73,16,0,0,0.0000,0.0000,0.0000,0.0000
Burst,60.73,16,1,8,0.0450,2.1251,2.1124,-0.0382
Burst,60.73,16,2,3,0.0169,2.0039,1.9799,0.2171
Burst,60.73,17,0,0,0.0000,0.0000,0.0000,0.0000
Burst,60.73,17,1,13,0.0731,1.8926,1.8802,-0.0713
Burst,60.73,17,2,0,0.0000,0.0000,0.0000,0.0000
Burst,60.73,18,0,0,0.0000,0.0000,0.0000,0.0000
Burst,60.73,18,1,10,0.0563,2.0502,2.0357,-0.1896
Burst,60.73,18,2,0,0.0000,0.0000,0.0000,0.0000
Burst,60.73,19,0,0,0.0000,0.0000,0.0000,0.0000
Burst,60.73,19,1,23,0.1294,1.7132,1.6976,-0.0543
Burst,60.73,19,2,0,0.0000,0.0000,0.0000,0.0000
Burst,60.73,20,0,0,0.0000,0.0000,0.0000,0.0000
Burst,60.73,20,1,18,0.1013,1.7868,1.5577,-0.1239
Burst,60.73,20,2,0,0.0000,0.0000,0.0000,0.0000
Burst,60.73,21,0,0,0.0000,0.0000,0.0000,0.0000
Burst,60.73,21,1,15,0.0844,1.8701,1.8402,-0.0866
Burst,60.73,21,2,0,0.0000,0.0000,0.0000,0.0000
Burst,60.73,22,0,0,0.0000,0.0000,0.0000,0.0000
Burst,60.73,22,1,9,0.0506,2.1456,2.1078,-0.1749
Burst,60.73,22,2,0,0.0000,0.0000,0.0000,0.0000
Burst,60.73,23,0,0,0.0000,0.0000,0.0000,0.0000
Burst,60.73,23,1,7,0.0394,2.2459,2.1633,-0.3448
Burst,60.73,23,2,0,0.0000,0.0000,0.0000,0.0000
Burst,60.73,24,0,0,0.0000,0.0000,0.0000,0.0000
Burst,60.73,24,1,8,0.0450,2.1918,2.1293,-0.1797
Burst,60.73,24,2,0,0.0000,0.0000,0.0000,0.0000
Burst,60.73,25,0,0,0.0000,0.0000,0.0000,0.0000
Burst,60.73,25,1,4,0.0225,6.7344,5.6349,2.7970
Burst,60.73,25,2,0,0.0000,0.0000,0.0000,0.0000
Burst,60.73,26,0,0,0.0000,0.0000,0.0000,0.0000
Burst,60.73,26,1,2,0.0113,2.2164,1.8236,-1.2216
Burst,60.73,26,2,0,0.0000,0.0000,0.0000,0.0000
Burst,60.73,27,0,0,0.0000,0.0000,0.0000,0.0000
Burst,60.73,27,1,0,0.0000,0.0000,0.0000,0.0000
Burst,60.73,27,2,0,0.0000,0.0000,0.0000,0.0000
Burst,60.73,28,0,0,0.0000,0.0000,0.0000,0.0000
Burst,60.73,28,1,0,0.0000,0.0000,0.0000,0.0000
Burst,60.73,28,2,0,0.0000,0.0000,0.0000,0.0000
Burst,60.73,29,0,0,0.0000,0.0000,0.0000,0.0000
Burst,60.73,29,1,0,0.0000,0.0000,0.0000,0.0000
Burst,60.73,29,2,0,0.0000,0.0000,0.0000,0.0000
Burst,61.24,0,0,0,0.0000,0.0000,0.0000,0.0000
Burst,61.24,0,1,0,0.0000,0.0000,0.0000,0.0000
Burst,61.24,0,2,0,0.0000,0.0000,0.0000,0.0000
Burst,61.24,1,0,0,0.0000,0.0000,0.0000,0.0000
Burst,61.24,1,1,0,0.0000,0.0000,0.0000,0.0000
Burst,61.24,1,2,0,0.0000,0.0000,0.0000,0.0000
Burst,61.24,2,0,0,0.0000,0.0000,0.0000,0.0000
Burst,61.24,2,1,0,0.0000,0.0000,0.0000,0.0000
Burst,61.24,2,2,0,0.0000,0.0000,0.0000,0.0000
Burst,61.24,3,0,0,0.0000,0.0000,0.0000,0.0000
Burst,61.24,3,1,0,0.0000,0.0000,0.0000,0.0000
Burst,61.24,3,2,0,0.0000,0.0000,0.0000,0.0000
Burst,61.24,4,0,1,0.0056,2.2245,-2.2240,0.0477
Burst,61.24,4,1,3,0.0169,1.9881,-1.8849,-0.5752
Burst,61.24,4,2,0,0.0000,0.0000,0.0000,0.0000
Burst,61.24,5,0,2,0.0113,2.7286,-2.4685,-0.8287
Burst,61.24,5,1,7,0.0394,1.8751,-1.7525,-0.6059
Burst,61.24,5,2,0,0.0000,0.0000,0.0000,0.0000
Burst,61.24,6,0,1,0.0056,2.2436,-1.4750,-1.6906
Burst,61.24,6,1,12,0.0675,1.9403,-1.5937,-0.8289
Burst,61.24,6,2,0,0.0000,0.0000,0.0000,0.0000
Burst,61.24,7,0,0,0.0000,0.0000,0.0000,0.0000
Burst,61.24,7,1,18,0.1013,1.6616,-1.5549,-0.1076
Burst,61.24,7,2,0,0.0000,0.0000,0.0000,0.0000
Burst,61.24,8,0,1,0.0056,2.1610,1.1406,-1.8355
Burst,61.24,8,1,27,0.1519,1.6857,-1.4750,-0.5182
Burst,61.24,8,2,0,0.0000,0.0000,0.0000,0.0000
Burst,61.24,9,0,0,0.0000,0.0000,0.0000,0.0000
Burst,61.24,9,1,16,0.0900,1.7238,-1.6616,-0.2194
Burst,61.24,9,2,0,0.0000,0.0000,0.0000,0.0000
Burst,61.24,10,0,0,0.0000,0.0000,0.0000,0.0000
Burst,61.24,10,1,13,0.0731,1.8823,-1.8159,-0.4260
Burst,61.24,10,2,0,0.0000,0.0000,0.0000,0.0000
Burst,61.24,11,0,0,0.0000,0.0000,0.0000,0.0000
Burst,61.24,11,1,12,0.0675,2.1044,-2.0358,-0.4586
Burst,61.24,11,2,0,0.0000,0.0000,0.0000,0.0000
Burst,61.24,12,0,0,0.0000,0.0000,0.0000,0.0000
Burst,61.24,12,1,10,0.0563,1.7419,-1.5557,-0.7458
Burst,61.24,12,2,0,0.0000,0.0000,0.0000,0.0000
Burst,61.24,13,0,0,0.0000,0.0000,0.0000,0.0000
Burst,61.24,13,1,0,0.0000,0.0000,0.0000,0.0000
Burst,61.24,13,2,0,0.0000,0.0000,0.0000,0.0000
Burst,61.24,14,0,0,0.0000,0.0000,0.0000,0.0000
Burst,61.24,14,1,0,0.0000,0.0000,0.0000,0.0000
Burst,61.24,14,2,0,0.0000,0.0000,0.0000,0.0000
Burst,61.24,15,0,0,0.0000,0.0000,0.0000,0.0000
Burst,61.24,15,1,2,0.0113,0.9808,0.9752,0.1043
Burst,61.24,15,2,0,0.0000,0.0000,0.0000,0.0000
Burst,61.24,16,0,0,0.0000,0.0000,0.0000,0.0000
Burst,61.24,16,1,7,0.0394,2.0742,2.0486,-0.1384
Burst,61.24,16,2,5,0.0281,2.0444,2.0348,0.1346
Burst,61.24,17,0,0,0.0000,0.0000,0.0000,0.0000
Burst,61.24,17,1,14,0.0788,2.0527,2.0330,-0.0706
Burst,61.24,17,2,0,0.0000,0.0000,0.0000,0.0000
Burst,61.24,18,0,0,0.0000,0.0000,0.0000,0.0000
Burst,61.24,18,1,9,0.0506,2.0033,1.9703,-0.2236
Burst,61.24,18,2,0,0.0000,0.0000,0.0000,0.0000
Burst,61.24,19,0,0,0.0000,0.0000,0.0000,0.0000
Burst,61.24,19,1,24,0.1350,1.8995,1.8847,-0.0140
Burst,61.24,19,2,0,0.0000,0.0000,0.0000,0.0000
Burst,61.24,20,0,0,0.0000,0.0000,0.0000,0.0000
Burst,61.24,20,1,17,0.0956,1.9320,1.7601,-0.1982
Burst,61.24,20,2,0,0.0000,0.0000,0.0000,0.0000
Burst,61.24,21,0,0,0.0000,0.0000,0.0000,0.0000
Burst,61.24,21,1,15,0.0844,1.9560,1.9330,-0.0549
Burst,61.24,21,2,0,0.0000,0.0000,0.0000,0.0000
Burst,61.24,22,0,0,0.0000,0.0000,0.0000,0.0000
Burst,61.24,22,1,10,0.0563,2.1124,2.0758,-0.2637
Burst,61.24,22,2,0,0.0000,0.0000,0.0000,0.0000
Burst,61.24,23,0,0,0.0000,0.0000,0.0000,0.0000
Burst,61.24,23,1,6,0.0338,2.1005,2.0611,-0.2708
Burst,61.24,23,2,0,0.0000,0.0000,0.0000,0.0000
Burst,61.24,24,0,0,0.0000,0.0000,0.0000,0.0000
Burst,61.24,24,1,8,0.0450,2.6173,2.5227,0.1470
Burst,61.24,24,2,0,0.0000,0.0000,0.0000,0.0000
Burst,61.24,25,0,0,0.0000,0.0000,0.0000,0.0000
Burst,61.24,25,1,5,0.0281,2.3115,2.1073,-0.7302
Burst,61.24,25,2,0,0.0000,0.0000,0.0000,0.0000
Burst,61.24,26,0,0,0.0000,0.0000,0.0000,0.0000
Burst,61.24,26,1,2,0.0113,2.5514,2.2333,-1.2333
Burst,61.24,26,2,0,0.0000,0.0000,0.0000,0.0000
Burst,61.24,27,0,0,0.0000,0.0000,0.0000,0.0000
Burst,61.24,27,1,0,0.0000,0.0000,0.0000,0.0000
Burst,61.24,27,2,0,0.0000,0.0000,0.0000,0.0000
Burst,61.24,28,0,0,0.0000,0.0000,0.0000,0.0000
Burst,61.24,28,1,0,0.0000,0.0000,0.0000,0.0000
Burst,61.24,28,2,0,0.0000,0.0000,0.0000,0.0000
Burst,61.24,29,0,0,0.0000,0.0000,0.0000,0.0000
Burst,61.24,29,1,0,0.0000,0.0000,0.0000,0.0000
Burst,61.24,29,2,0,0.0000,0.0000,0.0000,0.0000
Burst,61.76,0,0,0,0.0000,0.0000,0.0000,0.0000
Burst,61.76,0,1,0,0.0000,0.0000,0.0000,0.0000
Burst,61.76,0,2,0,0.0000,0.0000,0.0000,0.0000
Burst,61.76,1,0,0,0.0000,0.0000,0.0000,0.0000
Burst,61.76,1,1,0,0.0000,0.0000,0.0000,0.0000
Burst,61.76,1,2,0,0.0000,0.0000,0.0000,0.0000
Burst,61.76,2,0,0,0.0000,0.0000,0.0000,0.0000
Burst,61.76,2,1,0,0.0000,0.0000,0.0000,0.0000
Burst,61.76,2,2,0,0.0000,0.0000,0.0000,0.0000
Burst,61.76,3,0,0,0.0000,0.0000,0.0000,0.0000
Burst,61.76,3,1,0,0.0000,0.0000,0.0000,0.0000
Burst,61.76,3,2,0,0.0000,0.0000,0.0000,0.0000
Burst,61.76,4,0,0,0.0000,0.0000,0.0000,0.0000
Burst,61.76,4,1,2,0.0113,2.0674,-1.9861,-0.4726
Burst,61.76,4,2,0,0.0000,0.0000,0.0000,0.0000
Burst,61.76,5,0,2,0.0113,2.7696,-2.5877,-0.4189
Burst,61.76,5,1,8,0.0450,2.0324,-1.8453,-0.8016
Burst,61.76,5,2,0,0.0000,0.0000,0.0000,0.0000
Burst,61.76,6,0,2,0.0113,2.3920,-1.2926,-2.0094
Burst,61.76,6,1,11,0.0619,2.4461,-2.0677,-0.2904
Burst,61.76,6,2,0,0.0000,0.0000,0.0000,0.0000
Burst,61.76,7,0,0,0.0000,0.0000,0.0000,0.0000
Burst,61.76,7,1,17,0.0956,1.7337,-1.6037,-0.0417
Burst,61.76,7,2,0,0.0000,0.0000,0.0000,0.0000
Burst,61.76,8,0,1,0.0056,2.1333,1.2568,-1.7238
Burst,61.76,8,1,29,0.1631,1.6268,-1.3547,-0.5029
Burst,61.76,8,2,0,0.0000,0.0000,0.0000,0.0000
Burst,61.76,9,0,0,0.0000,0.0000,0.0000,0.0000
Burst,61.76,9,1,15,0.0844,1.7812,-1.7114,-0.2504
Burst,61.76,9,2,0,0.0000,0.0000,0.0000,0.0000
Burst,61.76,10,0,0,0.0000,0.0000,0.0000,0.0000
Burst,61.76,10,1,13,0.0731,2.0108,-1.9735,-0.3061
Burst,61.76,10,2,0,0.0000,0.0000,0.0000,0.0000
Burst,61.76,11,0,0,0.0000,0.0000,0.0000,0.0000
Burst,61.76,11,1,14,0.0788,2.1982,-2.1138,-0.4690
Burst,61.76,11,2,0,0.0000,0.0000,0.0000,0.0000
Burst,61.76,12,0,0,0.0000,0.0000,0.0000,0.0000
Burst,61.76,12,1,8,0.0450,1.7756,-1.5410,-0.8692
Burst,61.76,12,2,2,0.0113,0.0000,0.0000,0.0000
Burst,61.76,13,0,0,0.0000,0.0000,0.0000,0.0000
Burst,61.76,13,1,0,0.0000,0.0000,0.0000,0.0000
Burst,61.76,13,2,0,0.0000,0.0000,0.0000,0.0000
Burst,61.76,14,0,0,0.0000,0.0000,0.0000,0.0000
Burst,61.76,14,1,0,0.0000,0.0000,0.0000,0.0000
Burst,61.76,14,2,0,0.0000,0.0000,0.0000,0.0000
Burst,61.76,15,0,0,0.0000,0.0000,0.0000,0.0000
Burst,61.76,15,1,3,0.0169,0.6860,0.6661,-0.1638
Burst,61.76,15,2,0,0.0000,0.0000,0.0000,0.0000
Burst,61.76,16,0,0,0.0000,0.0000,0.0000,0.0000
Burst,61.76,16,1,8,0.0450,2.0539,2.0497,-0.0870
Burst,61.76,16,2,5,0.0281,2.1320,2.1306,-0.0187
Burst,61.76,17,0,0,0.0000,0.0000,0.0000,0.0000
Burst,61.76,17,1,12,0.0675,2.0238,2.0194,-0.0603
Burst,61.76,17,2,0,0.0000,0.0000,0.0000,0.0000
Burst,61.76,18,0,0,0.0000,0.0000,0.0000,0.0000
Burst,61.76,18,1,11,0.0619,2.1717,2.1541,-0.1752
Burst,61.76,18,2,0,0.0000,0.0000,0.0000,0.0000
Burst,61.76,19,0,0,0.0000,0.0000,0.0000,0.0000
Burst,61.76,19,1,23,0.1294,1.8199,1.6815,0.1308
Burst,61.76,19,2,1,0.0056,1.7189,0.9881,1.4065
Burst,61.76,20,0,0,0.0000,0.0000,0.0000,0.0000
Burst,61.76,20,1,17,0.0956,1.9412,1.9130,-0.1967
Burst,61.76,20,2,0,0.0000,0.0000,0.0000,0.0000
Burst,61.76,21,0,0,0.0000,0.0000,0.0000,0.0000
Burst,61.76,21,1,15,0.0844,1.9259,1.8994,-0.0803
Burst,61.76,21,2,0,0.0000,0.0000,0.0000,0.0000
Burst,61.76,22,0,0,0.0000,0.0000,0.0000,0.0000
Burst,61.76,22,1,10,0.0563,2.1554,2.1226,-0.1866
Burst,61.76,22,2,0,0.0000,0.0000,0.0000,0.0000
Burst,61.76,23,0,0,0.0000,0.0000,0.0000,0.0000
Burst,61.76,23,1,7,0.0394,2.1725,2.1513,0.0421
Burst,61.76,23,2,0,0.0000,0.0000,0.0000,0.0000
Burst,61.76,24,0,0,0.0000,0.0000,0.0000,0.0000
Burst,61.76,24,1,7,0.0394,2.3016,2.2245,-0.3212
Burst,61.76,24,2,0,0.0000,0.0000,0.0000,0.0000
Burst,61.76,25,0,0,0.0000,0.0000,0.0000,0.0000
Burst,61.76,25,1,5,0.0281,4.1117,3.4570,0.9208
Burst,61.76,25,2,0,0.0000,0.0000,0.0000,0.0000
Burst,61.76,26,0,0,0.0000,0.0000,0.0000,0.0000
Burst,61.76,26,1,2,0.0113,2.0919,1.8702,-0.9272
Burst,61.76,26,2,0,0.0000,0.0000,0.0000,0.0000
Burst,61.76,27,0,0,0.0000,0.0000,0.0000,0.0000
Burst,61.76,27,1,0,0.0000,0.0000,0.0000,0.0000
Burst,61.76,27,2,0,0.0000,0.0000,0.0000,0.0000
Burst,61.76,28,0,0,0.0000,0.0000,0.0000,0.0000
Burst,61.76,28,1,0,0.0000,0.0000,0.0000,0.0000
Burst,61.76,28,2,0,0.0000,0.0000,0.0000,0.0000
Burst,61.76,29,0,0,0.0000,0.0000,0.0000,0.0000
Burst,61.76,29,1,0,0.0000,0.0000,0.0000,0.0000
Burst,61.76,29,2,0,0.0000,0.0000,0.0000,0.0000
Burst,62.29,0,0,0,0.0000,0.0000,0.0000,0.0000
Burst,62.29,0,1,0,0.0000,0.0000,0.0000,0.0000
Burst,62.29,0,2,0,0.0000,0.0000,0.0000,0.0000
Burst,62.29,1,0,0,0.0000,0.0000,0.0000,0.0000
Burst,62.29,1,1,0,0.0000,0.0000,0.0000,0.0000
Burst,62.29,1,2,0,0.0000,0.0000,0.0000,0.0000
Burst,62.29,2,0,0,0.0000,0.0000,0.0000,0.0000
Burst,62.29,2,1,0,0.0000,0.0000,0.0000,0.0000
Burst,62.29,2,2,0,0.0000,0.0000,0.0000,0.0000
Burst,62.29,3,0,0,0.0000,0.0000,0.0000,0.0000
Burst,62.29,3,1,0,0.0000,0.0000,0.0000,0.0000
Burst,62.29,3,2,0,0.0000,0.0000,0.0000,0.0000
Burst,62.29,4,0,1,0.0056,2.7838,-2.7403,-0.4903
Burst,62.29,4,1,3,0.0169,2.2326,-2.1945,-0.1654
Burst,62.29,4,2,0,0.0000,0.0000,0.0000,0.0000
Burst,62.29,5,0,3,0.0169,2.6336,-2.5627,-0.4045
Burst,62.29,5,1,5,0.0281,1.8733,-1.6571,-0.8393
Burst,62.29,5,2,0,0.0000,0.0000,0.0000,0.0000
Burst,62.29,6,0,2,0.0113,2.4422,-1.5368,-1.8978
Burst,62.29,6,1,11,0.0619,2.8156,-2.4693,0.0406
Burst,62.29,6,2,0,0.0000,0.0000,0.0000,0.0000
Burst,62.29,7,0,0,0.0000,0.0000,0.0000,0.0000
Burst,62.29,7,1,21,0.1181,1.6115,-1.4650,-0.0087
Burst,62.29,7,2,0,0.0000,0.0000,0.0000,0.0000
Burst,62.29,8,0,1,0.0056,1.8170,0.9613,-1.5419
Burst,62.29,8,1,26,0.1463,1.6093,-1.3346,-0.4255
Burst,62.29,8,2,0,0.0000,0.0000,0.0000,0.0000
Burst,62.29,9,0,0,0.0000,0.0000,0.0000,0.0000
Burst,62.29,9,1,17,0.0956,1.7678,-1.7026,-0.2645
Burst,62.29,9,2,0,0.0000,0.0000,0.0000,0.0000
Burst,62.29,10,0,0,0.0000,0.0000,0.0000,0.0000
Burst,62.29,10,1,13,0.0731,1.9017,-1.8774,-0.2318
Burst,62.29,10,2,0,0.0000,0.0000,0.0000,0.0000
Burst,62.29,11,0,0,0.0000,0.0000,0.0000,0.0000
Burst,62.29,11,1,12,0.0675,2.1684,-2.0982,-0.4260
Burst,62.29,11,2,0,0.0000,0.0000,0.0000,0.0000
Burst,62.29,12,0,0,0.0000,0.0000,0.0000,0.0000
Burst,62.29,12,1,11,0.0619,1.6441,-1.4285,-0.7741
Burst,62.29,12,2,0,0.0000,0.0000,0.0000,0.0000
Burst,62.29,13,0,0,0.0000,0.0000,0.0000,0.0000
Burst,62.29,13,1,0,0.0000,0.0000,0.0000,0.0000
Burst,62.29,13,2,0,0.0000,0.0000,0.0000,0.0000
Burst,62.29,14,0,0,0.0000,0.0000,0.0000,0.0000
Burst,62.29,14,1,0,0.0000,0.0000,0.0000,0.0000
Burst,62.29,14,2,0,0.0000,0.0000,0.0000,0.0000
Burst,62.29,15,0,0,0.0000,0.0000,0.0000,0.0000
Burst,62.29,15,1,3,0.0169,1.1470,1.1451,0.0631
Burst,62.29,15,2,0,0.0000,0.0000,0.0000,0.0000
Burst,62.29,16,0,0,0.0000,0.0000,0.0000,0.0000
Burst,62.29,16,1,10,0.0563,2.1343,2.1160,-0.1102
Burst,62.29,16,2,3,0.0169,2.0836,2.0781,-0.0076
Burst,62.29,17,0,0,0.0000,0.0000,0.0000,0.0000
Burst,62.29,17,1,12,0.0675,1.9869,1.9745,-0.0457
Burst,62.29,17,2,0,0.0000,0.0000,0.0000,0.0000
Burst,62.29,18,0,0,0.0000,0.0000,0.0000,0.0000
Burst,62.29,18,1,11,0.0619,2.0560,2.0362,-0.1096
Burst,62.29,18,2,0,0.0000,0.0000,0.0000,0.0000
Burst,62.29,19,0,0,0.0000,0.0000,0.0000,0.0000
Burst,62.29,19,1,24,0.1350,1.6818,1.5398,0.0373
Burst,62.29,19,2,1,0.0056,1.7812,1.2886,1.2297
Burst,62.29,20,0,0,0.0000,0.0000,0.0000,0.0000
Burst,62.29,20,1,16,0.0900,1.8839,1.8650,-0.1639
Burst,62.29,20,2,0,0.0000,0.0000,0.0000,0.0000
Burst,62.29,21,0,0,0.0000,0.0000,0.0000,0.0000
Burst,62.29,21,1,16,0.0900,1.8800,1.8608,-0.0334
Burst,62.29,21,2,0,0.0000,0.0000,0.0000,0.0000
Burst,62.29,22,0,0,0.0000,0.0000,0.0000,0.0000
Burst,62.29,22,1,10,0.0563,2.1135,2.0775,-0.2276
Burst,62.29,22,2,0,0.0000,0.0000,0.0000,0.0000
Burst,62.29,23,0,0,0.0000,0.0000,0.0000,0.0000
Burst,62.29,23,1,8,0.0450,2.1522,2.1158,0.0619
Burst,62.29,23,2,0,0.0000,0.0000,0.0000,0.0000
Burst,62.29,24,0,0,0.0000,0.0000,0.0000,0.0000
Burst,62.29,24,1,6,0.0338,2.2632,2.1518,-0.4465
Burst,62.29,24,2,0,0.0000,0.0000,0.0000,0.0000
Burst,62.29,25,0,0,0.0000,0.0000,0.0000,0.0000
Burst,62.29,25,1,5,0.0281,4.6944,4.1438,1.3885
Burst,62.29,25,2,0,0.0000,0.0000,0.0000,0.0000
Burst,62.29,26,0,0,0.0000,0.0000,0.0000,0.0000
Burst,62.29,26,1,3,0.0169,2.2972,2.0720,-0.9695
Burst,62.29,26,2,0,0.0000,0.0000,0.0000,0.0000
Burst,62.29,27,0,0,0.0000,0.0000,0.0000,0.0000
Burst,62.29,27,1,0,0.0000,0.0000,0.0000,0.0000
Burst,62.29,27,2,0,0.0000,0.0000,0.0000,0.0000
Burst,62.29,28,0,0,0.0000,0.0000,0.0000,0.0000
Burst,62.29,28,1,0,0.0000,0.0000,0.0000,0.0000
Burst,62.29,28,2,0,0.0000,0.0000,0.0000,0.0000
Burst,62.29,29,0,0,0.0000,0.0000,0.0000,0.0000
Burst,62.29,29,1,0,0.0000,0.0000,0.0000,0.0000
Burst,62.29,29,2,0,0.0000,0.0000,0.0000,0.0000
Burst,62.91,0,0,0,0.0000,0.0000,0.0000,0.0000
Burst,62.91,0,1,0,0.0000,0.0000,0.0000,0.0000
Burst,62.91,0,2,0,0.0000,0.0000,0.0000,0.0000
Burst,62.91,1,0,0,0.0000,0.0000,0.0000,0.0000
Burst,62.91,1,1,0,0.0000,0.0000,0.0000,0.0000
Burst,62.91,1,2,0,0.0000,0.0000,0.0000,0.0000
Burst,62.91,2,0,0,0.0000,0.0000,0.0000,0.0000
Burst,62.91,2,1,0,0.0000,0.0000,0.0000,0.0000
Burst,62.91,2,2,0,0.0000,0.0000,0.0000,0.0000
Burst,62.91,3,0,0,0.0000,0.0000,0.0000,0.0000
Burst,62.91,3,1,0,0.0000,0.0000,0.0000,0.0000
Burst,62.91,3,2,0,0.0000,0.0000,0.0000,0.0000
Burst,62.91,4,0,1,0.0056,2.0977,-2.0537,0.4270
Burst,62.91,4,1,3,0.0169,1.9805,-1.8572,-0.5862
Burst,62.91,4,2,0,0.0000,0.0000,0.0000,0.0000
Burst,62.91,5,0,3,0.0169,2.5739,-2.5304,0.2372
Burst,62.91,5,1,6,0.0338,3.3777,-2.9541,0.3853
Burst,62.91,5,2,0,0.0000,0.0000,0.0000,0.0000
Burst,62.91,6,0,3,0.0169,2.4922,-1.5544,-1.9451
Burst,62.91,6,1,10,0.0563,2.0010,-1.8774,-0.2394
Burst,62.91,6,2,0,0.0000,0.0000,0.0000,0.0000
Burst,62.91,7,0,0,0.0000,0.0000,0.0000,0.0000
Burst,62.91,7,1,20,0.1125,1.5345,-1.3139,-0.0008
Burst,62.91,7,2,0,0.0000,0.0000,0.0000,0.0000
Burst,62.91,8,0,1,0.0056,2.2786,0.6250,-2.1912
Burst,62.91,8,1,27,0.1519,1.6186,-1.3681,-0.3629
Burst,62.91,8,2,0,0.0000,0.0000,0.0000,0.0000
Burst,62.91,9,0,0,0.0000,0.0000,0.0000,0.0000
Burst,62.91,9,1,16,0.0900,1.9640,-1.8966,-0.2727
Burst,62.91,9,2,0,0.0000,0.0000,0.0000,0.0000
Burst,62.91,10,0,0,0.0000,0.0000,0.0000,0.0000
Burst,62.91,10,1,13,0.0731,1.8500,-1.8192,-0.1781
Burst,62.91,10,2,0,0.0000,0.0000,0.0000,0.0000
Burst,62.91,11,0,0,0.0000,0.0000,0.0000,0.0000
Burst,62.91,11,1,13,0.0731,2.0614,-1.9808,-0.5294
Burst,62.91,11,2,0,0.0000,0.0000,0.0000,0.0000
Burst,62.91,12,0,0,0.0000,0.0000,0.0000,0.0000
Burst,62.91,12,1,9,0.0506,1.7330,-1.5207,-0.7658
Burst,62.91,12,2,0,0.0000,0.0000,0.0000,0.0000
Burst,62.91,13,0,0,0.0000,0.0000,0.0000,0.0000
Burst,62.91,13,1,0,0.0000,0.0000,0.0000,0.0000
Burst,62.91,13,2,0,0.0000,0.0000,0.0000,0.0000
Burst,62.91,14,0,0,0.0000,0.0000,0.0000,0.0000
Burst,62.91,14,1,0,0.0000,0.0000,0.0000,0.0000
Burst,62.91,14,2,0,0.0000,0.0000,0.0000,0.0000
Burst,62.91,15,0,0,0.0000,0.0000,0.0000,0.0000
Burst,62.91,15,1,2,0.0113,1.0637,1.0635,0.0170
Burst,62.91,15,2,0,0.0000,0.0000,0.0000,0.0000
Burst,62.91,16,0,0,0.0000,0.0000,0.0000,0.0000
Burst,62.91,16,1,9,0.0506,2.0755,2.0671,-0.0031
Burst,62.91,16,2,4,0.0225,1.8963,1.8894,-0.0098
Burst,62.91,17,0,0,0.0000,0.0000,0.0000,0.0000
Burst,62.91,17,1,13,0.0731,1.8907,1.8776,-0.0307
Burst,62.91,17,2,0,0.0000,0.0000,0.0000,0.0000
Burst,62.91,18,0,0,0.0000,0.0000,0.0000,0.0000
Burst,62.91,18,1,11,0.0619,1.9898,1.9691,-0.1818
Burst,62.91,18,2,0,0.0000,0.0000,0.0000,0.0000
Burst,62.91,19,0,0,0.0000,0.0000,0.0000,0.0000
Burst,62.91,19,1,24,0.1350,1.8191,1.7644,-0.0071
Burst,62.91,19,2,0,0.0000,0.0000,0.0000,0.0000
Burst,62.91,20,0,0,0.0000,0.0000,0.0000,0.0000
Burst,62.91,20,1,17,0.0956,1.7739,1.7656,-0.0633
Burst,62.91,20,2,1,0.0056,2.8492,1.9541,2.0735
Burst,62.91,21,0,0,0.0000,0.0000,0.0000,0.0000
Burst,62.91,21,1,16,0.0900,1.8533,1.8387,-0.0770
Burst,62.91,21,2,0,0.0000,0.0000,0.0000,0.0000
Burst,62.91,22,0,0,0.0000,0.0000,0.0000,0.0000
Burst,62.91,22,1,10,0.0563,2.1991,2.1701,-0.1946
Burst,62.91,22,2,0,0.0000,0.0000,0.0000,0.0000
Burst,62.91,23,0,0,0.0000,0.0000,0.0000,0.0000
Burst,62.91,23,1,8,0.0450,2.0647,1.9831,0.0324
Burst,62.91,23,2,0,0.0000,0.0000,0.0000,0.0000
Burst,62.91,24,0,0,0.0000,0.0000,0.0000,0.0000
Burst,62.91,24,1,7,0.0394,2.2923,2.2103,-0.3673
Burst,62.91,24,2,0,0.0000,0.0000,0.0000,0.0000
Burst,62.91,25,0,0,0.0000,0.0000,0.0000,0.0000
Burst,62.91,25,1,5,0.0281,3.1292,2.8265,0.3504
Burst,62.91,25,2,0,0.0000,0.0000,0.0000,0.0000
Burst,62.91,26,0,0,0.0000,0.0000,0.0000,0.0000
Burst,62.91,26,1,3,0.0169,2.2588,1.9780,-1.0601
Burst,62.91,26,2,0,0.0000,0.0000,0.0000,0.0000
Burst,62.91,27,0,0,0.0000,0.0000,0.0000,0.0000
Burst,62.91,27,1,0,0.0000,0.0000,0.0000,0.0000
Burst,62.91,27,2,0,0.0000,0.0000,0.0000,0.0000
Burst,62.91,28,0,0,0.0000,0.0000,0.0000,0.0000
Burst,62.91,28,1,0,0.0000,0.0000,0.0000,0.0000
Burst,62.91,28,2,0,0.0000,0.0000,0.0000,0.0000
Burst,62.91,29,0,0,0.0000,0.0000,0.0000,0.0000
Burst,62.91,29,1,0,0.0000,0.0000,0.0000,0.0000
Burst,62.91,29,2,0,0.0000,0.0000,0.0000,0.0000
Burst,63.47,0,0,0,0.0000,0.0000,0.0000,0.0000
Burst,63.47,0,1,0,0.0000,0.0000,0.0000,0.0000
Burst,63.47,0,2,0,0.0000,0.0000,0.0000,0.0000
Burst,63.47,1,0,0,0.0000,0.0000,0.0000,0.0000
Burst,63.47,1,1,0,0.0000,0.0000,0.0000,0.0000
Burst,63.47,1,2,0,0.0000,0.0000,0.0000,0.0000
Burst,63.47,2,0,0,0.0000,0.0000,0.0000,0.0000
Burst,63.47,2,1,0,0.0000,0.0000,0.0000,0.0000
Burst,63.47,2,2,0,0.0000,0.0000,0.0000,0.0000
Burst,63.47,3,0,0,0.0000,0.0000,0.0000,0.0000
Burst,63.47,3,1,0,0.0000,0.0000,0.0000,0.0000
Burst,63.47,3,2,0,0.0000,0.0000,0.0000,0.0000
Burst,63.47,4,0,1,0.0056,1.6161,-1.5446,0.4753
Burst,63.47,4,1,2,0.0113,2.0867,-2.0165,-0.4332
Burst,63.47,4,2,0,0.0000,0.0000,0.0000,0.0000
Burst,63.47,5,0,3,0.0169,2.7539,-2.6308,-0.2703
Burst,63.47,5,1,8,0.0450,2.5197,-2.2804,-0.3147
Burst,63.47,5,2,0,0.0000,0.0000,0.0000,0.0000
Burst,63.47,6,0,3,0.0169,2.4608,-1.3444,-2.0136
Burst,63.47,6,1,8,0.0450,2.0714,-1.9772,-0.3303
Burst,63.47,6,2,0,0.0000,0.0000,0.0000,0.0000
Burst,63.47,7,0,0,0.0000,0.0000,0.0000,0.0000
Burst,63.47,7,1,20,0.1125,1.6350,-1.4905,-0.0089
Burst,63.47,7,2,0,0.0000,0.0000,0.0000,0.0000
Burst,63.47,8,0,1,0.0056,2.4667,-1.5898,-1.8861
Burst,63.47,8,1,27,0.1519,1.7074,-1.1381,-0.4280
Burst,63.47,8,2,0,0.0000,0.0000,0.0000,0.0000
Burst,63.47,9,0,0,0.0000,0.0000,0.0000,0.0000
Burst,63.47,9,1,16,0.0900,1.9470,-1.8640,-0.3661
Burst,63.47,9,2,1,0.0056,0.0000,0.0000,0.0000
Burst,63.47,10,0,0,0.0000,0.0000,0.0000,0.0000
Burst,63.47,10,1,15,0.0844,1.9018,-1.8794,-0.0514
Burst,63.47,10,2,0,0.0000,0.0000,0.0000,0.0000
Burst,63.47,11,0,0,0.0000,0.0000,0.0000,0.0000
Burst,63.47,11,1,12,0.0675,2.1729,-2.0664,-0.5840
Burst,63.47,11,2,0,0.0000,0.0000,0.0000,0.0000
Burst,63.47,12,0,0,0.0000,0.0000,0.0000,0.0000
Burst,63.47,12,1,8,0.0450,2.0204,-1.8465,-0.7484
Burst,63.47,12,2,0,0.0000,0.0000,0.0000,0.0000
Burst,63.47,13,0,0,0.0000,0.0000,0.0000,0.0000
Burst,63.47,13,1,0,0.0000,0.0000,0.0000,0.0000
Burst,63.47,13,2,0,0.0000,0.0000,0.0000,0.0000
Burst,63.47,14,0,0,0.0000,0.0000,0.0000,0.0000
Burst,63.47,14,1,0,0.0000,0.0000,0.0000,0.0000
Burst,63.47,14,2,0,0.0000,0.0000,0.0000,0.0000
Burst,63.47,15,0,0,0.0000,0.0000,0.0000,0.0000
Burst,63.47,15,1,2,0.0113,0.8256,0.8253,0.0229
Burst,63.47,15,2,1,0.0056,0.0000,0.0000,0.0000
Burst,63.47,16,0,0,0.0000,0.0000,0.0000,0.0000
Burst,63.47,16,1,10,0.0563,1.9491,1.9378,-0.0569
Burst,63.47,16,2,3,0.0169,1.9827,1.9800,0.0655
Burst,63.47,17,0,0,0.0000,0.0000,0.0000,0.0000
Burst,63.47,17,1,12,0.0675,1.9629,1.9519,-0.0195
Burst,63.47,17,2,1,0.0056,1.8490,1.8490,0.0071
Burst,63.47,18,0,0,0.0000,0.0000,0.0000,0.0000
Burst,63.47,18,1,11,0.0619,2.0057,1.9944,-0.1189
Burst,63.47,18,2,0,0.0000,0.0000,0.0000,0.0000
Burst,63.47,19,0,0,0.0000,0.0000,0.0000,0.0000
Burst,63.47,19,1,23,0.1294,1.8774,1.8626,0.0093
Burst,63.47,19,2,0,0.0000,0.0000,0.0000,0.0000
Burst,63.47,20,0,0,0.0000,0.0000,0.0000,0.0000
Burst,63.47,20,1,18,0.1013,1.8427,1.8154,-0.1356
Burst,63.47,20,2,2,0.0113,2.6836,2.6086,0.6171
Burst,63.47,21,0,0,0.0000,0.0000,0.0000,0.0000
Burst,63.47,21,1,15,0.0844,1.9945,1.9873,-0.0744
Burst,63.47,21,2,0,0.0000,0.0000,0.0000,0.0000
Burst,63.47,22,0,0,0.0000,0.0000,0.0000,0.0000
Burst,63.47,22,1,12,0.0675,2.0595,2.0436,0.0468
Burst,63.47,22,2,0,0.0000,0.0000,0.0000,0.0000
Burst,63.47,23,0,0,0.0000,0.0000,0.0000,0.0000
Burst,63.47,23,1,6,0.0338,2.1778,2.1140,-0.0059
Burst,63.47,23,2,0,0.0000,0.0000,0.0000,0.0000
Burst,63.47,24,0,0,0.0000,0.0000,0.0000,0.0000
Burst,63.47,24,1,8,0.0450,2.0928,2.0689,-0.1191
Burst,63.47,24,2,0,0.0000,0.0000,0.0000,0.0000
Burst,63.47,25,0,0,0.0000,0.0000,0.0000,0.0000
Burst,63.47,25,1,6,0.0338,2.1640,2.0463,-0.6301
Burst,63.47,25,2,0,0.0000,0.0000,0.0000,0.0000
Burst,63.47,26,0,0,0.0000,0.0000,0.0000,0.0000
Burst,63.47,26,1,2,0.0113,2.3557,2.1507,-0.9530
Burst,63.47,26,2,0,0.0000,0.0000,0.0000,0.0000
Burst,63.47,27,0,0,0.0000,0.0000,0.0000,0.0000
Burst,63.47,27,1,0,0.0000,0.0000,0.0000,0.0000
Burst,63.47,27,2,0,0.0000,0.0000,0.0000,0.0000
Burst,63.47,28,0,0,0.0000,0.0000,0.0000,0.0000
Burst,63.47,28,1,0,0.0000,0.0000,0.0000,0.0000
Burst,63.47,28,2,0,0.0000,0.0000,0.0000,0.0000
Burst,63.47,29,0,0,0.0000,0.0000,0.0000,0.0000
Burst,63.47,29,1,0,0.0000,0.0000,0.0000,0.0000
Burst,63.47,29,2,0,0.0000,0.0000,0.0000,0.0000
Burst,63.99,0,0,0,0.0000,0.0000,0.0000,0.0000
Burst,63.99,0,1,0,0.0000,0.0000,0.0000,0.0000
Burst,63.99,0,2,0,0.0000,0.0000,0.0000,0.0000
Burst,63.99,1,0,0,0.0000,0.0000,0.0000,0.0000
Burst,63.99,1,1,0,0.0000,0.0000,0.0000,0.0000
Burst,63.99,1,2,0,0.0000,0.0000,0.0000,0.0000
Burst,63.99,2,0,0,0.0000,0.0000,0.0000,0.0000
Burst,63.99,2,1,0,0.0000,0.0000,0.0000,0.0000
Burst,63.99,2,2,0,0.0000,0.0000,0.0000,0.0000
Burst,63.99,3,0,0,0.0000,0.0000,0.0000,0.0000
Burst,63.99,3,1,0,0.0000,0.0000,0.0000,0.0000
Burst,63.99,3,2,0,0.0000,0.0000,0.0000,0.0000
Burst,63.99,4,0,1,0.0056,1.9561,-1.9074,0.4337
Burst,63.99,4,1,3,0.0169,2.2513,-2.0012,-0.7794
Burst,63.99,4,2,0,0.0000,0.0000,0.0000,0.0000
Burst,63.99,5,0,3,0.0169,2.9006,-2.8140,0.5175
Burst,63.99,5,1,7,0.0394,2.1527,-1.9379,-0.6083
Burst,63.99,5,2,0,0.0000,0.0000,0.0000,0.0000
Burst,63.99,6,0,3,0.0169,2.3419,-1.6376,-1.5774
Burst,63.99,6,1,10,0.0563,1.9951,-1.8714,-0.4039
Burst,63.99,6,2,0,0.0000,0.0000,0.0000,0.0000
Burst,63.99,7,0,0,0.0000,0.0000,0.0000,0.0000
Burst,63.99,7,1,20,0.1125,1.5822,-1.4322,-0.2373
Burst,63.99,7,2,0,0.0000,0.0000,0.0000,0.0000
Burst,63.99,8,0,1,0.0056,2.8040,-2.7461,-0.5669
Burst,63.99,8,1,27,0.1519,1.7238,-1.1473,-0.4429
Burst,63.99,8,2,0,0.0000,0.0000,0.0000,0.0000
Burst,63.99,9,0,0,0.0000,0.0000,0.0000,0.0000
Burst,63.99,9,1,16,0.0900,1.9055,-1.8218,-0.2883
Burst,63.99,9,2,1,0.0056,0.0000,0.0000,0.0000
Burst,63.99,10,0,0,0.0000,0.0000,0.0000,0.0000
Burst,63.99,10,1,14,0.0788,1.9222,-1.8812,-0.0485
Burst,63.99,10,2,0,0.0000,0.0000,0.0000,0.0000
Burst,63.99,11,0,0,0.0000,0.0000,0.0000,0.0000
Burst,63.99,11,1,13,0.0731,2.0615,-1.9402,-0.5940
Burst,63.99,11,2,0,0.0000,0.0000,0.0000,0.0000
Burst,63.99,12,0,0,0.0000,0.0000,0.0000,0.0000
Burst,63.99,12,1,8,0.0450,1.9473,-1.8106,-0.6658
Burst,63.99,12,2,0,0.0000,0.0000,0.0000,0.0000
Burst,63.99,13,0,0,0.0000,0.0000,0.0000,0.0000
Burst,63.99,13,1,0,0.0000,0.0000,0.0000,0.0000
Burst,63.99,13,2,0,0.0000,0.0000,0.0000,0.0000
Burst,63.99,14,0,0,0.0000,0.0000,0.0000,0.0000
Burst,63.99,14,1,0,0.0000,0.0000,0.0000,0.0000
Burst,63.99,14,2,0,0.0000,0.0000,0.0000,0.0000
Burst,63.99,15,0,0,0.0000,0.0000,0.0000,0.0000
Burst,63.99,15,1,1,0.0056,0.0000,0.0000,0.0000
Burst,63.99,15,2,2,0.0113,1.9333,1.9265,0.0719
Burst,63.99,16,0,0,0.0000,0.0000,0.0000,0.0000
Burst,63.99,16,1,9,0.0506,2.1888,2.1756,-0.1788
Burst,63.99,16,2,4,0.0225,1.9038,1.9002,0.0595
Burst,63.99,17,0,0,0.0000,0.0000,0.0000,0.0000
Burst,63.99,17,1,12,0.0675,1.9111,1.9004,0.0062
Burst,63.99,17,2,0,0.0000,0.0000,0.0000,0.0000
Burst,63.99,18,0,0,0.0000,0.0000,0.0000,0.0000
Burst,63.99,18,1,11,0.0619,1.8927,1.8780,-0.0885
Burst,63.99,18,2,0,0.0000,0.0000,0.0000,0.0000
Burst,63.99,19,0,0,0.0000,0.0000,0.0000,0.0000
Burst,63.99,19,1,21,0.1181,1.9607,1.9448,0.0007
Burst,63.99,19,2,0,0.0000,0.0000,0.0000,0.0000
Burst,63.99,20,0,0,0.0000,0.0000,0.0000,0.0000
Burst,63.99,20,1,20,0.1125,1.7645,1.7442,-0.1350
Burst,63.99,20,2,2,0.0113,2.6507,2.6432,-0.1746
Burst,63.99,21,0,0,0.0000,0.0000,0.0000,0.0000
Burst,63.99,21,1,16,0.0900,1.9545,1.9379,-0.1057
Burst,63.99,21,2,0,0.0000,0.0000,0.0000,0.0000
Burst,63.99,22,0,0,0.0000,0.0000,0.0000,0.0000
Burst,63.99,22,1,11,0.0619,2.2028,2.1839,-0.0922
Burst,63.99,22,2,0,0.0000,0.0000,0.0000,0.0000
Burst,63.99,23,0,0,0.0000,0.0000,0.0000,0.0000
Burst,63.99,23,1,7,0.0394,2.1980,2.1829,0.0552
Burst,63.99,23,2,0,0.0000,0.0000,0.0000,0.0000
Burst,63.99,24,0,0,0.0000,0.0000,0.0000,0.0000
Burst,63.99,24,1,6,0.0338,2.0919,2.0671,-0.1812
Burst,63.99,24,2,0,0.0000,0.0000,0.0000,0.0000
Burst,63.99,25,0,0,0.0000,0.0000,0.0000,0.0000
Burst,63.99,25,1,7,0.0394,3.8738,3.3645,0.9595
Burst,63.99,25,2,0,0.0000,0.0000,0.0000,0.0000
Burst,63.99,26,0,0,0.0000,0.0000,0.0000,0.0000
Burst,63.99,26,1,3,0.0169,2.2346,2.0551,-0.8717
Burst,63.99,26,2,0,0.0000,0.0000,0.0000,0.0000
Burst,63.99,27,0,0,0.0000,0.0000,0.0000,0.0000
Burst,63.99,27,1,0,0.0000,0.0000,0.0000,0.0000
Burst,63.99,27,2,0,0.0000,0.0000,0.0000,0.0000
Burst,63.99,28,0,0,0.0000,0.0000,0.0000,0.0000
Burst,63.99,28,1,0,0.0000,0.0000,0.0000,0.0000
Burst,63.99,28,2,0,0.0000,0.0000,0.0000,0.0000
Burst,63.99,29,0,0,0.0000,0.0000,0.0000,0.0000
Burst,63.99,29,1,0,0.0000,0.0000,0.0000,0.0000
Burst,63.99,29,2,0,0.0000,0.0000,0.0000,0.0000
Burst,64.58,0,0,0,0.0000,0.0000,0.0000,0.0000
Burst,64.58,0,1,0,0.0000,0.0000,0.0000,0.0000
Burst,64.58,0,2,0,0.0000,0.0000,0.0000,0.0000
Burst,64.58,1,0,0,0.0000,0.0000,0.0000,0.0000
Burst,64.58,1,1,0,0.0000,0.0000,0.0000,0.0000
Burst,64.58,1,2,0,0.0000,0.0000,0.0000,0.0000
Burst,64.58,2,0,0,0.0000,0.0000,0.0000,0.0000
Burst,64.58,2,1,0,0.0000,0.0000,0.0000,0.0000
Burst,64.58,2,2,0,0.0000,0.0000,0.0000,0.0000
Burst,64.58,3,0,0,0.0000,0.0000,0.0000,0.0000
Burst,64.58,3,1,0,0.0000,0.0000,0.0000,0.0000
Burst,64.58,3,2,0,0.0000,0.0000,0.0000,0.0000
Burst,64.58,4,0,0,0.0000,0.0000,0.0000,0.0000
Burst,64.58,4,1,2,0.0113,2.2302,-1.9394,-1.0959
Burst,64.58,4,2,0,0.0000,0.0000,0.0000,0.0000
Burst,64.58,5,0,3,0.0169,2.6092,-2.4849,0.1797
Burst,64.58,5,1,8,0.0450,1.9618,-1.7308,-0.4148
Burst,64.58,5,2,0,0.0000,0.0000,0.0000,0.0000
Burst,64.58,6,0,2,0.0113,2.2426,-1.6219,-1.5417
Burst,64.58,6,1,11,0.0619,1.9896,-1.7762,-0.6539
Burst,64.58,6,2,0,0.0000,0.0000,0.0000,0.0000
Burst,64.58,7,0,1,0.0056,2.8010,-2.7981,-0.1271
Burst,64.58,7,1,20,0.1125,1.7080,-1.4563,-0.1202
Burst,64.58,7,2,0,0.0000,0.0000,0.0000,0.0000
Burst,64.58,8,0,0,0.0000,0.0000,0.0000,0.0000
Burst,64.58,8,1,29,0.1631,1.6643,-1.2437,-0.3435
Burst,64.58,8,2,0,0.0000,0.0000,0.0000,0.0000
Burst,64.58,9,0,0,0.0000,0.0000,0.0000,0.0000
Burst,64.58,9,1,16,0.0900,1.9706,-1.8862,-0.2082
Burst,64.58,9,2,1,0.0056,0.0000,0.0000,0.0000
Burst,64.58,10,0,0,0.0000,0.0000,0.0000,0.0000
Burst,64.58,10,1,13,0.0731,1.8334,-1.8060,-0.1293
Burst,64.58,10,2,0,0.0000,0.0000,0.0000,0.0000
Burst,64.58,11,0,0,0.0000,0.0000,0.0000,0.0000
Burst,64.58,11,1,14,0.0788,2.1753,-2.0679,-0.5760
Burst,64.58,11,2,0,0.0000,0.0000,0.0000,0.0000
Burst,64.58,12,0,0,0.0000,0.0000,0.0000,0.0000
Burst,64.58,12,1,7,0.0394,1.6756,-1.5810,-0.5462
Burst,64.58,12,2,1,0.0056,0.0000,0.0000,0.0000
Burst,64.58,13,0,0,0.0000,0.0000,0.0000,0.0000
Burst,64.58,13,1,0,0.0000,0.0000,0.0000,0.0000
Burst,64.58,13,2,0,0.0000,0.0000,0.0000,0.0000
Burst,64.58,14,0,0,0.0000,0.0000,0.0000,0.0000
Burst,64.58,14,1,0,0.0000,0.0000,0.0000,0.0000
Burst,64.58,14,2,0,0.0000,0.0000,0.0000,0.0000
Burst,64.58,15,0,0,0.0000,0.0000,0.0000,0.0000
Burst,64.58,15,1,1,0.0056,2.2533,2.2326,-0.3044
Burst,64.58,15,2,2,0.0113,0.9197,0.9179,0.0563
Burst,64.58,16,0,0,0.0000,0.0000,0.0000,0.0000
Burst,64.58,16,1,10,0.0563,1.9793,1.9613,-0.1456
Burst,64.58,16,2,3,0.0169,1.9081,1.9080,0.0083
Burst,64.58,17,0,0,0.0000,0.0000,0.0000,0.0000
Burst,64.58,17,1,12,0.0675,2.0407,2.0280,-0.0535
Burst,64.58,17,2,0,0.0000,0.0000,0.0000,0.0000
Burst,64.58,18,0,0,0.0000,0.0000,0.0000,0.0000
Burst,64.58,18,1,12,0.0675,1.9646,1.9474,-0.1122
Burst,64.58,18,2,0,0.0000,0.0000,0.0000,0.0000
Burst,64.58,19,0,0,0.0000,0.0000,0.0000,0.0000
Burst,64.58,19,1,20,0.1125,1.8944,1.8751,-0.0005
Burst,64.58,19,2,0,0.0000,0.0000,0.0000,0.0000
Burst,64.58,20,0,0,0.0000,0.0000,0.0000,0.0000
Burst,64.58,20,1,19,0.1069,1.9083,1.8674,-0.1215
Burst,64.58,20,2,2,0.0113,2.0043,1.9402,0.2169
Burst,64.58,21,0,0,0.0000,0.0000,0.0000,0.0000
Burst,64.58,21,1,16,0.0900,2.0787,2.0583,-0.1385
Burst,64.58,21,2,0,0.0000,0.0000,0.0000,0.0000
Burst,64.58,22,0,0,0.0000,0.0000,0.0000,0.0000
Burst,64.58,22,1,12,0.0675,2.0715,2.0595,-0.0422
Burst,64.58,22,2,0,0.0000,0.0000,0.0000,0.0000
Burst,64.58,23,0,0,0.0000,0.0000,0.0000,0.0000
Burst,64.58,23,1,8,0.0450,2.3544,2.3223,-0.0591
Burst,64.58,23,2,0,0.0000,0.0000,0.0000,0.0000
Burst,64.58,24,0,0,0.0000,0.0000,0.0000,0.0000
Burst,64.58,24,1,6,0.0338,2.1138,2.0727,-0.1600
Burst,64.58,24,2,0,0.0000,0.0000,0.0000,0.0000
Burst,64.58,25,0,0,0.0000,0.0000,0.0000,0.0000
Burst,64.58,25,1,7,0.0394,4.6084,3.9412,1.3994
Burst,64.58,25,2,0,0.0000,0.0000,0.0000,0.0000
Burst,64.58,26,0,0,0.0000,0.0000,0.0000,0.0000
Burst,64.58,26,1,2,0.0113,2.3556,2.0719,-1.1102
Burst,64.58,26,2,0,0.0000,0.0000,0.0000,0.0000
Burst,64.58,27,0,0,0.0000,0.0000,0.0000,0.0000
Burst,64.58,27,1,0,0.0000,0.0000,0.0000,0.0000
Burst,64.58,27,2,0,0.0000,0.0000,0.0000,0.0000
Burst,64.58,28,0,0,0.0000,0.0000,0.0000,0.0000
Burst,64.58,28,1,0,0.0000,0.0000,0.0000,0.0000
Burst,64.58,28,2,0,0.0000,0.0000,0.0000,0.0000
Burst,64.58,29,0,0,0.0000,0.0000,0.0000,0.0000
Burst,64.58,29,1,0,0.0000,0.0000,0.0000,0.0000
Burst,64.58,29,2,0,0.0000,0.0000,0.0000,0.0000
Burst,65.10,0,0,0,0.0000,0.0000,0.0000,0.0000
Burst,65.10,0,1,0,0.0000,0.0000,0.0000,0.0000
Burst,65.10,0,2,0,0.0000,0.0000,0.0000,0.0000
Burst,65.10,1,0,0,0.0000,0.0000,0.0000,0.0000
Burst,65.10,1,1,0,0.0000,0.0000,0.0000,0.0000
Burst,65.10,1,2,0,0.0000,0.0000,0.0000,0.0000
Burst,65.10,2,0,0,0.0000,0.0000,0.0000,0.0000
Burst,65.10,2,1,0,0.0000,0.0000,0.0000,0.0000
Burst,65.10,2,2,0,0.0000,0.0000,0.0000,0.0000
Burst,65.10,3,0,0,0.0000,0.0000,0.0000,0.0000
Burst,65.10,3,1,0,0.0000,0.0000,0.0000,0.0000
Burst,65.10,3,2,0,0.0000,0.0000,0.0000,0.0000
Burst,65.10,4,0,0,0.0000,0.0000,0.0000,0.0000
Burst,65.10,4,1,4,0.0225,1.9957,-1.7667,-0.7178
Burst,65.10,4,2,0,0.0000,0.0000,0.0000,0.0000
Burst,65.10,5,0,4,0.0225,2.2131,-1.9753,0.1439
Burst,65.10,5,1,5,0.0281,2.0327,-1.8251,-0.3110
Burst,65.10,5,2,0,0.0000,0.0000,0.0000,0.0000
Burst,65.10,6,0,2,0.0113,2.4427,-2.0843,-1.2709
Burst,65.10,6,1,12,0.0675,1.8908,-1.6379,-0.7476
Burst,65.10,6,2,0,0.0000,0.0000,0.0000,0.0000
Burst,65.10,7,0,1,0.0056,2.5436,-2.5288,0.2735
Burst,65.10,7,1,18,0.1013,1.6198,-1.5771,0.0690
Burst,65.10,7,2,0,0.0000,0.0000,0.0000,0.0000
Burst,65.10,8,0,0,0.0000,0.0000,0.0000,0.0000
Burst,65.10,8,1,32,0.1800,1.6264,-1.1118,-0.3233
Burst,65.10,8,2,0,0.0000,0.0000,0.0000,0.0000
Burst,65.10,9,0,0,0.0000,0.0000,0.0000,0.0000
Burst,65.10,9,1,17,0.0956,1.6653,-1.5835,-0.1675
Burst,65.10,9,2,0,0.0000,0.0000,0.0000,0.0000
Burst,65.10,10,0,0,0.0000,0.0000,0.0000,0.0000
Burst,65.10,10,1,13,0.0731,1.9086,-1.8913,-0.1370
Burst,65.10,10,2,0,0.0000,0.0000,0.0000,0.0000
Burst,65.10,11,0,0,0.0000,0.0000,0.0000,0.0000
Burst,65.10,11,1,15,0.0844,2.1066,-2.0168,-0.4674
Burst,65.10,11,2,0,0.0000,0.0000,0.0000,0.0000
Burst,65.10,12,0,0,0.0000,0.0000,0.0000,0.0000
Burst,65.10,12,1,7,0.0394,1.5333,-1.3833,-0.6449
Burst,65.10,12,2,0,0.0000,0.0000,0.0000,0.0000
Burst,65.10,13,0,0,0.0000,0.0000,0.0000,0.0000
Burst,65.10,13,1,0,0.0000,0.0000,0.0000,0.0000
Burst,65.10,13,2,0,0.0000,0.0000,0.0000,0.0000
Burst,65.10,14,0,0,0.0000,0.0000,0.0000,0.0000
Burst,65.10,14,1,0,0.0000,0.0000,0.0000,0.0000
Burst,65.10,14,2,0,0.0000,0.0000,0.0000,0.0000
Burst,65.10,15,0,0,0.0000,0.0000,0.0000,0.0000
Burst,65.10,15,1,2,0.0113,0.8698,0.8631,-0.1074
Burst,65.10,15,2,1,0.0056,0.0000,0.0000,0.0000
Burst,65.10,16,0,0,0.0000,0.0000,0.0000,0.0000
Burst,65.10,16,1,12,0.0675,2.0745,2.0582,-0.1598
Burst,65.10,16,2,2,0.0113,1.7491,1.7489,0.0093
Burst,65.10,17,0,0,0.0000,0.0000,0.0000,0.0000
Burst,65.10,17,1,11,0.0619,1.9125,1.8899,-0.0524
Burst,65.10,17,2,0,0.0000,0.0000,0.0000,0.0000
Burst,65.10,18,0,0,0.0000,0.0000,0.0000,0.0000
Burst,65.10,18,1,13,0.0731,1.8804,1.8677,-0.0726
Burst,65.10,18,2,0,0.0000,0.0000,0.0000,0.0000
Burst,65.10,19,0,0,0.0000,0.0000,0.0000,0.0000
Burst,65.10,19,1,18,0.1013,1.7897,1.7685,-0.0404
Burst,65.10,19,2,0,0.0000,0.0000,0.0000,0.0000
Burst,65.10,20,0,0,0.0000,0.0000,0.0000,0.0000
Burst,65.10,20,1,21,0.1181,1.7824,1.7580,-0.0086
Burst,65.10,20,2,2,0.0113,2.3335,1.9236,0.3546
Burst,65.10,21,0,0,0.0000,0.0000,0.0000,0.0000
Burst,65.10,21,1,16,0.0900,1.7932,1.7780,-0.1246
Burst,65.10,21,2,0,0.0000,0.0000,0.0000,0.0000
Burst,65.10,22,0,0,0.0000,0.0000,0.0000,0.0000
Burst,65.10,22,1,13,0.0731,2.0815,2.0717,-0.0932
Burst,65.10,22,2,0,0.0000,0.0000,0.0000,0.0000
Burst,65.10,23,0,0,0.0000,0.0000,0.0000,0.0000
Burst,65.10,23,1,8,0.0450,2.2176,2.1536,-0.1361
Burst,65.10,23,2,0,0.0000,0.0000,0.0000,0.0000
Burst,65.10,24,0,0,0.0000,0.0000,0.0000,0.0000
Burst,65.10,24,1,6,0.0338,2.0381,1.9805,-0.1247
Burst,65.10,24,2,0,0.0000,0.0000,0.0000,0.0000
Burst,65.10,25,0,0,0.0000,0.0000,0.0000,0.0000
Burst,65.10,25,1,6,0.0338,1.9944,1.8163,-0.5466
Burst,65.10,25,2,0,0.0000,0.0000,0.0000,0.0000
Burst,65.10,26,0,0,0.0000,0.0000,0.0000,0.0000
Burst,65.10,26,1,3,0.0169,2.2477,2.0811,-0.8242
Burst,65.10,26,2,0,0.0000,0.0000,0.0000,0.0000
Burst,65.10,27,0,0,0.0000,0.0000,0.0000,0.0000
Burst,65.10,27,1,0,0.0000,0.0000,0.0000,0.0000
Burst,65.10,27,2,0,0.0000,0.0000,0.0000,0.0000
Burst,65.10,28,0,0,0.0000,0.0000,0.0000,0.0000
Burst,65.10,28,1,0,0.0000,0.0000,0.0000,0.0000
Burst,65.10,28,2,0,0.0000,0.0000,0.0000,0.0000
Burst,65.10,29,0,0,0.0000,0.0000,0.0000,0.0000
Burst,65.10,29,1,0,0.0000,0.0000,0.0000,0.0000
Burst,65.10,29,2,0,0.0000,0.0000,0.0000,0.0000
Burst,65.60,0,0,0,0.0000,0.0000,0.0000,0.0000
Burst,65.60,0,1,0,0.0000,0.0000,0.0000,0.0000
Burst,65.60,0,2,0,0.0000,0.0000,0.0000,0.0000
Burst,65.60,1,0,0,0.0000,0.0000,0.0000,0.0000
Burst,65.60,1,1,0,0.0000,0.0000,0.0000,0.0000
Burst,65.60,1,2,0,0.0000,0.0000,0.0000,0.0000
Burst,65.60,2,0,0,0.0000,0.0000,0.0000,0.0000
Burst,65.60,2,1,0,0.0000,0.0000,0.0000,0.0000
Burst,65.60,2,2,0,0.0000,0.0000,0.0000,0.0000
Burst,65.60,3,0,0,0.0000,0.0000,0.0000,0.0000
Burst,65.60,3,1,0,0.0000,0.0000,0.0000,0.0000
Burst,65.60,3,2,0,0.0000,0.0000,0.0000,0.0000
Burst,65.60,4,0,1,0.0056,1.4518,-1.1396,-0.8995
Burst,65.60,4,1,3,0.0169,2.2364,-2.1158,-0.6363
Burst,65.60,4,2,0,0.0000,0.0000,0.0000,0.0000
Burst,65.60,5,0,5,0.0281,3.0786,-2.6066,0.8909
Burst,65.60,5,1,5,0.0281,2.2124,-1.9942,-0.3012
Burst,65.60,5,2,0,0.0000,0.0000,0.0000,0.0000
Burst,65.60,6,0,2,0.0113,2.4446,-1.7822,-1.6433
Burst,65.60,6,1,11,0.0619,1.7989,-1.5611,-0.6826
Burst,65.60,6,2,0,0.0000,0.0000,0.0000,0.0000
Burst,65.60,7,0,1,0.0056,2.8094,-2.7726,0.4531
Burst,65.60,7,1,18,0.1013,1.6759,-1.4984,0.0811
Burst,65.60,7,2,0,0.0000,0.0000,0.0000,0.0000
Burst,65.60,8,0,0,0.0000,0.0000,0.0000,0.0000
Burst,65.60,8,1,32,0.1800,1.5947,-1.0515,-0.3758
Burst,65.60,8,2,0,0.0000,0.0000,0.0000,0.0000
Burst,65.60,9,0,0,0.0000,0.0000,0.0000,0.0000
Burst,65.60,9,1,18,0.1013,1.8199,-1.7311,-0.3126
Burst,65.60,9,2,0,0.0000,0.0000,0.0000,0.0000
Burst,65.60,10,0,0,0.0000,0.0000,0.0000,0.0000
Burst,65.60,10,1,13,0.0731,1.9285,-1.9050,-0.0898
Burst,65.60,10,2,0,0.0000,0.0000,0.0000,0.0000
Burst,65.60,11,0,0,0.0000,0.0000,0.0000,0.0000
Burst,65.60,11,1,14,0.0788,2.0541,-1.9555,-0.5307
Burst,65.60,11,2,0,0.0000,0.0000,0.0000,0.0000
Burst,65.60,12,0,0,0.0000,0.0000,0.0000,0.0000
Burst,65.60,12,1,8,0.0450,1.7351,-1.5656,-0.7312
Burst,65.60,12,2,0,0.0000,0.0000,0.0000,0.0000
Burst,65.60,13,0,0,0.0000,0.0000,0.0000,0.0000
Burst,65.60,13,1,0,0.0000,0.0000,0.0000,0.0000
Burst,65.60,13,2,0,0.0000,0.0000,0.0000,0.0000
Burst,65.60,14,0,0,0.0000,0.0000,0.0000,0.0000
Burst,65.60,14,1,0,0.0000,0.0000,0.0000,0.0000
Burst,65.60,14,2,0,0.0000,0.0000,0.0000,0.0000
Burst,65.60,15,0,0,0.0000,0.0000,0.0000,0.0000
Burst,65.60,15,1,1,0.0056,0.0000,0.0000,0.0000
Burst,65.60,15,2,2,0.0113,1.9290,1.9162,0.1787
Burst,65.60,16,0,0,0.0000,0.0000,0.0000,0.0000
Burst,65.60,16,1,10,0.0563,2.1773,2.1568,-0.0991
Burst,65.60,16,2,3,0.0169,1.6415,1.6394,0.0277
Burst,65.60,17,0,0,0.0000,0.0000,0.0000,0.0000
Burst,65.60,17,1,12,0.0675,1.9603,1.9358,-0.1419
Burst,65.60,17,2,0,0.0000,0.0000,0.0000,0.0000
Burst,65.60,18,0,0,0.0000,0.0000,0.0000,0.0000
Burst,65.60,18,1,13,0.0731,1.9060,1.8926,-0.1525
Burst,65.60,18,2,0,0.0000,0.0000,0.0000,0.0000
Burst,65.60,19,0,0,0.0000,0.0000,0.0000,0.0000
Burst,65.60,19,1,19,0.1069,1.9449,1.9293,0.0257
Burst,65.60,19,2,0,0.0000,0.0000,0.0000,0.0000
Burst,65.60,20,0,0,0.0000,0.0000,0.0000,0.0000
Burst,65.60,20,1,21,0.1181,1.9100,1.8897,0.0098
Burst,65.60,20,2,2,0.0113,2.3670,2.1706,0.5083
Burst,65.60,21,0,0,0.0000,0.0000,0.0000,0.0000
Burst,65.60,21,1,16,0.0900,1.9378,1.9170,0.0451
Burst,65.60,21,2,0,0.0000,0.0000,0.0000,0.0000
Burst,65.60,22,0,0,0.0000,0.0000,0.0000,0.0000
Burst,65.60,22,1,12,0.0675,2.0727,2.0486,-0.1824
Burst,65.60,22,2,0,0.0000,0.0000,0.0000,0.0000
Burst,65.60,23,0,0,0.0000,0.0000,0.0000,0.0000
Burst,65.60,23,1,10,0.0563,2.4135,2.3819,-0.1491
Burst,65.60,23,2,0,0.0000,0.0000,0.0000,0.0000
Burst,65.60,24,0,0,0.0000,0.0000,0.0000,0.0000
Burst,65.60,24,1,5,0.0281,2.3764,2.3564,-0.0806
Burst,65.60,24,2,0,0.0000,0.0000,0.0000,0.0000
Burst,65.60,25,0,0,0.0000,0.0000,0.0000,0.0000
Burst,65.60,25,1,7,0.0394,3.6385,3.1828,0.4499
Burst,65.60,25,2,0,0.0000,0.0000,0.0000,0.0000
Burst,65.60,26,0,0,0.0000,0.0000,0.0000,0.0000
Burst,65.60,26,1,2,0.0113,2.1968,1.9359,-0.9802
Burst,65.60,26,2,0,0.0000,0.0000,0.0000,0.0000
Burst,65.60,27,0,0,0.0000,0.0000,0.0000,0.0000
Burst,65.60,27,1,0,0.0000,0.0000,0.0000,0.0000
Burst,65.60,27,2,0,0.0000,0.0000,0.0000,0.0000
Burst,65.60,28,0,0,0.0000,0.0000,0.0000,0.0000
Burst,65.60,28,1,0,0.0000,0.0000,0.0000,0.0000
Burst,65.60,28,2,0,0.0000,0.0000,0.0000,0.0000
Burst,65.60,29,0,0,0.0000,0.0000,0.0000,0.0000
Burst,65.60,29,1,0,0.0000,0.0000,0.0000,0.0000
Burst,65.60,29,2,0,0.0000,0.0000,0.0000,0.0000
Burst,66.20,0,0,0,0.0000,0.0000,0.0000,0.0000
Burst,66.20,0,1,0,0.0000,0.0000,0.0000,0.0000
Burst,66.20,0,2,0,0.0000,0.0000,0.0000,0.0000
Burst,66.20,1,0,0,0.0000,0.0000,0.0000,0.0000
Burst,66.20,1,1,0,0.0000,0.0000,0.0000,0.0000
Burst,66.20,1,2,0,0.0000,0.0000,0.0000,0.0000
Burst,66.20,2,0,0,0.0000,0.0000,0.0000,0.0000
Burst,66.20,2,1,0,0.0000,0.0000,0.0000,0.0000
Burst,66.20,2,2,0,0.0000,0.0000,0.0000,0.0000
Burst,66.20,3,0,0,0.0000,0.0000,0.0000,0.0000
Burst,66.20,3,1,0,0.0000,0.0000,0.0000,0.0000
Burst,66.20,3,2,0,0.0000,0.0000,0.0000,0.0000
Burst,66.20,4,0,1,0.0056,1.5409,-1.2319,-0.9256
Burst,66.20,4,1,3,0.0169,1.9884,-1.9743,-0.0683
Burst,66.20,4,2,0,0.0000,0.0000,0.0000,0.0000
Burst,66.20,5,0,4,0.0225,2.8465,-2.5880,0.3536
Burst,66.20,5,1,7,0.0394,3.4564,-2.8084,0.7048
Burst,66.20,5,2,0,0.0000,0.0000,0.0000,0.0000
Burst,66.20,6,0,2,0.0113,2.3063,-1.3258,-1.8550
Burst,66.20,6,1,11,0.0619,1.6637,-1.4571,-0.5935
Burst,66.20,6,2,0,0.0000,0.0000,0.0000,0.0000
Burst,66.20,7,0,1,0.0056,2.8781,-2.8777,-0.0491
Burst,66.20,7,1,19,0.1069,1.7132,-1.5318,0.0097
Burst,66.20,7,2,0,0.0000,0.0000,0.0000,0.0000
Burst,66.20,8,0,0,0.0000,0.0000,0.0000,0.0000
Burst,66.20,8,1,30,0.1688,1.6005,-0.9787,-0.2182
Burst,66.20,8,2,0,0.0000,0.0000,0.0000,0.0000
Burst,66.20,9,0,0,0.0000,0.0000,0.0000,0.0000
Burst,66.20,9,1,18,0.1013,1.8609,-1.7548,-0.3846
Burst,66.20,9,2,0,0.0000,0.0000,0.0000,0.0000
Burst,66.20,10,0,0,0.0000,0.0000,0.0000,0.0000
Burst,66.20,10,1,14,0.0788,1.9417,-1.8995,-0.0878
Burst,66.20,10,2,0,0.0000,0.0000,0.0000,0.0000
Burst,66.20,11,0,0,0.0000,0.0000,0.0000,0.0000
Burst,66.20,11,1,13,0.0731,2.0136,-1.9130,-0.5413
Burst,66.20,11,2,0,0.0000,0.0000,0.0000,0.0000
Burst,66.20,12,0,0,0.0000,0.0000,0.0000,0.0000
Burst,66.20,12,1,8,0.0450,1.9822,-1.7121,-0.9546
Burst,66.20,12,2,0,0.0000,0.0000,0.0000,0.0000
Burst,66.20,13,0,0,0.0000,0.0000,0.0000,0.0000
Burst,66.20,13,1,0,0.0000,0.0000,0.0000,0.0000
Burst,66.20,13,2,0,0.0000,0.0000,0.0000,0.0000
Burst,66.20,14,0,0,0.0000,0.0000,0.0000,0.0000
Burst,66.20,14,1,0,0.0000,0.0000,0.0000,0.0000
Burst,66.20,14,2,0,0.0000,0.0000,0.0000,0.0000
Burst,66.20,15,0,0,0.0000,0.0000,0.0000,0.0000
Burst,66.20,15,1,2,0.0113,1.0214,1.0193,0.0648
Burst,66.20,15,2,1,0.0056,1.6964,1.6819,0.2215
Burst,66.20,16,0,0,0.0000,0.0000,0.0000,0.0000
Burst,66.20,16,1,10,0.0563,2.1440,2.0997,-0.1345
Burst,66.20,16,2,3,0.0169,1.8016,1.7945,0.0639
Burst,66.20,17,0,0,0.0000,0.0000,0.0000,0.0000
Burst,66.20,17,1,12,0.0675,1.9854,1.9653,-0.1774
Burst,66.20,17,2,0,0.0000,0.0000,0.0000,0.0000
Burst,66.20,18,0,0,0.0000,0.0000,0.0000,0.0000
Burst,66.20,18,1,12,0.0675,1.9831,1.9684,-0.1035
Burst,66.20,18,2,0,0.0000,0.0000,0.0000,0.0000
Burst,66.20,19,0,0,0.0000,0.0000,0.0000,0.0000
Burst,66.20,19,1,20,0.1125,1.8546,1.8316,0.1195
Burst,66.20,19,2,1,0.0056,1.8822,1.8822,0.0150
Burst,66.20,20,0,0,0.0000,0.0000,0.0000,0.0000
Burst,66.20,20,1,20,0.1125,1.8063,1.7720,-0.0830
Burst,66.20,20,2,1,0.0056,2.1166,2.0826,0.3777
Burst,66.20,21,0,0,0.0000,0.0000,0.0000,0.0000
Burst,66.20,21,1,15,0.0844,1.9220,1.9031,-0.1090
Burst,66.20,21,2,0,0.0000,0.0000,0.0000,0.0000
Burst,66.20,22,0,0,0.0000,0.0000,0.0000,0.0000
Burst,66.20,22,1,13,0.0731,2.0553,1.9998,-0.2668
Burst,66.20,22,2,0,0.0000,0.0000,0.0000,0.0000
Burst,66.20,23,0,0,0.0000,0.0000,0.0000,0.0000
Burst,66.20,23,1,7,0.0394,2.2383,2.2253,-0.1341
Burst,66.20,23,2,0,0.0000,0.0000,0.0000,0.0000
Burst,66.20,24,0,0,0.0000,0.0000,0.0000,0.0000
Burst,66.20,24,1,8,0.0450,2.1278,2.0671,-0.4176
Burst,66.20,24,2,0,0.0000,0.0000,0.0000,0.0000
Burst,66.20,25,0,0,0.0000,0.0000,0.0000,0.0000
Burst,66.20,25,1,7,0.0394,3.0400,2.7813,0.0147
Burst,66.20,25,2,0,0.0000,0.0000,0.0000,0.0000
Burst,66.20,26,0,0,0.0000,0.0000,0.0000,0.0000
Burst,66.20,26,1,2,0.0113,2.3391,2.2008,-0.7912
Burst,66.20,26,2,0,0.0000,0.0000,0.0000,0.0000
Burst,66.20,27,0,0,0.0000,0.0000,0.0000,0.0000
Burst,66.20,27,1,0,0.0000,0.0000,0.0000,0.0000
Burst,66.20,27,2,0,0.0000,0.0000,0.0000,0.0000
Burst,66.20,28,0,0,0.0000,0.0000,0.0000,0.0000
Burst,66.20,28,1,0,0.0000,0.0000,0.0000,0.0000
Burst,66.20,28,2,0,0.0000,0.0000,0.0000,0.0000
Burst,66.20,29,0,0,0.0000,0.0000,0.0000,0.0000
Burst,66.20,29,1,0,0.0000,0.0000,0.0000,0.0000
Burst,66.20,29,2,0,0.0000,0.0000,0.0000,0.0000
Burst,66.78,0,0,0,0.0000,0.0000,0.0000,0.0000
Burst,66.78,0,1,0,0.0000,0.0000,0.0000,0.0000
Burst,66.78,0,2,0,0.0000,0.0000,0.0000,0.0000
Burst,66.78,1,0,0,0.0000,0.0000,0.0000,0.0000
Burst,66.78,1,1,0,0.0000,0.0000,0.0000,0.0000
Burst,66.78,1,2,0,0.0000,0.0000,0.0000,0.0000
Burst,66.78,2,0,0,0.0000,0.0000,0.0000,0.0000
Burst,66.78,2,1,0,0.0000,0.0000,0.0000,0.0000
Burst,66.78,2,2,0,0.0000,0.0000,0.0000,0.0000
Burst,66.78,3,0,0,0.0000,0.0000,0.0000,0.0000
Burst,66.78,3,1,0,0.0000,0.0000,0.0000,0.0000
Burst,66.78,3,2,0,0.0000,0.0000,0.0000,0.0000
Burst,66.78,4,0,2,0.0113,1.7631,-1.7141,-0.4095
Burst,66.78,4,1,3,0.0169,2.1199,-1.9301,-0.4298
Burst,66.78,4,2,0,0.0000,0.0000,0.0000,0.0000
Burst,66.78,5,0,3,0.0169,3.6520,-3.4220,0.6295
Burst,66.78,5,1,7,0.0394,3.7005,-2.9757,1.1249
Burst,66.78,5,2,0,0.0000,0.0000,0.0000,0.0000
Burst,66.78,6,0,1,0.0056,2.1741,-1.5828,-1.4905
Burst,66.78,6,1,12,0.0675,1.6253,-1.4192,-0.5235
Burst,66.78,6,2,0,0.0000,0.0000,0.0000,0.0000
Burst,66.78,7,0,1,0.0056,2.7955,-2.7762,-0.3280
Burst,66.78,7,1,20,0.1125,1.6896,-1.6044,0.0504
Burst,66.78,7,2,0,0.0000,0.0000,0.0000,0.0000
Burst,66.78,8,0,0,0.0000,0.0000,0.0000,0.0000
Burst,66.78,8,1,31,0.1744,1.5840,-1.1025,-0.2785
Burst,66.78,8,2,0,0.0000,0.0000,0.0000,0.0000
Burst,66.78,9,0,0,0.0000,0.0000,0.0000,0.0000
Burst,66.78,9,1,17,0.0956,1.7909,-1.7136,-0.2668
Burst,66.78,9,2,0,0.0000,0.0000,0.0000,0.0000
Burst,66.78,10,0,0,0.0000,0.0000,0.0000,0.0000
Burst,66.78,10,1,14,0.0788,1.9583,-1.9216,-0.2908
Burst,66.78,10,2,0,0.0000,0.0000,0.0000,0.0000
Burst,66.78,11,0,0,0.0000,0.0000,0.0000,0.0000
Burst,66.78,11,1,15,0.0844,1.9575,-1.8553,-0.4922
Burst,66.78,11,2,0,0.0000,0.0000,0.0000,0.0000
Burst,66.78,12,0,0,0.0000,0.0000,0.0000,0.0000
Burst,66.78,12,1,5,0.0281,1.6890,-1.4296,-0.7837
Burst,66.78,12,2,0,0.0000,0.0000,0.0000,0.0000
Burst,66.78,13,0,0,0.0000,0.0000,0.0000,0.0000
Burst,66.78,13,1,0,0.0000,0.0000,0.0000,0.0000
Burst,66.78,13,2,0,0.0000,0.0000,0.0000,0.0000
Burst,66.78,14,0,0,0.0000,0.0000,0.0000,0.0000
Burst,66.78,14,1,0,0.0000,0.0000,0.0000,0.0000
Burst,66.78,14,2,0,0.0000,0.0000,0.0000,0.0000
Burst,66.78,15,0,0,0.0000,0.0000,0.0000,0.0000
Burst,66.78,15,1,1,0.0056,1.8710,1.8677,0.1119
Burst,66.78,15,2,1,0.0056,0.0000,0.0000,0.0000
Burst,66.78,16,0,0,0.0000,0.0000,0.0000,0.0000
Burst,66.78,16,1,10,0.0563,2.0571,2.0245,-0.1612
Burst,66.78,16,2,3,0.0169,1.8409,1.8403,0.0166
Burst,66.78,17,0,0,0.0000,0.0000,0.0000,0.0000
Burst,66.78,17,1,12,0.0675,2.0267,2.0086,-0.1759
Burst,66.78,17,2,0,0.0000,0.0000,0.0000,0.0000
Burst,66.78,18,0,0,0.0000,0.0000,0.0000,0.0000
Burst,66.78,18,1,13,0.0731,1.8667,1.8545,-0.0735
Burst,66.78,18,2,0,0.0000,0.0000,0.0000,0.0000
Burst,66.78,19,0,0,0.0000,0.0000,0.0000,0.0000
Burst,66.78,19,1,17,0.0956,1.9295,1.9024,0.1727
Burst,66.78,19,2,0,0.0000,0.0000,0.0000,0.0000
Burst,66.78,20,0,0,0.0000,0.0000,0.0000,0.0000
Burst,66.78,20,1,21,0.1181,1.8641,1.8457,-0.0420
Burst,66.78,20,2,0,0.0000,0.0000,0.0000,0.0000
Burst,66.78,21,0,0,0.0000,0.0000,0.0000,0.0000
Burst,66.78,21,1,15,0.0844,1.8650,1.8298,-0.2795
Burst,66.78,21,2,0,0.0000,0.0000,0.0000,0.0000
Burst,66.78,22,0,0,0.0000,0.0000,0.0000,0.0000
Burst,66.78,22,1,14,0.0788,1.9117,1.8757,-0.1607
Burst,66.78,22,2,0,0.0000,0.0000,0.0000,0.0000
Burst,66.78,23,0,0,0.0000,0.0000,0.0000,0.0000
Burst,66.78,23,1,8,0.0450,2.3002,2.2671,-0.0051
Burst,66.78,23,2,0,0.0000,0.0000,0.0000,0.0000
Burst,66.78,24,0,0,0.0000,0.0000,0.0000,0.0000
Burst,66.78,24,1,8,0.0450,2.3309,2.2359,-0.2018
Burst,66.78,24,2,0,0.0000,0.0000,0.0000,0.0000
Burst,66.78,25,0,0,0.0000,0.0000,0.0000,0.0000
Burst,66.78,25,1,5,0.0281,2.0721,1.9479,-0.6376
Burst,66.78,25,2,0,0.0000,0.0000,0.0000,0.0000
Burst,66.78,26,0,0,0.0000,0.0000,0.0000,0.0000
Burst,66.78,26,1,4,0.0225,2.3721,2.1737,-0.5214
Burst,66.78,26,2,0,0.0000,0.0000,0.0000,0.0000
Burst,66.78,27,0,0,0.0000,0.0000,0.0000,0.0000
Burst,66.78,27,1,0,0.0000,0.0000,0.0000,0.0000
Burst,66.78,27,2,0,0.0000,0.0000,0.0000,0.0000
Burst,66.78,28,0,0,0.0000,0.0000,0.0000,0.0000
Burst,66.78,28,1,0,0.0000,0.0000,0.0000,0.0000
Burst,66.78,28,2,0,0.0000,0.0000,0.0000,0.0000
Burst,66.78,29,0,0,0.0000,0.0000,0.0000,0.0000
Burst,66.78,29,1,0,0.0000,0.0000,0.0000,0.0000
Burst,66.78,29,2,0,0.0000,0.0000,0.0000,0.0000
Burst,67.31,0,0,0,0.0000,0.0000,0.0000,0.0000
Burst,67.31,0,1,0,0.0000,0.0000,0.0000,0.0000
Burst,67.31,0,2,0,0.0000,0.0000,0.0000,0.0000
Burst,67.31,1,0,0,0.0000,0.0000,0.0000,0.0000
Burst,67.31,1,1,0,0.0000,0.0000,0.0000,0.0000
Burst,67.31,1,2,0,0.0000,0.0000,0.0000,0.0000
Burst,67.31,2,0,0,0.0000,0.0000,0.0000,0.0000
Burst,67.31,2,1,0,0.0000,0.0000,0.0000,0.0000
Burst,67.31,2,2,0,0.0000,0.0000,0.0000,0.0000
Burst,67.31,3,0,0,0.0000,0.0000,0.0000,0.0000
Burst,67.31,3,1,0,0.0000,0.0000,0.0000,0.0000
Burst,67.31,3,2,0,0.0000,0.0000,0.0000,0.0000
Burst,67.31,4,0,2,0.0113,1.8104,-1.7899,-0.2158
Burst,67.31,4,1,1,0.0056,1.9206,-1.5404,-1.1472
Burst,67.31,4,2,0,0.0000,0.0000,0.0000,0.0000
Burst,67.31,5,0,3,0.0169,2.7076,-2.3734,-0.0643
Burst,67.31,5,1,7,0.0394,3.8557,-3.2292,1.0458
Burst,67.31,5,2,0,0.0000,0.0000,0.0000,0.0000
Burst,67.31,6,0,2,0.0113,2.2092,-1.3466,-1.7510
Burst,67.31,6,1,13,0.0731,1.7242,-1.4985,-0.4146
Burst,67.31,6,2,0,0.0000,0.0000,0.0000,0.0000
Burst,67.31,7,0,1,0.0056,2.7343,-2.6949,-0.4630
Burst,67.31,7,1,18,0.1013,1.5989,-1.5570,0.0538
Burst,67.31,7,2,0,0.0000,0.0000,0.0000,0.0000
Burst,67.31,8,0,0,0.0000,0.0000,0.0000,0.0000
Burst,67.31,8,1,34,0.1913,1.7400,-1.1348,-0.3200
Burst,67.31,8,2,0,0.0000,0.0000,0.0000,0.0000
Burst,67.31,9,0,0,0.0000,0.0000,0.0000,0.0000
Burst,67.31,9,1,16,0.0900,1.8936,-1.8074,-0.2471
Burst,67.31,9,2,0,0.0000,0.0000,0.0000,0.0000
Burst,67.31,10,0,0,0.0000,0.0000,0.0000,0.0000
Burst,67.31,10,1,14,0.0788,1.8576,-1.8082,-0.3194
Burst,67.31,10,2,0,0.0000,0.0000,0.0000,0.0000
Burst,67.31,11,0,0,0.0000,0.0000,0.0000,0.0000
Burst,67.31,11,1,14,0.0788,2.2042,-2.1083,-0.5651
Burst,67.31,11,2,0,0.0000,0.0000,0.0000,0.0000
Burst,67.31,12,0,0,0.0000,0.0000,0.0000,0.0000
Burst,67.31,12,1,6,0.0338,1.7369,-1.5861,-0.6870
Burst,67.31,12,2,1,0.0056,0.0000,0.0000,0.0000
Burst,67.31,13,0,0,0.0000,0.0000,0.0000,0.0000
Burst,67.31,13,1,0,0.0000,0.0000,0.0000,0.0000
Burst,67.31,13,2,0,0.0000,0.0000,0.0000,0.0000
Burst,67.31,14,0,0,0.0000,0.0000,0.0000,0.0000
Burst,67.31,14,1,0,0.0000,0.0000,0.0000,0.0000
Burst,67.31,14,2,0,0.0000,0.0000,0.0000,0.0000
Burst,67.31,15,0,0,0.0000,0.0000,0.0000,0.0000
Burst,67.31,15,1,1,0.0056,0.0000,0.0000,0.0000
Burst,67.31,15,2,2,0.0113,0.9990,0.9990,-0.0019
Burst,67.31,16,0,0,0.0000,0.0000,0.0000,0.0000
Burst,67.31,16,1,12,0.0675,1.9387,1.9171,-0.0749
Burst,67.31,16,2,1,0.0056,1.8361,1.8361,-0.0092
Burst,67.31,17,0,0,0.0000,0.0000,0.0000,0.0000
Burst,67.31,17,1,12,0.0675,2.0251,2.0124,-0.1213
Burst,67.31,17,2,0,0.0000,0.0000,0.0000,0.0000
Burst,67.31,18,0,0,0.0000,0.0000,0.0000,0.0000
Burst,67.31,18,1,13,0.0731,1.9180,1.8962,-0.0715
Burst,67.31,18,2,0,0.0000,0.0000,0.0000,0.0000
Burst,67.31,19,0,0,0.0000,0.0000,0.0000,0.0000
Burst,67.31,19,1,17,0.0956,1.8033,1.7946,0.0722
Burst,67.31,19,2,0,0.0000,0.0000,0.0000,0.0000
Burst,67.31,20,0,0,0.0000,0.0000,0.0000,0.0000
Burst,67.31,20,1,22,0.1238,1.8733,1.8577,-0.0991
Burst,67.31,20,2,0,0.0000,0.0000,0.0000,0.0000
Burst,67.31,21,0,0,0.0000,0.0000,0.0000,0.0000
Burst,67.31,21,1,15,0.0844,1.9896,1.9764,-0.0978
Burst,67.31,21,2,0,0.0000,0.0000,0.0000,0.0000
Burst,67.31,22,0,0,0.0000,0.0000,0.0000,0.0000
Burst,67.31,22,1,13,0.0731,1.9282,1.8994,-0.2357
Burst,67.31,22,2,0,0.0000,0.0000,0.0000,0.0000
Burst,67.31,23,0,0,0.0000,0.0000,0.0000,0.0000
Burst,67.31,23,1,10,0.0563,2.2023,2.1819,0.0030
Burst,67.31,23,2,0,0.0000,0.0000,0.0000,0.0000
Burst,67.31,24,0,0,0.0000,0.0000,0.0000,0.0000
Burst,67.31,24,1,6,0.0338,2.1846,2.1106,-0.0725
Burst,67.31,24,2,0,0.0000,0.0000,0.0000,0.0000
Burst,67.31,25,0,0,0.0000,0.0000,0.0000,0.0000
Burst,67.31,25,1,6,0.0338,3.8233,3.3932,0.6154
Burst,67.31,25,2,0,0.0000,0.0000,0.0000,0.0000
Burst,67.31,26,0,0,0.0000,0.0000,0.0000,0.0000
Burst,67.31,26,1,4,0.0225,2.2905,2.1264,-0.6948
Burst,67.31,26,2,0,0.0000,0.0000,0.0000,0.0000
Burst,67.31,27,0,0,0.0000,0.0000,0.0000,0.0000
Burst,67.31,27,1,0,0.0000,0.0000,0.0000,0.0000
Burst,67.31,27,2,0,0.0000,0.0000,0.0000,0.0000
Burst,67.31,28,0,0,0.0000,0.0000,0.0000,0.0000
Burst,67.31,28,1,0,0.0000,0.0000,0.0000,0.0000
Burst,67.31,28,2,0,0.0000,0.0000,0.0000,0.0000
Burst,67.31,29,0,0,0.0000,0.0000,0.0000,0.0000
Burst,67.31,29,1,0,0.0000,0.0000,0.0000,0.0000
Burst,67.31,29,2,0,0.0000,0.0000,0.0000,0.0000
Burst,67.90,0,0,0,0.0000,0.0000,0.0000,0.0000
Burst,67.90,0,1,0,0.0000,0.0000,0.0000,0.0000
Burst,67.90,0,2,0,0.0000,0.0000,0.0000,0.0000
Burst,67.90,1,0,0,0.0000,0.0000,0.0000,0.0000
Burst,67.90,1,1,0,0.0000,0.0000,0.0000,0.0000
Burst,67.90,1,2,0,0.0000,0.0000,0.0000,0.0000
Burst,67.90,2,0,0,0.0000,0.0000,0.0000,0.0000
Burst,67.90,2,1,0,0.0000,0.0000,0.0000,0.0000
Burst,67.90,2,2,0,0.0000,0.0000,0.0000,0.0000
Burst,67.90,3,0,0,0.0000,0.0000,0.0000,0.0000
Burst,67.90,3,1,0,0.0000,0.0000,0.0000,0.0000
Burst,67.90,3,2,0,0.0000,0.0000,0.0000,0.0000
Burst,67.90,4,0,2,0.0113,1.9283,-1.9236,-0.1181
Burst,67.90,4,1,2,0.0113,1.7171,-1.6978,-0.2254
Burst,67.90,4,2,0,0.0000,0.0000,0.0000,0.0000
Burst,67.90,5,0,3,0.0169,2.3256,-1.7576,-0.2096
Burst,67.90,5,1,7,0.0394,2.4647,-1.8460,-0.1242
Burst,67.90,5,2,0,0.0000,0.0000,0.0000,0.0000
Burst,67.90,6,0,3,0.0169,2.4054,-1.2669,-2.0334
Burst,67.90,6,1,11,0.0619,1.4150,-1.1695,-0.5155
Burst,67.90,6,2,0,0.0000,0.0000,0.0000,0.0000
Burst,67.90,7,0,1,0.0056,2.7387,-2.7330,0.1762
Burst,67.90,7,1,20,0.1125,1.6420,-1.6132,-0.0713
Burst,67.90,7,2,0,0.0000,0.0000,0.0000,0.0000
Burst,67.90,8,0,0,0.0000,0.0000,0.0000,0.0000
Burst,67.90,8,1,32,0.1800,1.7368,-1.1159,-0.2264
Burst,67.90,8,2,0,0.0000,0.0000,0.0000,0.0000
Burst,67.90,9,0,0,0.0000,0.0000,0.0000,0.0000
Burst,67.90,9,1,17,0.0956,1.9342,-1.8309,-0.2391
Burst,67.90,9,2,0,0.0000,0.0000,0.0000,0.0000
Burst,67.90,10,0,0,0.0000,0.0000,0.0000,0.0000
Burst,67.90,10,1,14,0.0788,1.8779,-1.8467,-0.2042
Burst,67.90,10,2,0,0.0000,0.0000,0.0000,0.0000
Burst,67.90,11,0,0,0.0000,0.0000,0.0000,0.0000
Burst,67.90,11,1,13,0.0731,2.2106,-2.1637,-0.3840
Burst,67.90,11,2,0,0.0000,0.0000,0.0000,0.0000
Burst,67.90,12,0,0,0.0000,0.0000,0.0000,0.0000
Burst,67.90,12,1,7,0.0394,2.1284,-1.9498,-0.8278
Burst,67.90,12,2,1,0.0056,0.0000,0.0000,0.0000
Burst,67.90,13,0,0,0.0000,0.0000,0.0000,0.0000
Burst,67.90,13,1,0,0.0000,0.0000,0.0000,0.0000
Burst,67.90,13,2,0,0.0000,0.0000,0.0000,0.0000
Burst,67.90,14,0,0,0.0000,0.0000,0.0000,0.0000
Burst,67.90,14,1,0,0.0000,0.0000,0.0000,0.0000
Burst,67.90,14,2,0,0.0000,0.0000,0.0000,0.0000
Burst,67.90,15,0,0,0.0000,0.0000,0.0000,0.0000
Burst,67.90,15,1,1,0.0056,2.3601,2.3228,-0.4178
Burst,67.90,15,2,1,0.0056,0.0000,0.0000,0.0000
Burst,67.90,16,0,0,0.0000,0.0000,0.0000,0.0000
Burst,67.90,16,1,10,0.0563,2.0166,2.0101,-0.0742
Burst,67.90,16,2,3,0.0169,1.9475,1.9426,0.0787
Burst,67.90,17,0,0,0.0000,0.0000,0.0000,0.0000
Burst,67.90,17,1,11,0.0619,2.0611,2.0521,-0.1237
Burst,67.90,17,2,0,0.0000,0.0000,0.0000,0.0000
Burst,67.90,18,0,0,0.0000,0.0000,0.0000,0.0000
Burst,67.90,18,1,14,0.0788,1.8829,1.8693,-0.0589
Burst,67.90,18,2,0,0.0000,0.0000,0.0000,0.0000
Burst,67.90,19,0,0,0.0000,0.0000,0.0000,0.0000
Burst,67.90,19,1,17,0.0956,1.7053,1.6826,-0.0947
Burst,67.90,19,2,1,0.0056,1.5884,1.5823,0.1397
Burst,67.90,20,0,0,0.0000,0.0000,0.0000,0.0000
Burst,67.90,20,1,22,0.1238,1.9024,1.8849,-0.1001
Burst,67.90,20,2,0,0.0000,0.0000,0.0000,0.0000
Burst,67.90,21,0,0,0.0000,0.0000,0.0000,0.0000
Burst,67.90,21,1,15,0.0844,1.8661,1.8508,-0.1219
Burst,67.90,21,2,0,0.0000,0.0000,0.0000,0.0000
Burst,67.90,22,0,0,0.0000,0.0000,0.0000,0.0000
Burst,67.90,22,1,14,0.0788,1.9789,1.9488,-0.1477
Burst,67.90,22,2,0,0.0000,0.0000,0.0000,0.0000
Burst,67.90,23,0,0,0.0000,0.0000,0.0000,0.0000
Burst,67.90,23,1,9,0.0506,2.2183,2.1701,-0.0585
Burst,67.90,23,2,0,0.0000,0.0000,0.0000,0.0000
Burst,67.90,24,0,0,0.0000,0.0000,0.0000,0.0000
Burst,67.90,24,1,7,0.0394,2.0677,2.0197,0.0326
Burst,67.90,24,2,0,0.0000,0.0000,0.0000,0.0000
Burst,67.90,25,0,0,0.0000,0.0000,0.0000,0.0000
Burst,67.90,25,1,6,0.0338,2.6619,2.4517,-0.1933
Burst,67.90,25,2,0,0.0000,0.0000,0.0000,0.0000
Burst,67.90,26,0,0,0.0000,0.0000,0.0000,0.0000
Burst,67.90,26,1,3,0.0169,2.5598,2.3214,-0.9891
Burst,67.90,26,2,0,0.0000,0.0000,0.0000,0.0000
Burst,67.90,27,0,0,0.0000,0.0000,0.0000,0.0000
Burst,67.90,27,1,0,0.0000,0.0000,0.0000,0.0000
Burst,67.90,27,2,0,0.0000,0.0000,0.0000,0.0000
Burst,67.90,28,0,0,0.0000,0.0000,0.0000,0.0000
Burst,67.90,28,1,0,0.0000,0.0000,0.0000,0.0000
Burst,67.90,28,2,0,0.0000,0.0000,0.0000,0.0000
Burst,67.90,29,0,0,0.0000,0.0000,0.0000,0.0000
Burst,67.90,29,1,0,0.0000,0.0000,0.0000,0.0000
Burst,67.90,29,2,0,0.0000,0.0000,0.0000,0.0000
Burst,68.47,0,0,0,0.0000,0.0000,0.0000,0.0000
Burst,68.47,0,1,0,0.0000,0.0000,0.0000,0.0000
Burst,68.47,0,2,0,0.0000,0.0000,0.0000,0.0000
Burst,68.47,1,0,0,0.0000,0.0000,0.0000,0.0000
Burst,68.47,1,1,0,0.0000,0.0000,0.0000,0.0000
Burst,68.47,1,2,0,0.0000,0.0000,0.0000,0.0000
Burst,68.47,2,0,0,0.0000,0.0000,0.0000,0.0000
Burst,68.47,2,1,0,0.0000,0.0000,0.0000,0.0000
Burst,68.47,2,2,0,0.0000,0.0000,0.0000,0.0000
Burst,68.47,3,0,0,0.0000,0.0000,0.0000,0.0000
Burst,68.47,3,1,0,0.0000,0.0000,0.0000,0.0000
Burst,68.47,3,2,0,0.0000,0.0000,0.0000,0.0000
Burst,68.47,4,0,1,0.0056,2.1360,-2.1325,0.1217
Burst,68.47,4,1,2,0.0113,2.0208,-2.0138,-0.0679
Burst,68.47,4,2,0,0.0000,0.0000,0.0000,0.0000
Burst,68.47,5,0,4,0.0225,2.4735,-1.9880,-0.4855
Burst,68.47,5,1,7,0.0394,2.1075,-1.5838,-0.3707
Burst,68.47,5,2,0,0.0000,0.0000,0.0000,0.0000
Burst,68.47,6,0,3,0.0169,2.4370,-1.7058,-1.7168
Burst,68.47,6,1,11,0.0619,1.4422,-1.1953,-0.3788
Burst,68.47,6,2,0,0.0000,0.0000,0.0000,0.0000
Burst,68.47,7,0,1,0.0056,2.0089,-2.0089,-0.0182
Burst,68.47,7,1,20,0.1125,1.4981,-1.4477,0.0458
Burst,68.47,7,2,0,0.0000,0.0000,0.0000,0.0000
Burst,68.47,8,0,0,0.0000,0.0000,0.0000,0.0000
Burst,68.47,8,1,34,0.1913,1.5805,-1.1661,-0.2804
Burst,68.47,8,2,0,0.0000,0.0000,0.0000,0.0000
Burst,68.47,9,0,0,0.0000,0.0000,0.0000,0.0000
Burst,68.47,9,1,15,0.0844,1.8468,-1.7717,-0.1197
Burst,68.47,9,2,0,0.0000,0.0000,0.0000,0.0000
Burst,68.47,10,0,0,0.0000,0.0000,0.0000,0.0000
Burst,68.47,10,1,15,0.0844,1.8786,-1.8188,-0.1329
Burst,68.47,10,2,0,0.0000,0.0000,0.0000,0.0000
Burst,68.47,11,0,0,0.0000,0.0000,0.0000,0.0000
Burst,68.47,11,1,13,0.0731,2.1679,-2.0979,-0.4610
Burst,68.47,11,2,0,0.0000,0.0000,0.0000,0.0000
Burst,68.47,12,0,0,0.0000,0.0000,0.0000,0.0000
Burst,68.47,12,1,5,0.0281,2.0691,-1.7805,-0.9270
Burst,68.47,12,2,2,0.0113,0.8955,-0.8586,-0.2544
Burst,68.47,13,0,0,0.0000,0.0000,0.0000,0.0000
Burst,68.47,13,1,0,0.0000,0.0000,0.0000,0.0000
Burst,68.47,13,2,0,0.0000,0.0000,0.0000,0.0000
Burst,68.47,14,0,0,0.0000,0.0000,0.0000,0.0000
Burst,68.47,14,1,0,0.0000,0.0000,0.0000,0.0000
Burst,68.47,14,2,0,0.0000,0.0000,0.0000,0.0000
Burst,68.47,15,0,0,0.0000,0.0000,0.0000,0.0000
Burst,68.47,15,1,0,0.0000,0.0000,0.0000,0.0000
Burst,68.47,15,2,0,0.0000,0.0000,0.0000,0.0000
Burst,68.47,16,0,0,0.0000,0.0000,0.0000,0.0000
Burst,68.47,16,1,8,0.0450,2.0847,2.0781,-0.0418
Burst,68.47,16,2,6,0.0338,1.8493,1.8393,0.0773
Burst,68.47,17,0,0,0.0000,0.0000,0.0000,0.0000
Burst,68.47,17,1,12,0.0675,1.9733,1.9597,-0.1163
Burst,68.47,17,2,0,0.0000,0.0000,0.0000,0.0000
Burst,68.47,18,0,0,0.0000,0.0000,0.0000,0.0000
Burst,68.47,18,1,13,0.0731,1.8369,1.8237,-0.0891
Burst,68.47,18,2,0,0.0000,0.0000,0.0000,0.0000
Burst,68.47,19,0,0,0.0000,0.0000,0.0000,0.0000
Burst,68.47,19,1,18,0.1013,1.8568,1.8179,-0.1704
Burst,68.47,19,2,1,0.0056,2.2895,2.2888,-0.0589
Burst,68.47,20,0,0,0.0000,0.0000,0.0000,0.0000
Burst,68.47,20,1,20,0.1125,1.9163,1.8934,-0.1894
Burst,68.47,20,2,0,0.0000,0.0000,0.0000,0.0000
Burst,68.47,21,0,0,0.0000,0.0000,0.0000,0.0000
Burst,68.47,21,1,17,0.0956,1.9890,1.9626,-0.2038
Burst,68.47,21,2,0,0.0000,0.0000,0.0000,0.0000
Burst,68.47,22,0,0,0.0000,0.0000,0.0000,0.0000
Burst,68.47,22,1,14,0.0788,1.9609,1.9395,-0.1185
Burst,68.47,22,2,0,0.0000,0.0000,0.0000,0.0000
Burst,68.47,23,0,0,0.0000,0.0000,0.0000,0.0000
Burst,68.47,23,1,8,0.0450,1.9905,1.9286,0.0684
Burst,68.47,23,2,0,0.0000,0.0000,0.0000,0.0000
Burst,68.47,24,0,0,0.0000,0.0000,0.0000,0.0000
Burst,68.47,24,1,8,0.0450,2.1053,2.0767,0.0993
Burst,68.47,24,2,0,0.0000,0.0000,0.0000,0.0000
Burst,68.47,25,0,0,0.0000,0.0000,0.0000,0.0000
Burst,68.47,25,1,7,0.0394,3.4075,2.9566,0.4359
Burst,68.47,25,2,0,0.0000,0.0000,0.0000,0.0000
Burst,68.47,26,0,0,0.0000,0.0000,0.0000,0.0000
Burst,68.47,26,1,3,0.0169,2.2836,1.9698,-0.8756
Burst,68.47,26,2,0,0.0000,0.0000,0.0000,0.0000
Burst,68.47,27,0,0,0.0000,0.0000,0.0000,0.0000
Burst,68.47,27,1,0,0.0000,0.0000,0.0000,0.0000
Burst,68.47,27,2,0,0.0000,0.0000,0.0000,0.0000
Burst,68.47,28,0,0,0.0000,0.0000,0.0000,0.0000
Burst,68.47,28,1,0,0.0000,0.0000,0.0000,0.0000
Burst,68.47,28,2,0,0.0000,0.0000,0.0000,0.0000
Burst,68.47,29,0,0,0.0000,0.0000,0.0000,0.0000
Burst,68.47,29,1,0,0.0000,0.0000,0.0000,0.0000
Burst,68.47,29,2,0,0.0000,0.0000,0.0000,0.0000
Burst,69.18,0,0,0,0.0000,0.0000,0.0000,0.0000
Burst,69.18,0,1,0,0.0000,0.0000,0.0000,0.0000
Burst,69.18,0,2,0,0.0000,0.0000,0.0000,0.0000
Burst,69.18,1,0,0,0.0000,0.0000,0.0000,0.0000
Burst,69.18,1,1,0,0.0000,0.0000,0.0000,0.0000
Burst,69.18,1,2,0,0.0000,0.0000,0.0000,0.0000
Burst,69.18,2,0,0,0.0000,0.0000,0.0000,0.0000
Burst,69.18,2,1,0,0.0000,0.0000,0.0000,0.0000
Burst,69.18,2,2,0,0.0000,0.0000,0.0000,0.0000
Burst,69.18,3,0,0,0.0000,0.0000,0.0000,0.0000
Burst,69.18,3,1,0,0.0000,0.0000,0.0000,0.0000
Burst,69.18,3,2,0,0.0000,0.0000,0.0000,0.0000
Burst,69.18,4,0,0,0.0000,0.0000,0.0000,0.0000
Burst,69.18,4,1,3,0.0169,1.9403,-1.8288,-0.5019
Burst,69.18,4,2,0,0.0000,0.0000,0.0000,0.0000
Burst,69.18,5,0,6,0.0338,2.8100,-2.5655,-0.4827
Burst,69.18,5,1,5,0.0281,2.2239,-1.4296,-0.2818
Burst,69.18,5,2,0,0.0000,0.0000,0.0000,0.0000
Burst,69.18,6,0,2,0.0113,2.5305,-1.2835,-2.1797
Burst,69.18,6,1,11,0.0619,1.5813,-1.2171,-0.4344
Burst,69.18,6,2,0,0.0000,0.0000,0.0000,0.0000
Burst,69.18,7,0,1,0.0056,1.5618,-1.4105,-0.6705
Burst,69.18,7,1,20,0.1125,1.6211,-1.3435,0.1713
Burst,69.18,7,2,0,0.0000,0.0000,0.0000,0.0000
Burst,69.18,8,0,0,0.0000,0.0000,0.0000,0.0000
Burst,69.18,8,1,35,0.1969,1.5094,-1.2282,-0.2822
Burst,69.18,8,2,0,0.0000,0.0000,0.0000,0.0000
Burst,69.18,9,0,0,0.0000,0.0000,0.0000,0.0000
Burst,69.18,9,1,15,0.0844,1.7475,-1.7065,-0.1023
Burst,69.18,9,2,0,0.0000,0.0000,0.0000,0.0000
Burst,69.18,10,0,0,0.0000,0.0000,0.0000,0.0000
Burst,69.18,10,1,15,0.0844,1.8997,-1.8647,-0.2837
Burst,69.18,10,2,0,0.0000,0.0000,0.0000,0.0000
Burst,69.18,11,0,0,0.0000,0.0000,0.0000,0.0000
Burst,69.18,11,1,13,0.0731,2.0551,-1.9039,-0.6257
Burst,69.18,11,2,0,0.0000,0.0000,0.0000,0.0000
Burst,69.18,12,0,0,0.0000,0.0000,0.0000,0.0000
Burst,69.18,12,1,6,0.0338,2.0443,-1.8465,-0.8280
Burst,69.18,12,2,0,0.0000,0.0000,0.0000,0.0000
Burst,69.18,13,0,0,0.0000,0.0000,0.0000,0.0000
Burst,69.18,13,1,0,0.0000,0.0000,0.0000,0.0000
Burst,69.18,13,2,0,0.0000,0.0000,0.0000,0.0000
Burst,69.18,14,0,0,0.0000,0.0000,0.0000,0.0000
Burst,69.18,14,1,0,0.0000,0.0000,0.0000,0.0000
Burst,69.18,14,2,0,0.0000,0.0000,0.0000,0.0000
Burst,69.18,15,0,0,0.0000,0.0000,0.0000,0.0000
Burst,69.18,15,1,2,0.0113,0.0000,0.0000,0.0000
Burst,69.18,15,2,0,0.0000,0.0000,0.0000,0.0000
Burst,69.18,16,0,0,0.0000,0.0000,0.0000,0.0000
Burst,69.18,16,1,7,0.0394,2.1484,2.1354,-0.1250
Burst,69.18,16,2,5,0.0281,1.8604,1.8583,0.0244
Burst,69.18,17,0,0,0.0000,0.0000,0.0000,0.0000
Burst,69.18,17,1,12,0.0675,2.0278,2.0171,-0.0979
Burst,69.18,17,2,1,0.0056,1.4407,1.4406,-0.0149
Burst,69.18,18,0,0,0.0000,0.0000,0.0000,0.0000
Burst,69.18,18,1,13,0.0731,1.9349,1.9083,-0.2055
Burst,69.18,18,2,0,0.0000,0.0000,0.0000,0.0000
Burst,69.18,19,0,0,0.0000,0.0000,0.0000,0.0000
Burst,69.18,19,1,19,0.1069,1.8629,1.8521,-0.0401
Burst,69.18,19,2,0,0.0000,0.0000,0.0000,0.0000
Burst,69.18,20,0,0,0.0000,0.0000,0.0000,0.0000
Burst,69.18,20,1,21,0.1181,1.9132,1.8999,-0.0231
Burst,69.18,20,2,0,0.0000,0.0000,0.0000,0.0000
Burst,69.18,21,0,0,0.0000,0.0000,0.0000,0.0000
Burst,69.18,21,1,16,0.0900,1.9180,1.9039,-0.0308
Burst,69.18,21,2,0,0.0000,0.0000,0.0000,0.0000
Burst,69.18,22,0,0,0.0000,0.0000,0.0000,0.0000
Burst,69.18,22,1,14,0.0788,2.0822,2.0656,-0.0678
Burst,69.18,22,2,0,0.0000,0.0000,0.0000,0.0000
Burst,69.18,23,0,0,0.0000,0.0000,0.0000,0.0000
Burst,69.18,23,1,10,0.0563,2.2002,2.1700,-0.1246
Burst,69.18,23,2,0,0.0000,0.0000,0.0000,0.0000
Burst,69.18,24,0,0,0.0000,0.0000,0.0000,0.0000
Burst,69.18,24,1,8,0.0450,2.2264,2.2092,0.1758
Burst,69.18,24,2,0,0.0000,0.0000,0.0000,0.0000
Burst,69.18,25,0,0,0.0000,0.0000,0.0000,0.0000
Burst,69.18,25,1,4,0.0225,3.2699,3.0720,0.4279
Burst,69.18,25,2,0,0.0000,0.0000,0.0000,0.0000
Burst,69.18,26,0,0,0.0000,0.0000,0.0000,0.0000
Burst,69.18,26,1,6,0.0338,2.4515,2.2905,-0.5916
Burst,69.18,26,2,0,0.0000,0.0000,0.0000,0.0000
Burst,69.18,27,0,0,0.0000,0.0000,0.0000,0.0000
Burst,69.18,27,1,0,0.0000,0.0000,0.0000,0.0000
Burst,69.18,27,2,0,0.0000,0.0000,0.0000,0.0000
Burst,69.18,28,0,0,0.0000,0.0000,0.0000,0.0000
Burst,69.18,28,1,0,0.0000,0.0000,0.0000,0.0000
Burst,69.18,28,2,0,0.0000,0.0000,0.0000,0.0000
Burst,69.18,29,0,0,0.0000,0.0000,0.0000,0.0000
Burst,69.18,29,1,0,0.0000,0.0000,0.0000,0.0000
Burst,69.18,29,2,0,0.0000,0.0000,0.0000,0.0000
Burst,69.85,0,0,0,0.0000,0.0000,0.0000,0.0000
Burst,69.85,0,1,0,0.0000,0.0000,0.0000,0.0000
Burst,69.85,0,2,0,0.0000,0.0000,0.0000,0.0000
Burst,69.85,1,0,0,0.0000,0.0000,0.0000,0.0000
Burst,69.85,1,1,0,0.0000,0.0000,0.0000,0.0000
Burst,69.85,1,2,0,0.0000,0.0000,0.0000,0.0000
Burst,69.85,2,0,0,0.0000,0.0000,0.0000,0.0000
Burst,69.85,2,1,0,0.0000,0.0000,0.0000,0.0000
Burst,69.85,2,2,0,0.0000,0.0000,0.0000,0.0000
Burst,69.85,3,0,0,0.0000,0.0000,0.0000,0.0000
Burst,69.85,3,1,0,0.0000,0.0000,0.0000,0.0000
Burst,69.85,3,2,0,0.0000,0.0000,0.0000,0.0000
Burst,69.85,4,0,3,0.0169,2.2226,-2.0159,-0.7803
Burst,69.85,4,1,2,0.0113,2.4271,-2.0811,-0.5676
Burst,69.85,4,2,0,0.0000,0.0000,0.0000,0.0000
Burst,69.85,5,0,4,0.0225,2.4171,-2.2410,0.0842
Burst,69.85,5,1,5,0.0281,4.1298,-3.1649,1.5032
Burst,69.85,5,2,0,0.0000,0.0000,0.0000,0.0000
Burst,69.85,6,0,3,0.0169,2.4228,-1.3256,-2.0030
Burst,69.85,6,1,13,0.0731,1.6630,-1.2687,-0.4220
Burst,69.85,6,2,0,0.0000,0.0000,0.0000,0.0000
Burst,69.85,7,0,0,0.0000,0.0000,0.0000,0.0000
Burst,69.85,7,1,19,0.1069,1.3905,-1.2869,-0.1258
Burst,69.85,7,2,0,0.0000,0.0000,0.0000,0.0000
Burst,69.85,8,0,0,0.0000,0.0000,0.0000,0.0000
Burst,69.85,8,1,36,0.2025,1.4741,-1.1886,-0.5146
Burst,69.85,8,2,0,0.0000,0.0000,0.0000,0.0000
Burst,69.85,9,0,0,0.0000,0.0000,0.0000,0.0000
Burst,69.85,9,1,17,0.0956,1.5583,-1.5151,-0.1810
Burst,69.85,9,2,0,0.0000,0.0000,0.0000,0.0000
Burst,69.85,10,0,0,0.0000,0.0000,0.0000,0.0000
Burst,69.85,10,1,14,0.0788,1.8636,-1.8258,-0.1398
Burst,69.85,10,2,0,0.0000,0.0000,0.0000,0.0000
Burst,69.85,11,0,0,0.0000,0.0000,0.0000,0.0000
Burst,69.85,11,1,14,0.0788,1.9346,-1.8097,-0.5682
Burst,69.85,11,2,0,0.0000,0.0000,0.0000,0.0000
Burst,69.85,12,0,0,0.0000,0.0000,0.0000,0.0000
Burst,69.85,12,1,4,0.0225,2.1147,-1.8735,-0.9782
Burst,69.85,12,2,0,0.0000,0.0000,0.0000,0.0000
Burst,69.85,13,0,0,0.0000,0.0000,0.0000,0.0000
Burst,69.85,13,1,0,0.0000,0.0000,0.0000,0.0000
Burst,69.85,13,2,0,0.0000,0.0000,0.0000,0.0000
Burst,69.85,14,0,0,0.0000,0.0000,0.0000,0.0000
Burst,69.85,14,1,0,0.0000,0.0000,0.0000,0.0000
Burst,69.85,14,2,0,0.0000,0.0000,0.0000,0.0000
Burst,69.85,15,0,0,0.0000,0.0000,0.0000,0.0000
Burst,69.85,15,1,2,0.0113,0.8206,0.8172,-0.0742
Burst,69.85,15,2,0,0.0000,0.0000,0.0000,0.0000
Burst,69.85,16,0,0,0.0000,0.0000,0.0000,0.0000
Burst,69.85,16,1,9,0.0506,2.0435,1.9119,-0.2942
Burst,69.85,16,2,3,0.0169,1.7139,1.7137,0.0073
Burst,69.85,17,0,0,0.0000,0.0000,0.0000,0.0000
Burst,69.85,17,1,12,0.0675,1.9394,1.9240,-0.0978
Burst,69.85,17,2,1,0.0056,1.9017,1.9017,-0.0103
Burst,69.85,18,0,0,0.0000,0.0000,0.0000,0.0000
Burst,69.85,18,1,12,0.0675,1.9930,1.9794,-0.0520
Burst,69.85,18,2,0,0.0000,0.0000,0.0000,0.0000
Burst,69.85,19,0,0,0.0000,0.0000,0.0000,0.0000
Burst,69.85,19,1,20,0.1125,1.7867,1.7617,-0.0359
Burst,69.85,19,2,0,0.0000,0.0000,0.0000,0.0000
Burst,69.85,20,0,0,0.0000,0.0000,0.0000,0.0000
Burst,69.85,20,1,20,0.1125,1.7472,1.7232,0.0076
Burst,69.85,20,2,0,0.0000,0.0000,0.0000,0.0000
Burst,69.85,21,0,0,0.0000,0.0000,0.0000,0.0000
Burst,69.85,21,1,18,0.1013,1.9800,1.9604,0.0069
Burst,69.85,21,2,0,0.0000,0.0000,0.0000,0.0000
Burst,69.85,22,0,0,0.0000,0.0000,0.0000,0.0000
Burst,69.85,22,1,14,0.0788,2.0014,1.9800,-0.0178
Burst,69.85,22,2,0,0.0000,0.0000,0.0000,0.0000
Burst,69.85,23,0,0,0.0000,0.0000,0.0000,0.0000
Burst,69.85,23,1,10,0.0563,2.1652,2.0970,-0.4152
Burst,69.85,23,2,0,0.0000,0.0000,0.0000,0.0000
Burst,69.85,24,0,0,0.0000,0.0000,0.0000,0.0000
Burst,69.85,24,1,8,0.0450,2.3554,2.3235,0.1409
Burst,69.85,24,2,0,0.0000,0.0000,0.0000,0.0000
Burst,69.85,25,0,0,0.0000,0.0000,0.0000,0.0000
Burst,69.85,25,1,5,0.0281,2.3140,2.1701,-0.3633
Burst,69.85,25,2,0,0.0000,0.0000,0.0000,0.0000
Burst,69.85,26,0,0,0.0000,0.0000,0.0000,0.0000
Burst,69.85,26,1,4,0.0225,2.1409,1.9859,-0.5134
Burst,69.85,26,2,0,0.0000,0.0000,0.0000,0.0000
Burst,69.85,27,0,0,0.0000,0.0000,0.0000,0.0000
Burst,69.85,27,1,0,0.0000,0.0000,0.0000,0.0000
Burst,69.85,27,2,0,0.0000,0.0000,0.0000,0.0000
Burst,69.85,28,0,0,0.0000,0.0000,0.0000,0.0000
Burst,69.85,28,1,0,0.0000,0.0000,0.0000,0.0000
Burst,69.85,28,2,0,0.0000,0.0000,0.0000,0.0000
Burst,69.85,29,0,0,0.0000,0.0000,0.0000,0.0000
Burst,69.85,29,1,0,0.0000,0.0000,0.0000,0.0000
Burst,69.85,29,2,0,0.0000,0.0000,0.0000,0.0000
Burst,70.42,0,0,0,0.0000,0.0000,0.0000,0.0000
Burst,70.42,0,1,0,0.0000,0.0000,0.0000,0.0000
Burst,70.42,0,2,0,0.0000,0.0000,0.0000,0.0000
Burst,70.42,1,0,0,0.0000,0.0000,0.0000,0.0000
Burst,70.42,1,1,0,0.0000,0.0000,0.0000,0.0000
Burst,70.42,1,2,0,0.0000,0.0000,0.0000,0.0000
Burst,70.42,2,0,0,0.0000,0.0000,0.0000,0.0000
Burst,70.42,2,1,0,0.0000,0.0000,0.0000,0.0000
Burst,70.42,2,2,0,0.0000,0.0000,0.0000,0.0000
Burst,70.42,3,0,0,0.0000,0.0000,0.0000,0.0000
Burst,70.42,3,1,0,0.0000,0.0000,0.0000,0.0000
Burst,70.42,3,2,0,0.0000,0.0000,0.0000,0.0000
Burst,70.42,4,0,4,0.0225,1.6221,-1.4561,-0.0384
Burst,70.42,4,1,1,0.0056,1.8251,-1.7317,-0.5764
Burst,70.42,4,2,0,0.0000,0.0000,0.0000,0.0000
Burst,70.42,5,0,3,0.0169,2.5944,-2.5284,0.2939
Burst,70.42,5,1,5,0.0281,2.3194,-1.8629,0.0389
Burst,70.42,5,2,0,0.0000,0.0000,0.0000,0.0000
Burst,70.42,6,0,4,0.0225,2.3892,-1.3411,-1.8864
Burst,70.42,6,1,13,0.0731,1.6639,-1.4144,-0.4170
Burst,70.42,6,2,0,0.0000,0.0000,0.0000,0.0000
Burst,70.42,7,0,0,0.0000,0.0000,0.0000,0.0000
Burst,70.42,7,1,18,0.1013,1.3905,-1.1953,-0.1193
Burst,70.42,7,2,0,0.0000,0.0000,0.0000,0.0000
Burst,70.42,8,0,0,0.0000,0.0000,0.0000,0.0000
Burst,70.42,8,1,38,0.2138,1.5673,-1.1723,-0.3789
Burst,70.42,8,2,0,0.0000,0.0000,0.0000,0.0000
Burst,70.42,9,0,0,0.0000,0.0000,0.0000,0.0000
Burst,70.42,9,1,18,0.1013,1.7604,-1.6701,-0.1628
Burst,70.42,9,2,0,0.0000,0.0000,0.0000,0.0000
Burst,70.42,10,0,0,0.0000,0.0000,0.0000,0.0000
Burst,70.42,10,1,14,0.0788,1.8989,-1.8716,-0.2025
Burst,70.42,10,2,0,0.0000,0.0000,0.0000,0.0000
Burst,70.42,11,0,0,0.0000,0.0000,0.0000,0.0000
Burst,70.42,11,1,12,0.0675,1.8547,-1.7296,-0.6169
Burst,70.42,11,2,0,0.0000,0.0000,0.0000,0.0000
Burst,70.42,12,0,0,0.0000,0.0000,0.0000,0.0000
Burst,70.42,12,1,4,0.0225,1.9972,-1.7839,-0.8827
Burst,70.42,12,2,0,0.0000,0.0000,0.0000,0.0000
Burst,70.42,13,0,0,0.0000,0.0000,0.0000,0.0000
Burst,70.42,13,1,0,0.0000,0.0000,0.0000,0.0000
Burst,70.42,13,2,0,0.0000,0.0000,0.0000,0.0000
Burst,70.42,14,0,0,0.0000,0.0000,0.0000,0.0000
Burst,70.42,14,1,0,0.0000,0.0000,0.0000,0.0000
Burst,70.42,14,2,0,0.0000,0.0000,0.0000,0.0000
Burst,70.42,15,0,0,0.0000,0.0000,0.0000,0.0000
Burst,70.42,15,1,2,0.0113,0.0000,0.0000,0.0000
Burst,70.42,15,2,0,0.0000,0.0000,0.0000,0.0000
Burst,70.42,16,0,0,0.0000,0.0000,0.0000,0.0000
Burst,70.42,16,1,11,0.0619,2.0316,2.0036,-0.1723
Burst,70.42,16,2,3,0.0169,1.5643,1.5476,0.1814
Burst,70.42,17,0,0,0.0000,0.0000,0.0000,0.0000
Burst,70.42,17,1,12,0.0675,1.8827,1.8617,-0.0687
Burst,70.42,17,2,0,0.0000,0.0000,0.0000,0.0000
Burst,70.42,18,0,0,0.0000,0.0000,0.0000,0.0000
Burst,70.42,18,1,12,0.0675,1.7650,1.7480,-0.0376
Burst,70.42,18,2,0,0.0000,0.0000,0.0000,0.0000
Burst,70.42,19,0,0,0.0000,0.0000,0.0000,0.0000
Burst,70.42,19,1,19,0.1069,1.8041,1.7872,-0.0503
Burst,70.42,19,2,0,0.0000,0.0000,0.0000,0.0000
Burst,70.42,20,0,0,0.0000,0.0000,0.0000,0.0000
Burst,70.42,20,1,23,0.1294,1.8222,1.7991,0.0084
Burst,70.42,20,2,0,0.0000,0.0000,0.0000,0.0000
Burst,70.42,21,0,0,0.0000,0.0000,0.0000,0.0000
Burst,70.42,21,1,16,0.0900,1.8320,1.8130,0.0095
Burst,70.42,21,2,0,0.0000,0.0000,0.0000,0.0000
Burst,70.42,22,0,0,0.0000,0.0000,0.0000,0.0000
Burst,70.42,22,1,15,0.0844,1.9677,1.9473,0.0549
Burst,70.42,22,2,0,0.0000,0.0000,0.0000,0.0000
Burst,70.42,23,0,0,0.0000,0.0000,0.0000,0.0000
Burst,70.42,23,1,11,0.0619,2.1336,2.0479,-0.4173
Burst,70.42,23,2,0,0.0000,0.0000,0.0000,0.0000
Burst,70.42,24,0,0,0.0000,0.0000,0.0000,0.0000
Burst,70.42,24,1,7,0.0394,2.2616,2.2327,-0.1599
Burst,70.42,24,2,0,0.0000,0.0000,0.0000,0.0000
Burst,70.42,25,0,0,0.0000,0.0000,0.0000,0.0000
Burst,70.42,25,1,5,0.0281,2.5966,2.4925,-0.2747
Burst,70.42,25,2,0,0.0000,0.0000,0.0000,0.0000
Burst,70.42,26,0,0,0.0000,0.0000,0.0000,0.0000
Burst,70.42,26,1,4,0.0225,2.0821,1.9105,-0.5712
Burst,70.42,26,2,0,0.0000,0.0000,0.0000,0.0000
Burst,70.42,27,0,0,0.0000,0.0000,0.0000,0.0000
Burst,70.42,27,1,0,0.0000,0.0000,0.0000,0.0000
Burst,70.42,27,2,0,0.0000,0.0000,0.0000,0.0000
Burst,70.42,28,0,0,0.0000,0.0000,0.0000,0.0000
Burst,70.42,28,1,0,0.0000,0.0000,0.0000,0.0000
Burst,70.42,28,2,0,0.0000,0.0000,0.0000,0.0000
Burst,70.42,29,0,0,0.0000,0.0000,0.0000,0.0000
Burst,70.42,29,1,0,0.0000,0.0000,0.0000,0.0000
Burst,70.42,29,2,0,0.0000,0.0000,0.0000,0.0000
