time,cell_x,count,density,mean_speed,hotspot_score,bottleneck_score
39.47,8,25.0,0.1406,1.6409,0.765075163398693,0.3905555555555556
41.97,8,27.0,0.1519,1.7571,0.8264689542483661,0.43136111111111114
42.47,8,29.0,0.1631,1.733,0.8875016339869282,0.46238888888888885
42.97,8,29.0,0.1631,1.6507,0.8875016339869282,0.45305555555555554
43.47,8,28.0,0.1575,1.7836,0.856985294117647,0.4375
43.97,8,27.0,0.1519,1.7005,0.8264689542483661,0.42194444444444446
44.47,8,27.0,0.1519,1.602,0.8264689542483661,0.42194444444444446
44.97,8,28.0,0.1575,1.4744,0.856985294117647,0.44216666666666665
45.47,8,29.0,0.1631,1.6053,0.8875016339869282,0.4577222222222222
45.98,8,31.0,0.1744,1.5129,0.9488954248366013,0.49386111111111114
46.48,8,32.0,0.18,1.5312,0.9794117647058824,0.5046666666666667
46.98,7,27.0,0.1519,1.6518592592592594,0.8264689542483661,0.4266944444444445
46.98,8,31.0,0.1744,1.6126,0.9488954248366013,0.48444444444444446
47.48,7,26.0,0.1463,1.6760307692307692,0.795952614379085,0.40638888888888897
47.48,8,31.0,0.1744,1.6352,0.9488954248366013,0.48444444444444446
47.98,7,26.0,0.14629999999999999,1.622219230769231,0.7959526143790849,0.40638888888888886
47.98,8,31.0,0.1744,1.6566,0.9488954248366013,0.48444444444444446
48.49,7,25.0,0.1407,1.566668,0.765436274509804,0.3908333333333333
48.49,8,34.0,0.1913,1.6428,1.0,0.5140833333333333
48.99,7,25.0,0.1407,1.6406560000000001,0.765436274509804,0.3908333333333333
48.99,8,34.0,0.1913,1.6529,1.0,0.5
49.49,8,35.0,0.1969,1.614,1.0,0.5046666666666667
50.0,8,33.0,0.1856,1.6118,0.9897058823529412,0.5
50.5,8,32.0,0.18,1.6609,0.9794117647058824,0.5
51.05,8,33.0,0.1856,1.5434,0.9897058823529412,0.5046666666666667
51.55,8,35.0,0.1969,1.5466,1.0,0.5094166666666666
52.05,8,36.0,0.2025,1.5547,1.0,0.5046666666666667
52.56,7,28.0,0.1575,1.6395642857142856,0.856985294117647,0.44216666666666665
52.56,8,35.0,0.1969,1.6517,1.0,0.5
53.07,7,29.0,0.1631,1.6368103448275861,0.8875016339869282,0.4577222222222222
53.07,8,35.0,0.1969,1.518,1.0,0.5
53.58,7,30.0,0.1688,1.74508,0.9183790849673203,0.47363888888888894
53.58,8,35.0,0.1969,1.5913,1.0,0.5
54.08,7,32.0,0.1801,1.6615499999999999,0.9794117647058824,0.5094166666666666
54.08,8,36.0,0.2025,1.6264,1.0,0.5046666666666667
54.59,7,32.0,0.18,1.5669343749999998,0.9794117647058824,0.5
54.59,8,37.0,0.2081,1.6421,1.0,0.5046666666666667
55.1,7,31.0,0.1744,1.5498548387096773,0.9488954248366013,0.48444444444444446
55.1,8,38.0,0.2138,1.6139,1.0,0.50475
55.61,7,31.0,0.1744,1.4731612903225808,0.9488954248366013,0.48444444444444446
55.61,8,38.0,0.2137,1.7007552631578946,1.0,0.5
56.11,7,32.0,0.1801,1.494,0.9794117647058824,0.50475
56.11,8,35.0,0.1969,1.688362857142857,1.0,0.5
56.65,7,31.0,0.1744,1.5030806451612904,0.9488954248366013,0.48444444444444446
56.65,8,36.0,0.2026,1.6171555555555555,1.0,0.50475
57.16,7,31.0,0.1744,1.6093,0.9488954248366013,0.48444444444444446
57.16,8,37.0,0.2082,1.7238162162162163,1.0,0.5046666666666667
57.67,7,32.0,0.18,1.5147499999999998,0.9794117647058824,0.5046666666666667
57.67,8,36.0,0.2026,1.618977777777778,1.0,0.5
58.18,7,35.0,0.1969,1.7496028571428572,1.0,0.5140833333333333
58.18,8,35.0,0.1969,1.6431,1.0,0.5
58.69,7,37.0,0.2082,1.7165162162162162,1.0,0.5094166666666666
58.69,8,34.0,0.1913,1.6268,1.0,0.5
59.19,7,37.0,0.2082,1.6826297297297297,1.0,0.5
59.19,8,35.0,0.1969,1.5545,1.0,0.5046666666666667
59.7,7,39.0,0.21939999999999998,1.7812999999999999,1.0,0.5093333333333333
59.7,8,35.0,0.1969,1.5931,1.0,0.5
60.2,7,38.0,0.2138,1.6609552631578945,1.0,0.5
60.2,8,36.0,0.2025,1.5041,1.0,0.5046666666666667
60.7,7,39.0,0.21939999999999998,1.6121179487179487,1.0,0.5046666666666667
60.7,8,35.0,0.1969,1.5366,1.0,0.5
61.2,7,37.0,0.2081,1.534518918918919,1.0,0.5
61.2,8,35.0,0.1969,1.5574,1.0,0.5
61.75,7,36.0,0.20249999999999999,1.5745666666666667,1.0,0.5
61.75,8,37.0,0.2081,1.5522,1.0,0.5093333333333333
62.26,7,39.0,0.21939999999999998,1.4918051282051283,1.0,0.5140833333333333
62.26,8,36.0,0.20249999999999999,1.5592555555555556,1.0,0.5
62.77,7,37.0,0.2081,1.5125135135135135,1.0,0.5
62.77,8,36.0,0.20249999999999999,1.6402861111111111,1.0,0.5
63.27,7,39.0,0.21939999999999998,1.5215153846153846,1.0,0.5094166666666666
63.27,8,35.0,0.1969,1.6060514285714285,1.0,0.5
63.77,7,39.0,0.21939999999999998,1.430882051282051,1.0,0.5
63.77,8,36.0,0.20249999999999999,1.6025833333333332,1.0,0.5046666666666667
64.28,7,39.0,0.21939999999999998,1.5740923076923077,1.0,0.5
64.28,8,36.0,0.2025,1.5531,1.0,0.5
64.78,7,36.0,0.20249999999999999,1.6407944444444444,1.0,0.5
64.78,8,38.0,0.2138,1.6772,1.0,0.5094166666666666
65.28,6,27.0,0.1519,1.6363555555555556,0.8264689542483661,0.42194444444444446
65.28,7,39.0,0.21939999999999998,1.4654743589743588,1.0,0.5140833333333333
65.28,8,38.0,0.2138,1.6504,1.0,0.5
65.79,6,28.0,0.1575,1.6354,0.856985294117647,0.44216666666666665
65.79,7,38.0,0.2138,1.5822631578947368,1.0,0.5
65.79,8,38.0,0.2137,1.6176684210526318,1.0,0.5
66.29,6,28.0,0.1575,1.4091428571428573,0.856985294117647,0.4375
66.29,7,39.0,0.21939999999999998,1.5014615384615386,1.0,0.5046666666666667
66.29,8,37.0,0.2081,1.6310216216216216,1.0,0.5
66.79,6,29.0,0.16310000000000002,1.5541620689655173,0.8875016339869282,0.45772222222222236
66.79,7,38.0,0.2138,1.6267026315789475,1.0,0.5
66.79,8,39.0,0.21939999999999998,1.6075051282051283,1.0,0.5094166666666666
67.3,6,31.0,0.1744,1.5376032258064516,0.9488954248366013,0.4938611111111111
67.3,7,37.0,0.2082,1.6386756756756757,1.0,0.5
67.3,8,40.0,0.225,1.6112075000000001,1.0,0.5046666666666667
67.8,6,30.0,0.1688,1.71868,0.9183790849673203,0.4688888888888889
67.8,7,37.0,0.2081,1.649627027027027,1.0,0.5
67.8,8,39.0,0.2194,1.7114153846153846,1.0,0.5
68.35,6,31.0,0.1744,1.6968612903225806,0.9488954248366013,0.4891111111111111
68.35,7,39.0,0.21939999999999998,1.7128256410256408,1.0,0.5094166666666666
68.35,8,40.0,0.225,1.562385,1.0,0.5046666666666667
68.85,6,31.0,0.1744,1.6052870967741937,0.9488954248366013,0.48444444444444446
68.85,7,38.0,0.2138,1.6386315789473684,1.0,0.5
68.85,8,39.0,0.21939999999999998,1.5380794871794872,1.0,0.5
69.36,6,32.0,0.18,1.642,0.9794117647058824,0.5046666666666667
69.36,7,37.0,0.2081,1.7811756756756758,1.0,0.5
69.36,8,39.0,0.2194,1.6081,1.0,0.5
69.87,6,35.0,0.19690000000000002,1.6854314285714285,1.0,0.5140833333333333
69.87,7,35.0,0.19690000000000002,1.7125485714285713,1.0,0.5
69.87,8,40.0,0.225,1.5619049999999999,1.0,0.5046666666666667
70.37,6,36.0,0.2026,1.6675999999999997,1.0,0.50475
70.37,7,35.0,0.19690000000000002,1.7216114285714286,1.0,0.5
70.37,8,41.0,0.23070000000000002,1.5002560975609756,1.0,0.50475
70.87,6,37.0,0.2082,1.6509432432432434,1.0,0.5046666666666667
70.87,7,35.0,0.19690000000000002,1.7487285714285714,1.0,0.5
70.87,8,40.0,0.2251,1.6021,1.0,0.5
71.38,6,34.0,0.1913,1.5406117647058826,1.0,0.5
71.38,7,38.0,0.2138,1.7298394736842102,1.0,0.5140833333333333
71.38,8,38.0,0.2137,1.5194157894736842,1.0,0.5
71.88,6,35.0,0.1969,1.7656399999999999,1.0,0.5046666666666667
71.88,7,37.0,0.2081,1.7253594594594595,1.0,0.5
71.88,8,37.0,0.2081,1.5659,1.0,0.5
72.38,6,35.0,0.19690000000000002,1.726457142857143,1.0,0.5
72.38,7,35.0,0.19690000000000002,1.78444,1.0,0.5
72.38,8,38.0,0.2138,1.6082,1.0,0.50475
72.88,6,36.0,0.2025,1.685788888888889,1.0,0.5046666666666667
72.88,7,35.0,0.1969,1.78536,1.0,0.5
72.88,8,41.0,0.2306,1.6278000000000001,1.0,0.514
73.39,6,34.0,0.1913,1.6612794117647058,1.0,0.5
73.39,7,35.0,0.19690000000000002,1.7182428571428574,1.0,0.5
73.39,8,41.0,0.2306,1.625,1.0,0.5
73.89,6,32.0,0.18,1.697034375,0.9794117647058824,0.5
73.89,7,37.0,0.2081,1.7483054054054057,1.0,0.5093333333333333
73.89,8,40.0,0.225,1.5420375,1.0,0.5
74.39,6,33.0,0.18569999999999998,1.7391151515151515,0.9897058823529412,0.50475
74.39,7,36.0,0.2025,1.8003583333333333,1.0,0.5
74.39,8,42.0,0.2363,1.594038095238095,1.0,0.5094166666666666
74.89,6,34.0,0.1913,1.791264705882353,1.0,0.5046666666666667
74.89,7,36.0,0.2025,1.708675,1.0,0.5
74.89,8,40.0,0.2251,1.62747,1.0,0.5
75.39,6,34.0,0.1913,1.6645117647058825,1.0,0.5
75.39,7,36.0,0.2025,1.5687666666666666,1.0,0.5
75.39,8,39.0,0.2194,1.535048717948718,1.0,0.5
75.9,6,35.0,0.1969,1.7898857142857143,1.0,0.5046666666666667
75.9,7,37.0,0.2082,1.4662675675675676,1.0,0.50475
75.9,8,35.0,0.1969,1.544737142857143,1.0,0.5
76.4,6,38.0,0.2138,1.8565578947368422,1.0,0.5140833333333333
76.4,7,36.0,0.20249999999999999,1.4851444444444444,1.0,0.5
76.4,8,35.0,0.1969,1.6204,1.0,0.5
76.9,6,35.0,0.1969,1.72078,1.0,0.5
76.9,7,37.0,0.2082,1.4752,1.0,0.50475
76.9,8,37.0,0.2081,1.4482,1.0,0.5093333333333333
77.4,6,33.0,0.1856,1.7318181818181815,0.9897058823529412,0.5
77.4,7,37.0,0.2082,1.5147513513513513,1.0,0.5
77.4,8,38.0,0.2138,1.5041,1.0,0.50475
77.9,6,35.0,0.1969,1.7326599999999999,1.0,0.5094166666666666
77.9,7,36.0,0.2025,1.493925,1.0,0.5
77.9,8,37.0,0.2081,1.4891,1.0,0.5
78.4,6,36.0,0.2025,1.6430583333333333,1.0,0.5046666666666667
78.4,7,35.0,0.1969,1.5656142857142858,1.0,0.5
78.4,8,39.0,0.2194,1.474,1.0,0.5094166666666666
78.9,6,33.0,0.18569999999999998,1.6883333333333335,0.9897058823529412,0.5
78.9,7,35.0,0.1969,1.575322857142857,1.0,0.5
78.9,8,39.0,0.2194,1.5681,1.0,0.5
79.4,6,34.0,0.1913,1.6914529411764705,1.0,0.5046666666666667
79.4,7,34.0,0.1913,1.7242676470588234,1.0,0.5
79.4,8,38.0,0.2138,1.5757,1.0,0.5
79.96,6,31.0,0.1744,1.7307322580645164,0.9488954248366013,0.48444444444444446
79.96,7,34.0,0.1913,1.5376941176470587,1.0,0.5
79.96,8,40.0,0.225,1.4883,1.0,0.5093333333333333
80.46,6,31.0,0.1744,1.7518193548387095,0.9488954248366013,0.48444444444444446
80.46,7,36.0,0.20249999999999999,1.5551444444444447,1.0,0.5093333333333333
80.46,8,38.0,0.2138,1.6372,1.0,0.5
80.97,5,25.0,0.1406,2.0956799999999998,0.765075163398693,0.3905555555555556
80.97,6,31.0,0.1744,1.592341935483871,0.9488954248366013,0.48444444444444446
80.97,7,34.0,0.1913,1.5619294117647058,1.0,0.5
80.97,8,39.0,0.2194,1.6131846153846154,1.0,0.5046666666666667
81.47,6,31.0,0.1744,1.6008806451612902,0.9488954248366013,0.48444444444444446
81.47,7,35.0,0.1969,1.6881257142857142,1.0,0.5046666666666667
81.47,8,38.0,0.2138,1.6657,1.0,0.5
81.98,6,32.0,0.18,1.62303125,0.9794117647058824,0.5046666666666667
81.98,7,35.0,0.1969,1.7303514285714288,1.0,0.5
81.98,8,38.0,0.21380000000000002,1.7011894736842106,1.0,0.5
82.48,6,31.0,0.1744,1.607541935483871,0.9488954248366013,0.48444444444444446
82.48,7,35.0,0.1969,1.6656742857142857,1.0,0.5
82.48,8,39.0,0.2194,1.7744974358974361,1.0,0.5046666666666667
82.98,6,29.0,0.1632,1.5560482758620688,0.8878627450980392,0.45333333333333337
82.98,7,36.0,0.20249999999999999,1.7720805555555554,1.0,0.5046666666666667
82.98,8,39.0,0.2194,1.6905589743589742,1.0,0.5
83.48,6,28.0,0.1575,1.6352857142857142,0.856985294117647,0.4375
83.48,7,35.0,0.19690000000000002,1.7313942857142859,1.0,0.5
83.48,8,40.0,0.2251,1.6177050000000002,1.0,0.50475
83.99,6,29.0,0.1632,1.7720758620689656,0.8878627450980392,0.4580833333333334
83.99,7,34.0,0.19130000000000003,1.874970588235294,1.0,0.5
83.99,8,41.0,0.23070000000000002,1.5729268292682925,1.0,0.5046666666666667
84.49,6,30.0,0.1688,1.556,0.9183790849673203,0.47355555555555556
84.49,7,33.0,0.18560000000000001,1.8337181818181816,0.9897058823529412,0.5
84.49,8,40.0,0.225,1.537845,1.0,0.5
84.99,6,29.0,0.1631,1.5555517241379309,0.8875016339869282,0.45305555555555554
84.99,7,34.0,0.1912,1.9049117647058822,1.0,0.5046666666666667
84.99,8,43.0,0.2419,1.5538186046511628,1.0,0.5140833333333333
85.49,6,30.0,0.1688,1.55612,0.9183790849673203,0.47363888888888894
85.49,7,36.0,0.2026,1.8172277777777777,1.0,0.5095
85.49,8,43.0,0.2419,1.5516767441860462,1.0,0.5
85.99,6,32.0,0.18,1.799075,0.9794117647058824,0.5093333333333333
85.99,7,34.0,0.19129999999999997,1.7944588235294119,1.0,0.5
85.99,8,43.0,0.2419,1.585781395348837,1.0,0.5
86.49,6,30.0,0.1688,1.60037,0.9183790849673203,0.4688888888888889
86.49,7,35.0,0.1969,1.885037142857143,1.0,0.5046666666666667
86.49,8,44.0,0.2475,1.5309999999999997,1.0,0.5046666666666667
86.99,6,26.0,0.14629999999999999,1.501423076923077,0.7959526143790849,0.40638888888888886
86.99,7,37.0,0.2081,1.8735378378378378,1.0,0.5093333333333333
86.99,8,45.0,0.2531,1.5181,1.0,0.5046666666666667
87.5,6,29.0,0.1632,1.6036379310344826,0.8878627450980392,0.4674166666666667
87.5,7,36.0,0.20249999999999999,1.709911111111111,1.0,0.5
87.5,8,43.0,0.2419,1.3888,1.0,0.5
88.0,6,31.0,0.1744,1.5217387096774193,0.9488954248366013,0.49377777777777776
88.0,7,35.0,0.1969,1.6693228571428573,1.0,0.5
88.0,8,44.0,0.2475,1.4694,1.0,0.5046666666666667
88.5,6,32.0,0.18009999999999998,1.5037,0.9794117647058824,0.50475
88.5,7,32.0,0.18009999999999998,1.5954312499999999,0.9794117647058824,0.5
88.5,8,47.0,0.2644,1.4834,1.0,0.5140833333333333
89.0,6,33.0,0.1856,1.5281545454545455,0.9897058823529412,0.5045833333333334
89.0,7,32.0,0.18,1.552921875,0.9794117647058824,0.5
89.0,8,46.0,0.2588,1.5846999999999998,1.0,0.5
89.5,6,33.0,0.1856,1.421421212121212,0.9897058823529412,0.5
89.5,7,30.0,0.1688,1.6235,0.9183790849673203,0.4688888888888889
89.5,8,50.0,0.2812,1.504348,1.0,0.5186666666666667
90.0,6,32.0,0.18,1.5258625000000001,0.9794117647058824,0.5
90.0,7,32.0,0.18009999999999998,1.59479375,0.9794117647058824,0.5094166666666666
90.0,8,47.0,0.2644,1.4845000000000002,1.0,0.5
90.5,6,33.0,0.1857,1.5419454545454545,0.9897058823529412,0.50475
90.5,7,33.0,0.1856,1.6349666666666667,0.9897058823529412,0.5045833333333334
90.5,8,45.0,0.2531,1.5119,1.0,0.5
91.0,6,32.0,0.18,1.6557499999999998,0.9794117647058824,0.5
91.0,7,34.0,0.19130000000000003,1.770370588235294,1.0,0.50475
91.0,8,46.0,0.2588,1.675,1.0,0.50475
91.5,6,32.0,0.18,1.61285,0.9794117647058824,0.5
91.5,7,36.0,0.20249999999999999,1.6150361111111111,1.0,0.5093333333333333
91.5,8,44.0,0.24760000000000001,1.6278227272727273,1.0,0.5
92.06,6,33.0,0.1857,1.5740818181818181,0.9897058823529412,0.50475
92.06,7,35.0,0.1969,1.60808,1.0,0.5
92.06,8,46.0,0.2588,1.6024652173913045,1.0,0.5093333333333333
92.56,6,35.0,0.1969,1.7117057142857144,1.0,0.5093333333333333
92.56,7,34.0,0.1913,1.6076529411764704,1.0,0.5
92.56,8,44.0,0.24760000000000001,1.7368681818181815,1.0,0.5
93.06,6,34.0,0.1913,1.6353941176470586,1.0,0.5
93.06,7,34.0,0.19119999999999998,1.5644176470588236,1.0,0.5
93.06,8,44.0,0.2475,1.674890909090909,1.0,0.5
93.57,6,33.0,0.1856,1.5974515151515152,0.9897058823529412,0.5
93.57,7,35.0,0.1969,1.576017142857143,1.0,0.50475
93.57,8,44.0,0.2476,1.6865999999999999,1.0,0.5000833333333333
94.07,6,35.0,0.1969,1.75538,1.0,0.5094166666666666
94.07,7,36.0,0.2025,1.5809694444444444,1.0,0.5046666666666667
94.07,8,43.0,0.2419,1.7131139534883721,1.0,0.5
94.58,6,37.0,0.2082,1.800962162162162,1.0,0.5094166666666666
94.58,7,36.0,0.20249999999999999,1.5554333333333332,1.0,0.5
94.58,8,42.0,0.23620000000000002,1.7879833333333333,1.0,0.5
95.08,6,37.0,0.2082,1.7322216216216217,1.0,0.5
95.08,7,36.0,0.2025,1.6266166666666666,1.0,0.5
95.08,8,43.0,0.2419,1.7431790697674419,1.0,0.50475
95.58,6,38.0,0.2138,1.7476763157894737,1.0,0.5046666666666667
95.58,7,35.0,0.1969,1.6794342857142854,1.0,0.5
95.58,8,44.0,0.2475,1.704,1.0,0.5046666666666667
96.08,6,37.0,0.2082,1.648591891891892,1.0,0.5
96.08,7,36.0,0.2025,1.6875777777777778,1.0,0.5046666666666667
96.08,8,44.0,0.2475,1.632402272727273,1.0,0.5
96.59,6,38.0,0.2138,1.6198815789473684,1.0,0.5046666666666667
96.59,7,36.0,0.20249999999999999,1.6416777777777778,1.0,0.5
96.59,8,46.0,0.25880000000000003,1.669376086956522,1.0,0.5094166666666667
97.09,6,39.0,0.21939999999999998,1.7858076923076924,1.0,0.5046666666666667
97.09,7,38.0,0.2138,1.6401000000000001,1.0,0.5094166666666666
97.09,8,43.0,0.2419,1.5597186046511626,1.0,0.5
97.59,6,36.0,0.2025,1.7778,1.0,0.5
97.59,7,40.0,0.22499999999999998,1.62982,1.0,0.5093333333333333
97.59,8,43.0,0.2419,1.5552023255813954,1.0,0.5
98.09,6,36.0,0.20249999999999999,1.696775,1.0,0.5
98.09,7,39.0,0.21939999999999998,1.6313564102564102,1.0,0.5
98.09,8,44.0,0.2475,1.440731818181818,1.0,0.5046666666666667
98.59,6,35.0,0.19690000000000002,1.7920285714285715,1.0,0.5
98.59,7,38.0,0.2138,1.731815789473684,1.0,0.5
98.59,8,43.0,0.2419,1.426839534883721,1.0,0.5
99.09,6,31.0,0.1744,1.5830225806451614,0.9488954248366013,0.48444444444444446
99.09,7,40.0,0.225,1.67311,1.0,0.5093333333333333
99.09,8,42.0,0.2362,1.4064333333333334,1.0,0.5
99.59,6,30.0,0.1688,1.5965500000000001,0.9183790849673203,0.4688888888888889
99.59,7,42.0,0.2362,1.6956333333333333,1.0,0.5093333333333333
99.59,8,42.0,0.2363,1.5873000000000002,1.0,0.5000833333333333
100.09,6,32.0,0.18,1.6791,0.9794117647058824,0.5093333333333333
100.09,7,41.0,0.2306,1.7364024390243902,1.0,0.5
100.09,8,41.0,0.2306,1.6567,1.0,0.5
100.59,6,28.0,0.1576,1.7758000000000003,0.8573464052287582,0.43777777777777777
100.59,7,40.0,0.22510000000000002,1.6872500000000001,1.0,0.5
100.59,8,42.0,0.2363,1.5997,1.0,0.50475
101.09,6,26.0,0.14629999999999999,1.520376923076923,0.7959526143790849,0.40638888888888886
101.09,7,38.0,0.2137,1.5335605263157894,1.0,0.5
101.09,8,43.0,0.2419,1.563272093023256,1.0,0.5046666666666667
101.6,6,26.0,0.14629999999999999,1.5866384615384617,0.7959526143790849,0.40638888888888886
101.6,7,40.0,0.225,1.7464925,1.0,0.5094166666666666
101.6,8,43.0,0.2419,1.6107441860465117,1.0,0.5
102.1,6,25.0,0.1407,1.59768,0.765436274509804,0.3908333333333333
102.1,7,40.0,0.225,1.84022,1.0,0.5
102.1,8,44.0,0.24760000000000001,1.5884681818181816,1.0,0.50475
102.1,9,25.0,0.1406,1.8603,0.765075163398693,0.3905555555555556
102.6,7,46.0,0.25880000000000003,1.6846173913043478,1.0,0.5281666666666667
102.6,8,42.0,0.2362,1.4928000000000001,1.0,0.5
102.6,9,26.0,0.1463,1.7328,0.795952614379085,0.411138888888889
103.1,7,45.0,0.2532,1.6562911111111112,1.0,0.5
103.1,8,42.0,0.2362,1.559257142857143,1.0,0.5
103.1,9,26.0,0.1463,1.8836,0.795952614379085,0.40638888888888897
103.6,7,43.0,0.2419,1.6723837209302324,1.0,0.5
103.6,8,44.0,0.2475,1.561,1.0,0.5094166666666666
104.1,7,39.0,0.21939999999999998,1.777725641025641,1.0,0.5
104.1,8,45.0,0.2531,1.6316,1.0,0.5046666666666667
104.6,7,39.0,0.2194,1.7294538461538462,1.0,0.5
104.6,8,46.0,0.2587,1.670271739130435,1.0,0.5046666666666667
105.1,6,30.0,0.16870000000000002,1.6148566666666668,0.9180179738562093,0.47794444444444456
105.1,7,40.0,0.22499999999999998,1.6130399999999998,1.0,0.5046666666666666
105.1,8,44.0,0.2475,1.614584090909091,1.0,0.5
105.6,6,29.0,0.1631,1.8180586206896552,0.8875016339869282,0.45305555555555554
105.6,7,42.0,0.23629999999999998,1.6683333333333332,1.0,0.5094166666666666
105.6,8,45.0,0.2532,1.7512088888888888,1.0,0.50475
106.16,6,31.0,0.1744,1.5039032258064517,0.9488954248366013,0.49386111111111114
106.16,7,40.0,0.22499999999999998,1.4532,1.0,0.5
106.16,8,43.0,0.2419,1.5990093023255816,1.0,0.5
106.66,6,32.0,0.18,1.717671875,0.9794117647058824,0.5046666666666667
106.66,7,41.0,0.23060000000000003,1.671319512195122,1.0,0.5046666666666667
106.66,8,42.0,0.2362,1.6192523809523809,1.0,0.5
107.17,6,32.0,0.18009999999999998,1.92226875,0.9794117647058824,0.5000833333333333
107.17,7,42.0,0.23620000000000002,1.6841119047619046,1.0,0.5046666666666667
107.17,8,40.0,0.225,1.6480000000000001,1.0,0.5
107.68,6,28.0,0.1575,1.5901892857142859,0.856985294117647,0.4375
107.68,7,43.0,0.2419,1.5507697674418603,1.0,0.50475
107.68,8,41.0,0.2306,1.6428170731707314,1.0,0.5046666666666667
108.18,6,26.0,0.1462,1.6092000000000002,0.7955915032679738,0.4061111111111111
108.18,7,46.0,0.25880000000000003,1.617713043478261,1.0,0.5140833333333333
108.18,8,41.0,0.2306,1.6961853658536585,1.0,0.5
108.69,6,27.0,0.15189999999999998,1.620451851851852,0.8264689542483659,0.4266944444444444
108.69,7,44.0,0.2475,1.5645363636363638,1.0,0.5
108.69,8,41.0,0.2307,1.6774097560975612,1.0,0.5000833333333333
109.19,6,27.0,0.1519,1.8844888888888889,0.8264689542483661,0.42194444444444446
109.19,7,46.0,0.25880000000000003,1.4506695652173913,1.0,0.5094166666666667
109.19,8,41.0,0.2307,1.6340536585365855,1.0,0.5
109.69,6,26.0,0.14629999999999999,2.109930769230769,0.7959526143790849,0.40638888888888886
109.69,7,46.0,0.25880000000000003,1.4288282608695653,1.0,0.5
109.69,8,41.0,0.23070000000000002,1.6559170731707313,1.0,0.5
110.19,6,27.0,0.15189999999999998,1.8134666666666666,0.8264689542483659,0.42661111111111105
110.19,7,49.0,0.2756,1.4972428571428573,1.0,0.514
110.19,8,39.0,0.21939999999999998,1.7057,1.0,0.5
110.69,6,29.0,0.1632,1.8303896551724137,0.8878627450980392,0.46275000000000005
110.69,7,46.0,0.25880000000000003,1.430295652173913,1.0,0.5
110.69,8,40.0,0.2251,1.568555,1.0,0.50475
111.19,6,27.0,0.15189999999999998,1.8714444444444442,0.8264689542483659,0.4219444444444444
111.19,7,50.0,0.2813,1.5324,1.0,0.5187499999999999
111.19,8,39.0,0.2194,1.564551282051282,1.0,0.5
111.69,6,29.0,0.1632,1.8171862068965516,0.8878627450980392,0.46275000000000005
111.69,7,49.0,0.2757,1.4571755102040818,1.0,0.5
111.69,8,39.0,0.2194,1.5624692307692307,1.0,0.5
112.19,6,31.0,0.1744,1.8322612903225806,0.9488954248366013,0.49377777777777776
112.19,7,48.0,0.27,1.426304166666667,1.0,0.5
112.19,8,39.0,0.2194,1.6548692307692305,1.0,0.5
112.69,6,31.0,0.1744,2.199774193548387,0.9488954248366013,0.48444444444444446
112.69,7,48.0,0.27,1.4168,1.0,0.5
112.69,8,40.0,0.225,1.7011299999999998,1.0,0.5046666666666667
113.2,6,28.0,0.1575,1.7103714285714287,0.856985294117647,0.4375
113.2,7,47.0,0.2644,1.484695744680851,1.0,0.5
113.2,8,40.0,0.225,1.7700375000000002,1.0,0.5
113.7,6,27.0,0.15189999999999998,1.6037222222222223,0.8264689542483659,0.4219444444444444
113.7,7,50.0,0.2813,1.638006,1.0,0.5140833333333333
113.7,8,39.0,0.2194,1.6687,1.0,0.5
114.2,6,28.0,0.1575,1.5232428571428571,0.856985294117647,0.4421666666666667
114.2,7,51.0,0.2869,1.6998999999999997,1.0,0.5046666666666667
114.2,8,39.0,0.2194,1.714823076923077,1.0,0.5
114.7,6,30.0,0.1688,1.60444,0.9183790849673203,0.4783055555555556
114.7,7,50.0,0.2812,1.6991079999999998,1.0,0.5
114.7,8,37.0,0.2082,1.683,1.0,0.5
115.2,6,31.0,0.1744,1.4707516129032259,0.9488954248366013,0.4891111111111111
115.2,7,47.0,0.2644,1.6284851063829786,1.0,0.5
115.2,8,40.0,0.2251,1.629815,1.0,0.5140833333333333
115.7,6,33.0,0.18569999999999998,1.4680727272727272,0.9897058823529412,0.5094166666666666
115.7,7,47.0,0.26439999999999997,1.5918957446808513,1.0,0.5
115.7,8,39.0,0.21939999999999998,1.6285743589743593,1.0,0.5
116.2,6,34.0,0.19119999999999998,1.6156088235294117,1.0,0.5045833333333334
116.2,7,48.0,0.27,1.558,1.0,0.5046666666666667
116.2,8,39.0,0.21939999999999998,1.6428384615384617,1.0,0.5
116.7,6,34.0,0.1913,1.543394117647059,1.0,0.5000833333333333
116.7,7,47.0,0.26439999999999997,1.726136170212766,1.0,0.5
116.7,8,41.0,0.23070000000000002,1.6536658536585365,1.0,0.5094166666666667
117.2,6,34.0,0.1913,1.638094117647059,1.0,0.5
117.2,7,47.0,0.2644,1.6639638297872341,1.0,0.5
117.2,8,40.0,0.225,1.7197025,1.0,0.5
117.7,6,31.0,0.1744,2.1031322580645164,0.9488954248366013,0.48444444444444446
117.7,7,51.0,0.2869,1.7572588235294118,1.0,0.5187499999999999
117.7,8,40.0,0.2251,1.82908,1.0,0.5000833333333333
118.26,6,30.0,0.1688,1.6504766666666668,0.9183790849673203,0.4688888888888889
118.26,7,51.0,0.2869,1.5581196078431372,1.0,0.5
118.26,8,38.0,0.21380000000000002,1.6575052631578948,1.0,0.5
118.76,6,30.0,0.16870000000000002,1.47769,0.9180179738562093,0.4686111111111112
118.76,7,48.0,0.27,1.5956312500000003,1.0,0.5
118.76,8,41.0,0.23070000000000002,1.706907317073171,1.0,0.5140833333333333
119.27,6,29.0,0.1632,1.6492241379310344,0.8878627450980392,0.45333333333333337
119.27,7,53.0,0.29810000000000003,1.6219792452830188,1.0,0.5234166666666666
119.27,8,36.0,0.2025,1.6575,1.0,0.5
119.77,6,30.0,0.1688,1.5764,0.9183790849673203,0.47355555555555556
119.77,7,51.0,0.2869,1.5793333333333333,1.0,0.5
119.77,8,40.0,0.225,1.5995,1.0,0.51875
120.28,6,32.0,0.18,1.637715625,0.9794117647058824,0.5093333333333333
120.28,7,51.0,0.2869,1.6489470588235298,1.0,0.5
120.28,8,41.0,0.2306,1.5747000000000002,1.0,0.5046666666666667
120.78,6,32.0,0.18,1.693225,0.9794117647058824,0.5
120.78,7,51.0,0.28690000000000004,1.5152529411764706,1.0,0.5
120.78,8,42.0,0.2363,1.5836000000000001,1.0,0.50475
121.28,6,33.0,0.1856,1.6034393939393938,0.9897058823529412,0.5046666666666667
121.28,7,53.0,0.29810000000000003,1.4491415094339624,1.0,0.5093333333333333
121.28,8,40.0,0.225,1.5477,1.0,0.5
121.79,6,34.0,0.1913,1.6302058823529413,1.0,0.50475
121.79,7,51.0,0.2869,1.4491901960784312,1.0,0.5
121.79,8,41.0,0.2306,1.5395,1.0,0.5046666666666667
122.29,6,37.0,0.2081,1.6100756756756756,1.0,0.514
122.29,7,49.0,0.2756,1.3811428571428572,1.0,0.5
122.29,8,40.0,0.225,1.5902325,1.0,0.5
122.79,6,38.0,0.2137,1.5988026315789474,1.0,0.5046666666666667
122.79,7,46.0,0.25880000000000003,1.5875956521739132,1.0,0.5
122.79,8,41.0,0.23070000000000002,1.4788170731707317,1.0,0.50475
123.29,6,41.0,0.2306,1.5894487804878052,1.0,0.5140833333333333
123.29,7,45.0,0.2531,1.65472,1.0,0.5
123.29,8,41.0,0.23070000000000002,1.4115463414634146,1.0,0.5
123.79,6,43.0,0.2419,1.8323325581395349,1.0,0.5094166666666666
123.79,7,46.0,0.2588,1.6100847826086957,1.0,0.50475
123.79,8,39.0,0.2194,1.5232102564102565,1.0,0.5
124.29,6,41.0,0.23070000000000002,1.8507000000000002,1.0,0.5
124.29,7,48.0,0.2701,1.6464791666666667,1.0,0.5094166666666667
124.29,8,38.0,0.2137,1.4905078947368422,1.0,0.5
124.79,6,37.0,0.2082,1.6529702702702704,1.0,0.5
124.79,7,50.0,0.2813,1.666716,1.0,0.5093333333333333
124.79,8,40.0,0.225,1.54051,1.0,0.5094166666666666
125.29,6,40.0,0.225,1.6957099999999996,1.0,0.514
125.29,7,47.0,0.26439999999999997,1.6533702127659573,1.0,0.5
125.29,8,42.0,0.2362,1.542497619047619,1.0,0.5093333333333333
125.79,6,44.0,0.2476,1.6198,1.0,0.5188333333333334
125.79,7,43.0,0.2419,1.5998023255813953,1.0,0.5
125.79,8,42.0,0.2362,1.5626952380952381,1.0,0.5
126.3,6,42.0,0.2362,1.5406619047619046,1.0,0.5
126.3,7,43.0,0.2419,1.6590604651162792,1.0,0.5
126.3,8,42.0,0.2363,1.481,1.0,0.5000833333333333
126.8,6,39.0,0.2194,1.508,1.0,0.5
126.8,7,42.0,0.2363,1.7370571428571429,1.0,0.5
126.8,8,44.0,0.2475,1.5167,1.0,0.5093333333333333
127.3,6,39.0,0.2194,1.344669230769231,1.0,0.5
127.3,7,41.0,0.23070000000000002,1.7859463414634145,1.0,0.5
127.3,8,45.0,0.2531,1.5707999999999998,1.0,0.5046666666666667
127.8,6,38.0,0.2138,1.493336842105263,1.0,0.5
127.8,7,40.0,0.22510000000000002,1.63715,1.0,0.5
127.8,8,46.0,0.2587,1.5095021739130434,1.0,0.5046666666666667
128.3,6,40.0,0.225,1.48496,1.0,0.5093333333333333
128.3,7,36.0,0.2025,1.646125,1.0,0.5
128.3,8,46.0,0.2588,1.6079173913043479,1.0,0.5000833333333333
128.8,6,43.0,0.2419,1.6158372093023254,1.0,0.5140833333333333
128.8,7,32.0,0.18,1.6282874999999999,0.9794117647058824,0.5
128.8,8,48.0,0.27,1.5453374999999998,1.0,0.5093333333333334
129.3,6,43.0,0.2419,1.7364953488372095,1.0,0.5
129.3,7,35.0,0.1969,1.6299285714285714,1.0,0.5140833333333333
129.3,8,45.0,0.2532,1.5350044444444444,1.0,0.5
129.8,6,41.0,0.23060000000000003,1.5003268292682925,1.0,0.5
129.8,7,36.0,0.20249999999999999,1.7048583333333334,1.0,0.5046666666666667
129.8,8,45.0,0.2532,1.5408511111111112,1.0,0.5
130.3,6,41.0,0.2307,1.5111853658536583,1.0,0.5000833333333333
130.3,7,38.0,0.2138,1.6761,1.0,0.5094166666666666
130.3,8,43.0,0.2419,1.5014000000000003,1.0,0.5
130.8,6,41.0,0.2307,1.5472951219512194,1.0,0.5
130.8,7,36.0,0.2025,1.6461,1.0,0.5
130.8,8,46.0,0.2587,1.6327021739130436,1.0,0.514
131.3,6,42.0,0.23629999999999998,1.5846047619047618,1.0,0.5046666666666667
131.3,7,39.0,0.21939999999999998,1.6989384615384615,1.0,0.5140833333333333
131.3,8,44.0,0.2475,1.6207613636363638,1.0,0.5
131.8,6,44.0,0.2475,1.5184999999999997,1.0,0.5093333333333333
131.8,7,37.0,0.2081,1.5497675675675673,1.0,0.5
131.8,8,45.0,0.2531,1.61286,1.0,0.5046666666666667
132.3,6,44.0,0.2475,1.5161045454545456,1.0,0.5
132.3,7,35.0,0.1969,1.53902,1.0,0.5
132.3,8,47.0,0.26439999999999997,1.6058,1.0,0.5094166666666666
132.8,6,45.0,0.2532,1.6300933333333332,1.0,0.50475
132.8,7,35.0,0.1969,1.49966,1.0,0.5
132.8,8,48.0,0.27,1.6322437499999998,1.0,0.5046666666666667
133.36,6,43.0,0.2419,1.8301465116279072,1.0,0.5
133.36,7,37.0,0.2082,1.5855891891891891,1.0,0.5094166666666666
133.36,8,46.0,0.2587,1.5375326086956522,1.0,0.5
133.86,6,42.0,0.23620000000000002,1.6135142857142857,1.0,0.5
133.86,7,39.0,0.21939999999999998,1.6103897435897436,1.0,0.5093333333333333
133.86,8,44.0,0.2475,1.6499522727272726,1.0,0.5
134.37,6,40.0,0.225,1.6008600000000002,1.0,0.5
134.37,7,42.0,0.2363,1.466095238095238,1.0,0.5140833333333333
134.37,8,43.0,0.2419,1.5985348837209303,1.0,0.5
134.88,6,38.0,0.2138,1.5457157894736842,1.0,0.5
134.88,7,43.0,0.2419,1.4605372093023257,1.0,0.5046666666666667
134.88,8,42.0,0.2363,1.5274285714285714,1.0,0.5
135.38,6,37.0,0.2081,1.6498,1.0,0.5
135.38,7,46.0,0.25880000000000003,1.5764913043478261,1.0,0.5140833333333333
135.38,8,41.0,0.2306,1.591,1.0,0.5
135.89,6,36.0,0.2025,1.5802249999999998,1.0,0.5
135.89,7,46.0,0.25880000000000003,1.3694608695652173,1.0,0.5
135.89,8,41.0,0.23070000000000002,1.5934926829268294,1.0,0.5000833333333333
136.39,6,36.0,0.2025,1.6846888888888891,1.0,0.5
136.39,7,46.0,0.25880000000000003,1.481621739130435,1.0,0.5
136.39,8,41.0,0.2307,1.6261341463414634,1.0,0.5
136.89,6,34.0,0.1913,1.6322705882352941,1.0,0.5
136.89,7,47.0,0.2644,1.588844680851064,1.0,0.5046666666666667
136.89,8,39.0,0.2194,1.5873102564102566,1.0,0.5
137.39,6,36.0,0.2025,1.6333250000000001,1.0,0.5093333333333333
137.39,7,45.0,0.2531,1.59748,1.0,0.5
137.39,8,40.0,0.2251,1.637155,1.0,0.50475
137.9,6,36.0,0.2025,1.7993666666666668,1.0,0.5
137.9,7,47.0,0.2644,1.6287936170212767,1.0,0.5094166666666667
137.9,8,39.0,0.2194,1.642725641025641,1.0,0.5
138.4,6,34.0,0.1913,1.6584882352941175,1.0,0.5
138.4,7,45.0,0.2531,1.6215,1.0,0.5
138.4,8,39.0,0.2194,1.622728205128205,1.0,0.5
138.97,6,35.0,0.19690000000000002,1.6703742857142856,1.0,0.5046666666666667
138.97,7,47.0,0.26439999999999997,1.5075595744680852,1.0,0.5094166666666666
138.97,8,39.0,0.2194,1.582705128205128,1.0,0.5
139.48,6,37.0,0.2082,1.9777783783783784,1.0,0.5094166666666666
139.48,7,49.0,0.2757,1.6035448979591838,1.0,0.5094166666666667
139.48,8,35.0,0.1969,1.561622857142857,1.0,0.5
139.98,6,34.0,0.1912,1.746635294117647,1.0,0.5
139.98,7,51.0,0.2869,1.6121588235294118,1.0,0.5093333333333333
139.98,8,35.0,0.1969,1.5475714285714286,1.0,0.5
140.49,6,34.0,0.1912,1.7853882352941175,1.0,0.5
140.49,7,52.0,0.2925,1.5147038461538462,1.0,0.5046666666666667
140.49,8,34.0,0.19119999999999998,1.609008823529412,1.0,0.5
140.99,6,32.0,0.18009999999999998,1.85536875,0.9794117647058824,0.5
140.99,7,50.0,0.2813,1.5166160000000002,1.0,0.5
140.99,8,35.0,0.1969,1.6118114285714287,1.0,0.50475
141.49,6,31.0,0.1744,1.9555709677419353,0.9488954248366013,0.48444444444444446
141.49,7,50.0,0.2813,1.55776,1.0,0.5
141.49,8,35.0,0.1969,1.6182657142857142,1.0,0.5
141.99,6,30.0,0.1688,1.8053666666666668,0.9183790849673203,0.4688888888888889
141.99,7,51.0,0.2869,1.5966725490196076,1.0,0.5046666666666667
141.99,8,36.0,0.2025,1.5567,1.0,0.5046666666666667
142.49,6,30.0,0.1688,1.8588,0.9183790849673203,0.4688888888888889
142.49,7,51.0,0.28690000000000004,1.601229411764706,1.0,0.5
142.49,8,36.0,0.2025,1.5236,1.0,0.5
142.99,6,26.0,0.14629999999999999,2.0541307692307695,0.7959526143790849,0.40638888888888886
142.99,7,50.0,0.2813,1.6550880000000001,1.0,0.5
142.99,8,37.0,0.2081,1.543,1.0,0.5046666666666667
143.49,6,29.0,0.1632,2.0074379310344828,0.8878627450980392,0.4674166666666667
143.49,7,45.0,0.2532,1.6624333333333334,1.0,0.5
143.49,8,41.0,0.2306,1.5318,1.0,0.51875
143.99,6,28.0,0.1575,1.688075,0.856985294117647,0.4375
143.99,7,46.0,0.2588,1.5986304347826088,1.0,0.5046666666666667
143.99,8,41.0,0.2306,1.6151,1.0,0.5
144.49,6,28.0,0.1575,1.6575678571428571,0.856985294117647,0.4375
144.49,7,46.0,0.2588,1.524282608695652,1.0,0.5
144.49,8,38.0,0.2138,1.5657,1.0,0.5
145.0,6,29.0,0.16310000000000002,1.7333241379310347,0.8875016339869282,0.45772222222222236
145.0,7,46.0,0.2588,1.6095956521739132,1.0,0.5
145.0,8,37.0,0.2081,1.4882,1.0,0.5
145.5,6,31.0,0.1744,1.8080516129032258,0.9488954248366013,0.4938611111111111
145.5,7,42.0,0.2362,1.6348690476190477,1.0,0.5
145.5,8,38.0,0.2137,1.5227131578947368,1.0,0.5046666666666667
146.0,6,28.0,0.1575,1.598539285714286,0.856985294117647,0.4375
146.0,7,43.0,0.2419,1.6348,1.0,0.50475
146.0,8,40.0,0.225,1.6195700000000002,1.0,0.5094166666666666
146.5,6,26.0,0.14629999999999999,1.5115692307692306,0.7959526143790849,0.40638888888888886
146.5,7,44.0,0.2475,1.5372727272727273,1.0,0.5046666666666667
146.5,8,40.0,0.225,1.551855,1.0,0.5
147.0,6,29.0,0.1632,1.5841448275862071,0.8878627450980392,0.4674166666666667
147.0,7,39.0,0.21939999999999998,1.5323307692307693,1.0,0.5
147.0,8,41.0,0.2306,1.6154,1.0,0.5046666666666667
147.5,6,29.0,0.1632,1.87508275862069,0.8878627450980392,0.45333333333333337
147.5,7,40.0,0.22510000000000002,1.58235,1.0,0.50475
147.5,8,42.0,0.2362,1.6978261904761902,1.0,0.5046666666666667
148.0,6,27.0,0.1519,1.5162333333333333,0.8264689542483661,0.42194444444444446
148.0,7,41.0,0.23059999999999997,1.5294634146341464,1.0,0.5045833333333333
148.0,8,41.0,0.2306,1.6273463414634148,1.0,0.5
148.5,6,28.0,0.1575,1.5542,0.856985294117647,0.44216666666666665
148.5,7,42.0,0.2363,1.448395238095238,1.0,0.50475
148.5,8,39.0,0.21939999999999998,1.5459538461538462,1.0,0.5
149.0,6,32.0,0.18,1.504403125,0.9794117647058824,0.51875
149.0,7,41.0,0.2306,1.4343048780487804,1.0,0.5
149.0,8,36.0,0.2025,1.7112,1.0,0.5
149.56,6,33.0,0.1856,1.5608454545454542,0.9897058823529412,0.5046666666666667
149.56,7,38.0,0.2138,1.556378947368421,1.0,0.5
149.56,8,38.0,0.2138,1.6398,1.0,0.5094166666666666
150.06,6,32.0,0.18,1.5214124999999998,0.9794117647058824,0.5
150.06,7,40.0,0.22499999999999998,1.5113800000000002,1.0,0.5093333333333333
150.06,8,39.0,0.2194,1.6908000000000003,1.0,0.5046666666666667
150.56,6,32.0,0.18,1.597103125,0.9794117647058824,0.5
150.56,7,38.0,0.2138,1.4985605263157893,1.0,0.5
150.56,8,39.0,0.2194,1.545,1.0,0.5
151.06,6,30.0,0.16870000000000002,1.5823766666666665,0.9180179738562093,0.4686111111111112
151.06,7,38.0,0.2138,1.6162315789473685,1.0,0.5
151.06,8,40.0,0.225,1.5012,1.0,0.5046666666666667
151.57,6,32.0,0.18009999999999998,1.60660625,0.9794117647058824,0.5095
151.57,7,36.0,0.20249999999999999,1.6887138888888886,1.0,0.5
151.57,8,40.0,0.225,1.5538900000000002,1.0,0.5
152.07,6,35.0,0.1969,1.6514085714285716,1.0,0.514
152.07,7,33.0,0.1857,1.5439484848484848,0.9897058823529412,0.5
152.07,8,41.0,0.2306,1.5083,1.0,0.5046666666666667
152.58,6,35.0,0.1969,1.7040571428571427,1.0,0.5
152.58,7,35.0,0.1969,1.6021399999999997,1.0,0.5093333333333333
152.58,8,40.0,0.225,1.506,1.0,0.5
153.08,6,33.0,0.1857,1.8401363636363637,0.9897058823529412,0.5
153.08,7,35.0,0.1969,1.53826,1.0,0.5
153.08,8,42.0,0.2363,1.4813,1.0,0.5094166666666666
153.58,6,33.0,0.18569999999999998,1.6598666666666666,0.9897058823529412,0.5
153.58,7,37.0,0.2081,1.7921540540540541,1.0,0.5093333333333333
153.58,8,39.0,0.2194,1.4102,1.0,0.5
154.08,6,35.0,0.19690000000000002,1.7391285714285714,1.0,0.5093333333333334
154.08,7,35.0,0.1969,1.7828,1.0,0.5
154.08,8,43.0,0.2419,1.4208,1.0,0.51875
154.58,6,35.0,0.1969,1.67772,1.0,0.5
154.58,7,33.0,0.1857,1.6671636363636364,0.9897058823529412,0.5
154.58,8,42.0,0.2363,1.4796,1.0,0.5
155.08,6,32.0,0.18009999999999998,1.7713125,0.9794117647058824,0.5
155.08,7,35.0,0.1969,1.6875,1.0,0.5093333333333333
155.08,8,42.0,0.2363,1.5669,1.0,0.5
155.58,6,31.0,0.1744,1.522006451612903,0.9488954248366013,0.48444444444444446
155.58,7,39.0,0.21939999999999998,1.5789333333333333,1.0,0.51875
155.58,8,41.0,0.2306,1.6184024390243903,1.0,0.5
156.08,6,30.0,0.1688,1.5451100000000002,0.9183790849673203,0.4688888888888889
156.08,7,40.0,0.22510000000000002,1.6504250000000003,1.0,0.50475
156.08,8,39.0,0.21939999999999998,1.5877358974358975,1.0,0.5
156.58,6,32.0,0.18,1.5936374999999998,0.9794117647058824,0.5093333333333333
156.58,7,38.0,0.2137,1.7167289473684209,1.0,0.5
156.58,8,40.0,0.225,1.6023325,1.0,0.5046666666666667
157.08,6,32.0,0.18,1.431975,0.9794117647058824,0.5
157.08,7,39.0,0.21939999999999998,1.7314717948717948,1.0,0.50475
157.08,8,39.0,0.2194,1.5676948717948718,1.0,0.5
157.58,6,31.0,0.1744,1.4841225806451614,0.9488954248366013,0.48444444444444446
157.58,7,42.0,0.2363,1.7321261904761907,1.0,0.5140833333333333
157.58,8,37.0,0.2081,1.6313864864864864,1.0,0.5
158.09,6,30.0,0.1688,1.5639533333333333,0.9183790849673203,0.4688888888888889
158.09,7,44.0,0.2475,1.697175,1.0,0.5093333333333333
158.09,8,35.0,0.1969,1.6825399999999997,1.0,0.5
158.59,6,31.0,0.1744,1.5441483870967743,0.9488954248366013,0.4891111111111111
158.59,7,41.0,0.23070000000000002,1.5618341463414636,1.0,0.5
158.59,8,36.0,0.20249999999999999,1.625336111111111,1.0,0.5046666666666667
159.09,6,32.0,0.18009999999999998,1.49443125,0.9794117647058824,0.50475
159.09,7,40.0,0.225,1.5328624999999998,1.0,0.5
159.09,8,36.0,0.20249999999999999,1.6744499999999998,1.0,0.5
159.59,6,31.0,0.1744,1.4923032258064515,0.9488954248366013,0.48444444444444446
159.59,7,40.0,0.225,1.4930050000000001,1.0,0.5
159.59,8,37.0,0.2081,1.6698756756756756,1.0,0.5046666666666667
159.59,19,25.0,0.1407,1.8691360000000001,0.765436274509804,0.39091666666666663
160.09,6,33.0,0.1856,1.5833454545454546,0.9897058823529412,0.5093333333333333
160.09,7,40.0,0.225,1.5654875,1.0,0.5
160.09,8,36.0,0.20249999999999999,1.651713888888889,1.0,0.5
160.09,19,25.0,0.1406,1.7314839999999998,0.765075163398693,0.3905555555555556
160.59,6,32.0,0.18,1.5335999999999999,0.9794117647058824,0.5
160.59,7,41.0,0.2306,1.4420536585365855,1.0,0.5046666666666667
160.59,8,33.0,0.1856,1.6327,0.9897058823529412,0.5
160.59,19,25.0,0.1406,1.8853,0.765075163398693,0.3905555555555556
161.09,6,33.0,0.1856,1.612372727272727,0.9897058823529412,0.5046666666666667
161.09,7,39.0,0.21939999999999998,1.5064076923076923,1.0,0.5
161.09,8,37.0,0.2081,1.6155675675675676,1.0,0.51875
161.59,6,32.0,0.18,1.573534375,0.9794117647058824,0.5
161.59,7,39.0,0.21939999999999998,1.586869230769231,1.0,0.5
161.59,8,38.0,0.2138,1.4499,1.0,0.50475
162.09,6,32.0,0.18,1.64385,0.9794117647058824,0.5
162.09,7,37.0,0.2081,1.4929027027027029,1.0,0.5
162.09,8,40.0,0.225,1.6183,1.0,0.5093333333333333
162.59,6,29.0,0.1631,1.4344999999999999,0.8875016339869282,0.45305555555555554
162.59,7,38.0,0.2138,1.5708,1.0,0.50475
162.59,8,38.0,0.2137,1.6385236842105264,1.0,0.5
162.59,19,25.0,0.1407,1.7061919999999997,0.765436274509804,0.3908333333333333
163.1,6,27.0,0.15189999999999998,1.3750777777777776,0.8264689542483659,0.4219444444444444
163.1,7,40.0,0.22499999999999998,1.48308,1.0,0.5093333333333333
163.1,8,38.0,0.2137,1.685605263157895,1.0,0.5
163.6,6,28.0,0.1575,1.4501000000000002,0.856985294117647,0.4421666666666667
163.6,7,38.0,0.2138,1.5529184210526314,1.0,0.5
163.6,8,38.0,0.2137,1.73795,1.0,0.5
164.1,6,29.0,0.1631,1.4057655172413794,0.8875016339869282,0.4577222222222222
164.1,7,39.0,0.21939999999999998,1.490297435897436,1.0,0.5046666666666667
164.1,8,37.0,0.2081,1.6131,1.0,0.5
164.6,6,32.0,0.18,1.5812249999999999,0.9794117647058824,0.5140833333333333
164.6,7,38.0,0.2138,1.4483000000000004,1.0,0.5
164.6,8,37.0,0.2081,1.5418,1.0,0.5
165.1,6,34.0,0.1913,1.4121882352941177,1.0,0.5094166666666666
165.1,7,36.0,0.2025,1.4495111111111112,1.0,0.5
165.1,8,36.0,0.2025,1.5205,1.0,0.5
165.6,6,36.0,0.2026,1.57415,1.0,0.5094166666666666
165.6,7,34.0,0.19130000000000003,1.4146705882352941,1.0,0.5
165.6,8,39.0,0.2194,1.5519,1.0,0.5140833333333333
166.15,6,37.0,0.2082,1.5403378378378378,1.0,0.5046666666666667
166.15,7,35.0,0.19690000000000002,1.5896914285714285,1.0,0.5046666666666667
166.15,8,39.0,0.2194,1.6434000000000002,1.0,0.5
166.66,6,37.0,0.2082,1.539418918918919,1.0,0.5
166.66,7,35.0,0.19690000000000002,1.5946914285714286,1.0,0.5
166.66,8,38.0,0.2138,1.5568,1.0,0.5
167.17,6,35.0,0.19690000000000002,1.5060285714285715,1.0,0.5
167.17,7,35.0,0.19690000000000002,1.59856,1.0,0.5
167.17,8,38.0,0.2138,1.5355,1.0,0.5
167.67,6,37.0,0.2081,1.541918918918919,1.0,0.5093333333333333
167.67,7,32.0,0.18,1.61816875,0.9794117647058824,0.5
167.67,8,42.0,0.2363,1.45,1.0,0.51875
168.17,6,38.0,0.2138,1.5704526315789473,1.0,0.50475
168.17,7,33.0,0.1856,1.7180757575757577,0.9897058823529412,0.5046666666666667
168.17,8,42.0,0.2363,1.4405,1.0,0.5
168.68,6,38.0,0.2138,1.8297157894736842,1.0,0.5
168.68,7,34.0,0.19129999999999997,1.7718823529411765,1.0,0.50475
168.68,8,41.0,0.2306,1.4058,1.0,0.5
169.18,6,39.0,0.21939999999999998,1.9036615384615385,1.0,0.5046666666666667
169.18,7,32.0,0.18009999999999998,1.7803062500000002,0.9794117647058824,0.5
169.18,8,43.0,0.2419,1.5643,1.0,0.5094166666666666
169.68,6,37.0,0.2081,1.5996945945945946,1.0,0.5
169.68,7,33.0,0.18569999999999998,1.9117333333333333,0.9897058823529412,0.5046666666666667
169.68,8,43.0,0.2419,1.5332999999999999,1.0,0.5
170.18,6,37.0,0.2081,1.6821783783783784,1.0,0.5
170.18,7,37.0,0.2081,1.8538621621621623,1.0,0.5186666666666667
170.18,8,40.0,0.225,1.5921,1.0,0.5
170.68,6,38.0,0.21380000000000002,1.6754736842105264,1.0,0.50475
170.68,7,37.0,0.2081,1.6942270270270272,1.0,0.5
170.68,8,38.0,0.2138,1.587,1.0,0.5
171.18,6,37.0,0.2081,1.7455135135135136,1.0,0.5
171.18,7,37.0,0.2081,1.8419783783783783,1.0,0.5
171.18,8,39.0,0.2194,1.5662871794871795,1.0,0.5046666666666667
171.69,6,39.0,0.21939999999999998,1.8966589743589743,1.0,0.5094166666666666
171.69,7,33.0,0.1856,1.7637878787878787,0.9897058823529412,0.5
171.69,8,40.0,0.2251,1.5743399999999999,1.0,0.50475
172.19,6,37.0,0.2082,1.7183324324324325,1.0,0.5
172.19,7,35.0,0.1969,1.76568,1.0,0.5094166666666666
172.19,8,39.0,0.2194,1.5153692307692308,1.0,0.5
172.69,6,37.0,0.2082,1.6834837837837837,1.0,0.5
172.69,7,32.0,0.18,1.7407781249999998,0.9794117647058824,0.5
172.69,8,39.0,0.2194,1.5832333333333333,1.0,0.5
173.19,6,36.0,0.2026,1.5594222222222223,1.0,0.5
173.19,7,33.0,0.1857,1.6921000000000002,0.9897058823529412,0.50475
173.19,8,39.0,0.21939999999999998,1.5397435897435898,1.0,0.5
173.69,6,36.0,0.2026,1.5382000000000002,1.0,0.5
173.69,7,31.0,0.1744,1.6702870967741938,0.9488954248366013,0.48444444444444446
173.69,8,40.0,0.225,1.6201525,1.0,0.5046666666666667
174.19,6,35.0,0.19690000000000002,1.706942857142857,1.0,0.5
174.19,7,33.0,0.1857,1.670390909090909,0.9897058823529412,0.5094166666666666
174.19,8,38.0,0.2137,1.5898342105263157,1.0,0.5
174.69,6,36.0,0.20249999999999999,1.4654694444444445,1.0,0.5046666666666666
174.69,7,32.0,0.18,1.565328125,0.9794117647058824,0.5
174.69,8,40.0,0.225,1.5894175000000001,1.0,0.5094166666666666
175.2,6,35.0,0.1969,1.5850057142857144,1.0,0.5
175.2,7,36.0,0.20249999999999999,1.5740666666666667,1.0,0.51875
175.2,8,37.0,0.2081,1.5934,1.0,0.5
175.7,6,34.0,0.1913,1.5248294117647059,1.0,0.5
175.7,7,33.0,0.1856,1.6427424242424242,0.9897058823529412,0.5
175.7,8,38.0,0.2138,1.642,1.0,0.50475
176.2,6,34.0,0.19119999999999998,1.7827617647058824,1.0,0.5
176.2,7,36.0,0.2025,1.54575,1.0,0.5140833333333333
176.2,8,35.0,0.1969,1.6584599999999998,1.0,0.5
176.7,6,34.0,0.1913,1.7204,1.0,0.5000833333333333
176.7,7,35.0,0.19690000000000002,1.5743285714285715,1.0,0.5
176.7,8,35.0,0.1969,1.7181857142857142,1.0,0.5
177.2,6,33.0,0.1856,2.0403545454545458,0.9897058823529412,0.5
177.2,7,36.0,0.2025,1.587311111111111,1.0,0.5046666666666667
177.2,8,36.0,0.20249999999999999,1.8006361111111113,1.0,0.5046666666666667
177.7,6,32.0,0.18,2.1935875,0.9794117647058824,0.5
177.7,7,37.0,0.2081,1.6120783783783785,1.0,0.5046666666666667
177.7,8,35.0,0.1969,1.7642371428571428,1.0,0.5
178.25,6,31.0,0.1744,1.801183870967742,0.9488954248366013,0.48444444444444446
178.25,7,38.0,0.2138,1.5775947368421053,1.0,0.50475
178.25,8,36.0,0.2025,1.5978,1.0,0.5046666666666667
178.76,6,26.0,0.14629999999999999,1.7702653846153846,0.7959526143790849,0.40638888888888886
178.76,7,39.0,0.2194,1.5323615384615386,1.0,0.5046666666666667
178.76,8,35.0,0.1969,1.676,1.0,0.5
179.27,6,28.0,0.1575,2.113175,0.856985294117647,0.44683333333333336
179.27,7,38.0,0.2138,1.572715789473684,1.0,0.5
179.27,8,35.0,0.1969,1.7091,1.0,0.5
179.77,6,27.0,0.1519,1.662388888888889,0.8264689542483661,0.42194444444444446
179.77,7,36.0,0.2026,1.6356166666666665,1.0,0.5
179.77,8,37.0,0.2081,1.528491891891892,1.0,0.5093333333333333
180.28,6,29.0,0.16310000000000002,1.7759379310344827,0.8875016339869282,0.462388888888889
180.28,7,35.0,0.1969,1.5400714285714285,1.0,0.5
180.28,8,38.0,0.2137,1.6122973684210526,1.0,0.5046666666666667
180.78,6,26.0,0.14629999999999999,1.9290923076923079,0.7959526143790849,0.40638888888888886
180.78,7,37.0,0.2082,1.5989297297297296,1.0,0.5094166666666666
180.78,8,38.0,0.2137,1.6309736842105262,1.0,0.5
181.28,6,27.0,0.1519,1.6666333333333332,0.8264689542483661,0.42661111111111116
181.28,7,37.0,0.2082,1.6952405405405406,1.0,0.5
181.28,8,38.0,0.2137,1.6534447368421052,1.0,0.5
181.78,6,29.0,0.16310000000000002,1.643955172413793,0.8875016339869282,0.462388888888889
181.78,7,36.0,0.2025,1.7511666666666665,1.0,0.5
181.78,8,38.0,0.2137,1.6995473684210527,1.0,0.5
182.28,6,31.0,0.1744,1.7877548387096776,0.9488954248366013,0.4938611111111111
182.28,7,34.0,0.19130000000000003,1.6611764705882353,1.0,0.5
182.28,8,38.0,0.2137,1.6649368421052633,1.0,0.5
182.79,6,29.0,0.1632,1.6490793103448278,0.8878627450980392,0.45333333333333337
182.79,7,36.0,0.2025,1.5453333333333334,1.0,0.5093333333333333
182.79,8,38.0,0.2137,1.6458710526315787,1.0,0.5
183.29,6,30.0,0.1688,1.7234500000000001,0.9183790849673203,0.47355555555555556
183.29,7,36.0,0.2026,1.5946166666666666,1.0,0.5000833333333333
183.29,8,37.0,0.2081,1.6860837837837839,1.0,0.5
183.79,6,28.0,0.1575,1.837182142857143,0.856985294117647,0.4375
183.79,7,38.0,0.2138,1.4961815789473683,1.0,0.5093333333333333
183.79,8,37.0,0.2081,1.7174027027027028,1.0,0.5
184.29,6,26.0,0.1462,1.5441,0.7955915032679738,0.4061111111111111
184.29,7,38.0,0.2138,1.6407184210526318,1.0,0.5
184.29,8,37.0,0.2081,1.6243,1.0,0.5
184.79,7,39.0,0.2194,1.6644230769230768,1.0,0.5046666666666667
184.79,8,37.0,0.2081,1.6406,1.0,0.5
185.29,7,40.0,0.22510000000000002,1.655425,1.0,0.50475
185.29,8,38.0,0.2138,1.6214,1.0,0.50475
185.79,7,38.0,0.2138,1.5687263157894737,1.0,0.5
185.79,8,40.0,0.225,1.5264,1.0,0.5093333333333333
186.29,7,36.0,0.2025,1.524725,1.0,0.5
186.29,8,41.0,0.2306,1.6607,1.0,0.5046666666666667
186.8,7,37.0,0.2082,1.4282432432432433,1.0,0.50475
186.8,8,40.0,0.2251,1.5781300000000003,1.0,0.5
187.3,7,36.0,0.2025,1.6142222222222222,1.0,0.5
187.3,8,40.0,0.2251,1.569595,1.0,0.5
187.86,7,38.0,0.2137,1.4455684210526314,1.0,0.5093333333333333
187.86,8,40.0,0.225,1.5952950000000001,1.0,0.5
188.36,6,29.0,0.16310000000000002,1.8657551724137933,0.8875016339869282,0.46705555555555567
188.36,7,38.0,0.2138,1.6015684210526315,1.0,0.5000833333333333
188.36,8,37.0,0.2081,1.6751837837837837,1.0,0.5
188.87,6,29.0,0.16310000000000002,1.3678379310344826,0.8875016339869282,0.45305555555555566
188.87,7,36.0,0.20249999999999999,1.499772222222222,1.0,0.5
188.87,8,38.0,0.2138,1.4582,1.0,0.50475
189.37,6,29.0,0.16310000000000002,1.3258137931034482,0.8875016339869282,0.45305555555555566
189.37,7,36.0,0.2025,1.4673555555555557,1.0,0.5
189.37,8,39.0,0.2194,1.5563,1.0,0.5046666666666667
189.87,6,30.0,0.16870000000000002,1.40165,0.9180179738562093,0.47327777777777785
189.87,7,34.0,0.1913,1.5583470588235295,1.0,0.5
189.87,8,41.0,0.2306,1.6211341463414632,1.0,0.5093333333333333
190.38,6,28.0,0.15760000000000002,1.3596285714285712,0.8573464052287583,0.4377777777777778
190.38,7,37.0,0.2081,1.5977135135135137,1.0,0.514
190.38,8,39.0,0.21939999999999998,1.6277974358974359,1.0,0.5
190.88,6,26.0,0.1462,1.3129076923076926,0.7955915032679738,0.4061111111111111
190.88,7,38.0,0.2138,1.5475105263157896,1.0,0.50475
190.88,8,39.0,0.21939999999999998,1.5707871794871795,1.0,0.5
191.38,6,28.0,0.15760000000000002,1.47705,0.8573464052287583,0.44727777777777783
191.38,7,37.0,0.2081,1.5424027027027027,1.0,0.5
191.38,8,39.0,0.21939999999999998,1.6435384615384616,1.0,0.5
191.88,6,28.0,0.1575,1.5361285714285715,0.856985294117647,0.4375
191.88,7,40.0,0.225,1.6650074999999998,1.0,0.5140833333333333
191.88,8,38.0,0.2138,1.5334,1.0,0.5
192.39,6,29.0,0.1631,1.4008206896551725,0.8875016339869282,0.4577222222222222
192.39,7,39.0,0.2194,1.5979307692307692,1.0,0.5
192.39,8,41.0,0.2306,1.5367,1.0,0.514
192.89,6,29.0,0.1631,1.4066620689655172,0.8875016339869282,0.45305555555555554
192.89,7,41.0,0.23059999999999997,1.597351219512195,1.0,0.5093333333333333
192.89,8,39.0,0.21939999999999998,1.5841333333333334,1.0,0.5
193.39,6,29.0,0.1632,1.3993862068965517,0.8878627450980392,0.4534166666666667
193.39,7,41.0,0.23059999999999997,1.5826439024390244,1.0,0.5
193.39,8,38.0,0.2137,1.5540500000000002,1.0,0.5
193.89,6,30.0,0.1688,1.8122333333333331,0.9183790849673203,0.47355555555555556
193.89,7,41.0,0.23059999999999997,1.6992731707317072,1.0,0.5
193.89,8,38.0,0.21380000000000002,1.4934526315789474,1.0,0.5000833333333333
194.39,6,30.0,0.1688,1.7278133333333334,0.9183790849673203,0.4688888888888889
194.39,7,43.0,0.2419,1.6945255813953488,1.0,0.5094166666666667
194.39,8,37.0,0.2081,1.5029297297297297,1.0,0.5
194.89,6,31.0,0.1744,1.5628129032258062,0.9488954248366013,0.4891111111111111
194.89,7,43.0,0.2419,1.6779674418604653,1.0,0.5
194.89,8,37.0,0.2081,1.5703756756756757,1.0,0.5
195.39,6,32.0,0.18009999999999998,1.4607562500000002,0.9794117647058824,0.50475
195.39,7,41.0,0.23059999999999997,1.6763512195121952,1.0,0.5
195.39,8,37.0,0.2081,1.5167,1.0,0.5
195.89,6,32.0,0.18,1.6926999999999999,0.9794117647058824,0.5
195.89,7,40.0,0.22499999999999998,1.689395,1.0,0.5
195.89,8,39.0,0.2194,1.6274,1.0,0.5094166666666666
196.4,6,34.0,0.1913,1.8670764705882352,1.0,0.5094166666666666
196.4,7,42.0,0.2363,1.6292571428571427,1.0,0.5094166666666667
196.4,8,35.0,0.1969,1.6426,1.0,0.5
196.9,6,31.0,0.1744,1.6607709677419353,0.9488954248366013,0.48444444444444446
196.9,7,45.0,0.2531,1.614957777777778,1.0,0.514
196.9,8,35.0,0.1969,1.7135057142857142,1.0,0.5
197.4,6,33.0,0.1856,1.5391575757575757,0.9897058823529412,0.5093333333333333
197.4,7,42.0,0.2363,1.6558428571428572,1.0,0.5
197.4,8,35.0,0.1969,1.67544,1.0,0.5
197.9,6,32.0,0.18,1.465615625,0.9794117647058824,0.5
197.9,7,43.0,0.2419,1.5894953488372092,1.0,0.5046666666666667
197.9,8,34.0,0.19119999999999998,1.6706264705882352,1.0,0.5
198.4,6,32.0,0.18,1.673028125,0.9794117647058824,0.5
198.4,7,43.0,0.2419,1.6109488372093026,1.0,0.5
198.4,8,37.0,0.20809999999999998,1.7667378378378378,1.0,0.5140833333333333
198.9,6,33.0,0.18569999999999998,1.9825666666666668,0.9897058823529412,0.50475
198.9,7,43.0,0.2419,1.5966953488372093,1.0,0.5
198.9,8,37.0,0.2082,1.7775567567567567,1.0,0.5000833333333333
199.41,6,30.0,0.1688,1.6076666666666666,0.9183790849673203,0.4688888888888889
199.41,7,43.0,0.2419,1.5417488372093022,1.0,0.5
199.41,8,39.0,0.2194,1.796346153846154,1.0,0.5093333333333333
199.96,6,33.0,0.18569999999999998,1.6410666666666667,0.9897058823529412,0.5140833333333333
199.96,7,42.0,0.23629999999999998,1.5132166666666667,1.0,0.5
199.96,8,36.0,0.20249999999999999,1.5956083333333335,1.0,0.5
200.47,6,30.0,0.1688,1.7269700000000001,0.9183790849673203,0.4688888888888889
200.47,7,45.0,0.2531,1.5682377777777776,1.0,0.514
200.47,8,37.0,0.20809999999999998,1.7401351351351348,1.0,0.5046666666666667
200.97,6,32.0,0.18,1.7270750000000001,0.9794117647058824,0.5093333333333333
200.97,7,45.0,0.2532,1.658766666666667,1.0,0.5000833333333333
200.97,8,36.0,0.20249999999999999,1.5711083333333333,1.0,0.5
201.47,6,33.0,0.18569999999999998,1.7045666666666666,0.9897058823529412,0.50475
201.47,7,45.0,0.2532,1.55448,1.0,0.5
201.47,8,35.0,0.1969,1.5307514285714285,1.0,0.5
201.98,6,33.0,0.18569999999999998,1.7019,0.9897058823529412,0.5
201.98,7,47.0,0.26439999999999997,1.5850893617021278,1.0,0.5093333333333333
201.98,8,35.0,0.1969,1.4981028571428572,1.0,0.5
202.48,6,31.0,0.1744,1.580664516129032,0.9488954248366013,0.48444444444444446
202.48,7,49.0,0.2757,1.6549448979591836,1.0,0.5094166666666667
202.48,8,34.0,0.1913,1.5182,1.0,0.5
202.98,6,32.0,0.18,1.5319875,0.9794117647058824,0.5046666666666667
202.98,7,48.0,0.27,1.69094375,1.0,0.5
202.98,8,35.0,0.1969,1.6214,1.0,0.5046666666666667
203.48,6,31.0,0.1744,1.5910677419354837,0.9488954248366013,0.48444444444444446
203.48,7,50.0,0.2813,1.658388,1.0,0.5094166666666666
203.48,8,32.0,0.18,1.5721,0.9794117647058824,0.5
203.98,6,34.0,0.19119999999999998,1.9134470588235293,1.0,0.514
203.98,7,48.0,0.2701,1.6408416666666668,1.0,0.5
203.98,8,34.0,0.1913,1.6243,1.0,0.5094166666666666
204.48,6,30.0,0.1688,1.65334,0.9183790849673203,0.4688888888888889
204.48,7,49.0,0.2757,1.5849285714285712,1.0,0.5046666666666667
204.48,8,35.0,0.1969,1.5575,1.0,0.5046666666666667
204.98,6,32.0,0.18009999999999998,1.86225625,0.9794117647058824,0.5094166666666666
204.98,7,46.0,0.2588,1.6281260869565217,1.0,0.5
204.98,8,37.0,0.2081,1.5308,1.0,0.5093333333333333
205.49,6,32.0,0.18009999999999998,1.4711,0.9794117647058824,0.5
205.49,7,48.0,0.2701,1.5955708333333334,1.0,0.5094166666666667
205.49,8,36.0,0.2025,1.5153,1.0,0.5
205.99,6,32.0,0.18009999999999998,1.9314625000000003,0.9794117647058824,0.5
205.99,7,45.0,0.2531,1.5985733333333334,1.0,0.5
205.99,8,36.0,0.2025,1.5044,1.0,0.5
206.49,6,33.0,0.1857,1.6027999999999998,0.9897058823529412,0.5046666666666667
206.49,7,43.0,0.2419,1.5203418604651164,1.0,0.5
206.49,8,36.0,0.2025,1.5537,1.0,0.5
206.99,6,31.0,0.1744,2.0254677419354836,0.9488954248366013,0.48444444444444446
206.99,7,44.0,0.2475,1.414325,1.0,0.5046666666666667
206.99,8,37.0,0.2082,1.4875432432432432,1.0,0.50475
207.49,6,32.0,0.18,1.795659375,0.9794117647058824,0.5046666666666667
207.49,7,42.0,0.2363,1.5243,1.0,0.5
207.49,8,38.0,0.21380000000000002,1.6505631578947368,1.0,0.5046666666666667
207.99,6,33.0,0.1857,1.5901181818181818,0.9897058823529412,0.50475
207.99,7,40.0,0.225,1.57023,1.0,0.5
207.99,8,38.0,0.2138,1.6468578947368422,1.0,0.5
208.49,6,37.0,0.2081,1.7565459459459458,1.0,0.5186666666666667
208.49,7,38.0,0.21380000000000002,1.6413368421052632,1.0,0.5
208.49,8,37.0,0.20809999999999998,1.644337837837838,1.0,0.5
208.99,6,40.0,0.2251,1.6351849999999999,1.0,0.5141666666666667
208.99,7,36.0,0.2025,1.6075305555555555,1.0,0.5
208.99,8,38.0,0.2138,1.7487473684210526,1.0,0.50475
209.49,6,41.0,0.23060000000000003,1.6990243902439024,1.0,0.5045833333333334
209.49,7,36.0,0.2026,1.7269166666666669,1.0,0.5000833333333333
209.49,8,36.0,0.2026,1.7095777777777779,1.0,0.5
210.0,6,41.0,0.2306,1.6079780487804878,1.0,0.5
210.0,7,37.0,0.2082,1.7708243243243242,1.0,0.5046666666666667
210.0,8,37.0,0.2081,1.7458621621621624,1.0,0.5045833333333334
210.5,6,40.0,0.2251,1.8308600000000002,1.0,0.5
210.5,7,37.0,0.2081,1.8179216216216219,1.0,0.5
210.5,8,38.0,0.2138,1.703,1.0,0.50475
211.0,6,40.0,0.225,1.78992,1.0,0.5
211.0,7,36.0,0.20249999999999999,1.780061111111111,1.0,0.5
211.0,8,40.0,0.225,1.653,1.0,0.5093333333333333
211.5,6,41.0,0.2306,1.6618146341463413,1.0,0.5046666666666667
211.5,7,33.0,0.18560000000000001,1.7601545454545455,0.9897058823529412,0.5
211.5,8,40.0,0.225,1.675,1.0,0.5
212.06,6,41.0,0.23070000000000002,1.6809902439024391,1.0,0.5000833333333333
212.06,7,37.0,0.2081,1.5680864864864865,1.0,0.51875
212.06,8,38.0,0.2138,1.5123,1.0,0.5
212.56,6,42.0,0.2363,1.7123000000000002,1.0,0.5046666666666667
212.56,7,36.0,0.20249999999999999,1.5550305555555555,1.0,0.5
212.56,8,39.0,0.2194,1.5958,1.0,0.5046666666666667
213.07,6,44.0,0.2475,1.744084090909091,1.0,0.5093333333333333
213.07,7,35.0,0.19690000000000002,1.5887999999999998,1.0,0.5
213.07,8,38.0,0.2138,1.5724,1.0,0.5
213.57,6,43.0,0.2419,1.6779558139534885,1.0,0.5
213.57,7,33.0,0.1856,1.537390909090909,0.9897058823529412,0.5
213.57,8,38.0,0.2138,1.5005,1.0,0.5
214.07,6,42.0,0.2363,1.6461000000000001,1.0,0.5
214.07,7,33.0,0.1856,1.4008727272727273,0.9897058823529412,0.5
214.07,8,39.0,0.2194,1.5589,1.0,0.5046666666666667
214.58,6,42.0,0.2363,1.7421214285714286,1.0,0.5
214.58,7,34.0,0.19119999999999998,1.437764705882353,1.0,0.5046666666666667
214.58,8,39.0,0.21939999999999998,1.6580948717948718,1.0,0.5
215.09,6,39.0,0.21939999999999998,1.6281102564102563,1.0,0.5
215.09,7,34.0,0.1913,1.4823823529411764,1.0,0.5000833333333333
215.09,8,40.0,0.2251,1.48464,1.0,0.50475
215.59,6,40.0,0.2251,1.5439950000000002,1.0,0.50475
215.59,7,35.0,0.1969,1.4372399999999999,1.0,0.5046666666666667
215.59,8,41.0,0.2306,1.6241780487804875,1.0,0.5045833333333334
216.09,6,40.0,0.22499999999999998,1.7827199999999999,1.0,0.5
216.09,7,34.0,0.19119999999999998,1.4487117647058823,1.0,0.5
216.09,8,41.0,0.2306,1.6170365853658537,1.0,0.5
216.59,6,41.0,0.2306,1.7731560975609755,1.0,0.5046666666666667
216.59,7,33.0,0.1856,1.3848727272727273,0.9897058823529412,0.5
216.59,8,41.0,0.2306,1.6059268292682924,1.0,0.5
217.09,6,39.0,0.21939999999999998,1.4895025641025639,1.0,0.5
217.09,7,33.0,0.1857,1.4746090909090908,0.9897058823529412,0.5000833333333333
217.09,8,40.0,0.225,1.5394,1.0,0.5
217.59,6,36.0,0.20249999999999999,1.5286027777777775,1.0,0.5
217.59,7,33.0,0.1857,1.3477909090909088,0.9897058823529412,0.5
217.59,8,41.0,0.2306,1.486,1.0,0.5046666666666667
218.09,6,36.0,0.2025,1.6499527777777778,1.0,0.5
218.09,7,34.0,0.1913,1.4704882352941175,1.0,0.5046666666666667
218.09,8,42.0,0.2363,1.5157,1.0,0.50475
218.6,6,31.0,0.1744,1.6636096774193547,0.9488954248366013,0.48444444444444446
218.6,7,37.0,0.2082,1.5350027027027024,1.0,0.5140833333333333
218.6,8,42.0,0.2363,1.4735,1.0,0.5
219.1,6,32.0,0.18,1.753175,0.9794117647058824,0.5046666666666667
219.1,7,35.0,0.1969,1.63938,1.0,0.5
219.1,8,43.0,0.2419,1.5369,1.0,0.5046666666666667
219.6,6,30.0,0.1688,1.83358,0.9183790849673203,0.4688888888888889
219.6,7,38.0,0.2138,1.692842105263158,1.0,0.5140833333333333
219.6,8,42.0,0.2363,1.5556999999999999,1.0,0.5
220.1,6,30.0,0.1688,2.0470533333333334,0.9183790849673203,0.4688888888888889
220.1,7,39.0,0.21939999999999998,1.6658333333333333,1.0,0.5046666666666667
220.1,8,42.0,0.2363,1.6366,1.0,0.5
220.6,6,30.0,0.1688,1.7945499999999999,0.9183790849673203,0.4688888888888889
220.6,7,36.0,0.2025,1.5596750000000001,1.0,0.5
220.6,8,47.0,0.2644,1.5488,1.0,0.5234166666666666
221.1,6,25.0,0.1407,1.69972,0.765436274509804,0.3908333333333333
221.1,7,37.0,0.2082,1.5829189189189188,1.0,0.50475
221.1,8,46.0,0.2588,1.5794,1.0,0.5
221.6,7,36.0,0.2026,1.6540166666666667,1.0,0.5
221.6,8,47.0,0.26439999999999997,1.5447340425531912,1.0,0.5046666666666667
222.1,7,36.0,0.2026,1.6404555555555556,1.0,0.5
222.1,8,48.0,0.27,1.4803270833333333,1.0,0.5046666666666667
222.6,7,39.0,0.2194,1.5713846153846154,1.0,0.514
222.6,8,46.0,0.2588,1.3788,1.0,0.5
223.16,7,37.0,0.2081,1.552681081081081,1.0,0.5
223.16,8,46.0,0.2588,1.3941,1.0,0.5
223.67,7,34.0,0.19130000000000003,1.6346882352941177,1.0,0.5
223.67,8,47.0,0.2644,1.5507999999999997,1.0,0.5046666666666667
224.17,7,35.0,0.1969,1.54844,1.0,0.5046666666666666
224.17,8,46.0,0.2588,1.4506,1.0,0.5
224.67,6,26.0,0.14629999999999999,1.7584615384615385,0.7959526143790849,0.40638888888888886
224.67,7,34.0,0.1913,1.5775558823529412,1.0,0.5
224.67,8,47.0,0.26439999999999997,1.3627148936170213,1.0,0.5046666666666667
225.17,6,26.0,0.1462,1.8916499999999998,0.7955915032679738,0.4061111111111111
225.17,7,35.0,0.19690000000000002,1.6989714285714286,1.0,0.5046666666666667
225.17,8,46.0,0.2587,1.3529326086956524,1.0,0.5
225.68,6,25.0,0.1406,1.590832,0.765075163398693,0.3905555555555556
225.68,7,35.0,0.19690000000000002,1.6828628571428572,1.0,0.5
225.68,8,49.0,0.2756,1.4839122448979594,1.0,0.5140833333333333
226.18,6,26.0,0.1462,1.74555,0.7955915032679738,0.41077777777777774
226.18,7,36.0,0.2025,1.677075,1.0,0.5046666666666667
226.18,8,47.0,0.26439999999999997,1.490348936170213,1.0,0.5
226.68,6,28.0,0.1576,1.6666500000000002,0.8573464052287582,0.4472777777777778
226.68,7,35.0,0.19690000000000002,1.810205714285714,1.0,0.5
226.68,8,46.0,0.2587,1.5158500000000001,1.0,0.5
227.18,6,28.0,0.1576,1.6892999999999998,0.8573464052287582,0.43777777777777777
227.18,7,34.0,0.19130000000000003,1.8652823529411766,1.0,0.5
227.18,8,47.0,0.26439999999999997,1.4163191489361702,1.0,0.50475
227.68,6,28.0,0.1575,1.4978857142857145,0.856985294117647,0.4375
227.68,7,36.0,0.20249999999999999,1.8509277777777777,1.0,0.5093333333333333
227.68,8,46.0,0.2587,1.4342391304347826,1.0,0.5
228.19,6,29.0,0.1631,1.6672793103448276,0.8875016339869282,0.4577222222222222
228.19,7,35.0,0.1969,1.7119942857142858,1.0,0.5
228.19,8,47.0,0.26439999999999997,1.520955319148936,1.0,0.50475
228.69,6,29.0,0.1631,1.7470172413793106,0.8875016339869282,0.45305555555555554
228.69,7,37.0,0.2082,1.6850243243243244,1.0,0.5094166666666666
228.69,8,46.0,0.2587,1.536904347826087,1.0,0.5
229.19,6,29.0,0.1631,1.7341999999999997,0.8875016339869282,0.45305555555555554
229.19,7,39.0,0.21939999999999998,1.6832615384615384,1.0,0.5093333333333333
229.19,8,45.0,0.2531,1.5426555555555554,1.0,0.5
229.69,6,33.0,0.1857,1.8045818181818183,0.9897058823529412,0.5188333333333334
229.69,7,36.0,0.20249999999999999,1.6762333333333332,1.0,0.5
229.69,8,45.0,0.2532,1.5452444444444444,1.0,0.5000833333333333
230.19,6,32.0,0.18,1.885953125,0.9794117647058824,0.5
230.19,7,35.0,0.1969,1.6158685714285717,1.0,0.5
230.19,8,47.0,0.26439999999999997,1.4875936170212762,1.0,0.5093333333333333
230.69,6,30.0,0.1688,1.74155,0.9183790849673203,0.4688888888888889
230.69,7,35.0,0.1969,1.6988285714285714,1.0,0.5
230.69,8,48.0,0.27009999999999995,1.5356708333333335,1.0,0.50475
231.19,6,31.0,0.1744,1.7419999999999998,0.9488954248366013,0.4891111111111111
231.19,7,35.0,0.19690000000000002,1.8109142857142857,1.0,0.5
231.19,8,48.0,0.27,1.47679375,1.0,0.5
231.69,6,30.0,0.1688,1.56325,0.9183790849673203,0.4688888888888889
231.69,7,37.0,0.2082,1.7670243243243242,1.0,0.5094166666666666
231.69,8,47.0,0.26439999999999997,1.5383936170212764,1.0,0.5
232.19,6,32.0,0.18,1.5429,0.9794117647058824,0.5093333333333333
232.19,7,36.0,0.2026,1.6638166666666667,1.0,0.5
232.19,8,46.0,0.2588,1.5284478260869565,1.0,0.5
232.69,6,34.0,0.1913,1.5991764705882352,1.0,0.5094166666666666
232.69,7,34.0,0.1913,1.6996117647058822,1.0,0.5
232.69,8,48.0,0.27009999999999995,1.6606291666666666,1.0,0.5094166666666666
233.2,6,34.0,0.1913,1.8600852941176471,1.0,0.5
233.2,7,35.0,0.1969,1.637517142857143,1.0,0.5046666666666667
233.2,8,47.0,0.26439999999999997,1.5080553191489363,1.0,0.5
233.7,6,33.0,0.1856,1.4769545454545454,0.9897058823529412,0.5
233.7,7,36.0,0.2025,1.5541666666666667,1.0,0.5046666666666667
233.7,8,46.0,0.2587,1.5597021739130432,1.0,0.5
234.2,6,33.0,0.1856,1.5568181818181819,0.9897058823529412,0.5
234.2,7,38.0,0.2138,1.5577315789473682,1.0,0.5094166666666666
234.2,8,45.0,0.2531,1.570991111111111,1.0,0.5
234.7,6,33.0,0.1856,1.4126727272727273,0.9897058823529412,0.5
234.7,7,37.0,0.2082,1.5670675675675674,1.0,0.5
234.7,8,44.0,0.2475,1.531284090909091,1.0,0.5
235.2,6,33.0,0.1856,1.3816303030303028,0.9897058823529412,0.5
235.2,7,38.0,0.2138,1.5631473684210526,1.0,0.5046666666666667
235.2,8,45.0,0.2531,1.5171044444444441,1.0,0.5046666666666667
235.7,6,32.0,0.18,1.4880624999999998,0.9794117647058824,0.5
235.7,7,38.0,0.2138,1.6377394736842106,1.0,0.5
235.7,8,45.0,0.2531,1.6184000000000003,1.0,0.5
236.2,6,32.0,0.18009999999999998,1.3944999999999999,0.9794117647058824,0.5000833333333333
236.2,7,41.0,0.23059999999999997,1.6592048780487805,1.0,0.514
236.2,8,43.0,0.2419,1.5768720930232556,1.0,0.5
236.76,6,34.0,0.1913,1.4692529411764705,1.0,0.5093333333333333
236.76,7,40.0,0.22499999999999998,1.52404,1.0,0.5
236.76,8,44.0,0.2475,1.5665204545454545,1.0,0.5046666666666667
237.26,6,35.0,0.1969,1.6366057142857142,1.0,0.5046666666666667
237.26,7,38.0,0.2138,1.582584210526316,1.0,0.5
237.26,8,45.0,0.2532,1.5989533333333332,1.0,0.50475
237.76,6,35.0,0.1969,1.6366714285714288,1.0,0.5
237.76,7,39.0,0.21939999999999998,1.60364358974359,1.0,0.5046666666666667
237.76,8,44.0,0.24760000000000001,1.4902454545454544,1.0,0.5
238.28,6,38.0,0.2138,1.607994736842105,1.0,0.5140833333333333
238.28,7,37.0,0.2081,1.6233405405405406,1.0,0.5
238.28,8,45.0,0.2532,1.6198777777777775,1.0,0.5046666666666666
238.78,6,40.0,0.22499999999999998,1.6651924999999999,1.0,0.5093333333333333
238.78,7,37.0,0.2081,1.5164405405405406,1.0,0.5
238.78,8,44.0,0.24760000000000001,1.5414272727272726,1.0,0.5
239.28,6,42.0,0.23620000000000002,1.562585714285714,1.0,0.5093333333333334
239.28,7,36.0,0.2025,1.568625,1.0,0.5
239.28,8,43.0,0.2419,1.60966511627907,1.0,0.5
239.78,6,44.0,0.2475,1.8003068181818185,1.0,0.5094166666666666
239.78,7,37.0,0.2082,1.767383783783784,1.0,0.50475
239.78,8,41.0,0.2306,1.6309999999999998,1.0,0.5
240.29,6,43.0,0.2419,1.6708720930232557,1.0,0.5
240.29,7,37.0,0.2081,1.594372972972973,1.0,0.5
240.29,8,45.0,0.2531,1.5680844444444444,1.0,0.51875
240.79,6,43.0,0.2419,1.7983395348837208,1.0,0.5
240.79,7,39.0,0.2194,1.4878307692307693,1.0,0.5094166666666666
240.79,8,43.0,0.2419,1.5805511627906979,1.0,0.5
241.29,6,42.0,0.2363,1.5986571428571428,1.0,0.5
241.29,7,38.0,0.2138,1.614842105263158,1.0,0.5
241.29,8,44.0,0.24760000000000001,1.5160045454545454,1.0,0.50475
241.79,6,41.0,0.23060000000000003,1.5923414634146342,1.0,0.5
241.79,7,37.0,0.2082,1.5496999999999999,1.0,0.5
241.79,8,43.0,0.2419,1.6889372093023256,1.0,0.5
242.29,6,40.0,0.225,1.6813399999999998,1.0,0.5
242.29,7,41.0,0.23070000000000002,1.6235219512195123,1.0,0.51875
242.29,8,41.0,0.2306,1.6516439024390244,1.0,0.5
242.79,6,42.0,0.23620000000000002,1.8128785714285716,1.0,0.5093333333333333
242.79,7,38.0,0.21380000000000002,1.6145684210526317,1.0,0.5
242.79,8,43.0,0.2419,1.6417767441860465,1.0,0.5094166666666666
243.29,6,41.0,0.23070000000000002,1.6343292682926827,1.0,0.5
243.29,7,36.0,0.2025,1.6875,1.0,0.5
243.29,8,42.0,0.2362,1.588504761904762,1.0,0.5
243.79,6,39.0,0.2194,1.768776923076923,1.0,0.5
243.79,7,36.0,0.2025,1.6843666666666666,1.0,0.5
243.79,8,45.0,0.2531,1.4964622222222224,1.0,0.5140833333333333
244.3,6,38.0,0.2138,1.7436894736842106,1.0,0.5
244.3,7,39.0,0.2194,1.7834615384615387,1.0,0.5140833333333333
244.3,8,43.0,0.2419,1.5239581395348836,1.0,0.5
244.8,6,37.0,0.2082,1.6333675675675676,1.0,0.5
244.8,7,40.0,0.225,1.6671974999999999,1.0,0.5046666666666667
244.8,8,42.0,0.2362,1.560640476190476,1.0,0.5
245.3,6,37.0,0.2082,1.660427027027027,1.0,0.5
245.3,7,44.0,0.2475,1.6761090909090905,1.0,0.51875
245.3,8,39.0,0.2194,1.641,1.0,0.5
245.8,6,39.0,0.2194,1.7071999999999998,1.0,0.5093333333333333
245.8,7,41.0,0.2306,1.659168292682927,1.0,0.5
245.8,8,40.0,0.2251,1.6660050000000002,1.0,0.50475
246.3,6,39.0,0.21939999999999998,1.6183,1.0,0.5
246.3,7,40.0,0.22499999999999998,1.6294649999999997,1.0,0.5
246.3,8,41.0,0.23070000000000002,1.6076365853658536,1.0,0.5046666666666667
246.8,6,40.0,0.22510000000000002,1.6753250000000002,1.0,0.50475
246.8,7,39.0,0.2194,1.8265384615384614,1.0,0.5
246.8,8,44.0,0.2475,1.7123022727272728,1.0,0.514
247.3,6,40.0,0.22510000000000002,1.6564,1.0,0.5
247.3,7,36.0,0.2025,1.7274666666666667,1.0,0.5
247.3,8,46.0,0.25880000000000003,1.6342652173913041,1.0,0.5094166666666667
247.8,6,41.0,0.23070000000000002,1.8600926829268294,1.0,0.5046666666666667
247.8,7,34.0,0.1913,1.7299470588235293,1.0,0.5
247.8,8,48.0,0.27,1.6524666666666665,1.0,0.5093333333333333
248.36,6,38.0,0.2138,1.5550000000000002,1.0,0.5
248.36,7,37.0,0.2081,1.7743648648648649,1.0,0.514
248.36,8,46.0,0.25880000000000003,1.692291304347826,1.0,0.5
248.87,6,40.0,0.225,1.5330074999999999,1.0,0.5093333333333333
248.87,7,37.0,0.2082,1.7184594594594595,1.0,0.5000833333333333
248.87,8,44.0,0.2475,1.6223999999999998,1.0,0.5
249.37,6,40.0,0.225,1.5618225000000001,1.0,0.5
249.37,7,41.0,0.2306,1.8143219512195123,1.0,0.5186666666666667
249.37,8,40.0,0.225,1.548,1.0,0.5
249.88,6,42.0,0.2363,1.5206666666666666,1.0,0.5094166666666666
249.88,7,41.0,0.23070000000000002,1.7192463414634145,1.0,0.5000833333333333
249.88,8,39.0,0.21939999999999998,1.608123076923077,1.0,0.5
250.38,6,40.0,0.22499999999999998,1.6307749999999999,1.0,0.5
250.38,7,40.0,0.22510000000000002,1.84314,1.0,0.5
250.38,8,39.0,0.21939999999999998,1.5737615384615384,1.0,0.5
250.89,6,40.0,0.22510000000000002,1.582585,1.0,0.5000833333333333
250.89,7,39.0,0.2194,1.7299666666666667,1.0,0.5
250.89,8,38.0,0.2137,1.3988605263157894,1.0,0.5
251.39,6,39.0,0.21939999999999998,1.7395538461538462,1.0,0.5
251.39,7,39.0,0.2194,1.7262,1.0,0.5
251.39,8,38.0,0.2137,1.4846052631578948,1.0,0.5
251.89,6,32.0,0.18,1.6217125000000001,0.9794117647058824,0.5
251.89,7,40.0,0.225,1.76463,1.0,0.5046666666666667
251.89,8,38.0,0.2138,1.4152,1.0,0.5000833333333333
252.39,6,33.0,0.18569999999999998,1.6237545454545455,0.9897058823529412,0.50475
252.39,7,40.0,0.225,1.71841,1.0,0.5
252.39,8,38.0,0.2138,1.4423,1.0,0.5
252.89,6,32.0,0.18,1.55525,0.9794117647058824,0.5
252.89,7,39.0,0.2194,1.7006000000000001,1.0,0.5
252.89,8,40.0,0.225,1.4164,1.0,0.5093333333333333
253.39,6,33.0,0.1856,1.794469696969697,0.9897058823529412,0.5046666666666667
253.39,7,38.0,0.21380000000000002,1.6666157894736842,1.0,0.5
253.39,8,40.0,0.225,1.4749,1.0,0.5
253.89,6,33.0,0.1857,1.8279999999999998,0.9897058823529412,0.5000833333333333
253.89,7,37.0,0.2082,1.7032108108108108,1.0,0.5
253.89,8,41.0,0.2306,1.4885,1.0,0.5046666666666667
254.39,6,33.0,0.1856,1.8249,0.9897058823529412,0.5
254.39,7,35.0,0.19690000000000002,1.6770228571428571,1.0,0.5
254.39,8,41.0,0.2306,1.4405,1.0,0.5
254.89,6,33.0,0.1856,1.6420666666666666,0.9897058823529412,0.5
254.89,7,35.0,0.19690000000000002,1.6433628571428573,1.0,0.5
254.89,8,41.0,0.2306,1.485,1.0,0.5
255.39,6,32.0,0.18,1.7934999999999999,0.9794117647058824,0.5
255.39,7,37.0,0.2081,1.6036675675675676,1.0,0.5093333333333333
255.39,8,39.0,0.2194,1.5338,1.0,0.5
255.9,6,33.0,0.18569999999999998,1.6757151515151516,0.9897058823529412,0.50475
255.9,7,38.0,0.2138,1.5453473684210528,1.0,0.50475
255.9,8,39.0,0.2194,1.7477000000000003,1.0,0.5
256.4,6,32.0,0.18,1.7972468750000001,0.9794117647058824,0.5
256.4,7,36.0,0.2026,1.5588499999999998,1.0,0.5
256.4,8,40.0,0.225,1.6841825,1.0,0.5046666666666667
256.9,6,32.0,0.18,1.5777375,0.9794117647058824,0.5
256.9,7,36.0,0.2025,1.5290444444444444,1.0,0.5
256.9,8,39.0,0.21939999999999998,1.6553923076923076,1.0,0.5
257.4,6,35.0,0.19690000000000002,1.7554771428571427,1.0,0.5140833333333333
257.4,7,36.0,0.20249999999999999,1.5679333333333334,1.0,0.5
257.4,8,39.0,0.2194,1.6677615384615383,1.0,0.5
257.9,6,35.0,0.1969,1.8006657142857145,1.0,0.5
257.9,7,37.0,0.20809999999999998,1.5880513513513512,1.0,0.5046666666666667
257.9,8,38.0,0.2138,1.626513157894737,1.0,0.5
258.4,6,38.0,0.21380000000000002,1.8338894736842108,1.0,0.5140833333333333
258.4,7,36.0,0.2026,1.5622999999999998,1.0,0.5
258.4,8,38.0,0.2138,1.6140157894736842,1.0,0.5
258.9,6,35.0,0.19690000000000002,1.5854314285714286,1.0,0.5
258.9,7,39.0,0.21939999999999998,1.6362948717948715,1.0,0.514
258.9,8,38.0,0.2138,1.6439763157894738,1.0,0.5
259.4,6,34.0,0.1913,1.5884,1.0,0.5
259.4,7,44.0,0.2475,1.6499477272727274,1.0,0.5234166666666666
259.4,8,34.0,0.1913,1.6160235294117646,1.0,0.5
259.9,6,36.0,0.20249999999999999,1.6002722222222223,1.0,0.5093333333333333
259.9,7,43.0,0.2419,1.6662976744186047,1.0,0.5
259.9,8,34.0,0.1913,1.6345294117647058,1.0,0.5
260.4,6,35.0,0.1969,1.75568,1.0,0.5
260.4,7,45.0,0.2531,1.687788888888889,1.0,0.5093333333333333
260.4,8,35.0,0.1969,1.6113742857142854,1.0,0.5046666666666667
260.9,6,35.0,0.1969,1.5910342857142856,1.0,0.5
260.9,7,42.0,0.23629999999999998,1.6602833333333333,1.0,0.5
260.9,8,36.0,0.20249999999999999,1.6663305555555554,1.0,0.5046666666666667
261.46,6,33.0,0.1856,1.4359181818181819,0.9897058823529412,0.5
261.46,7,42.0,0.23629999999999998,1.544533333333333,1.0,0.5
261.46,8,37.0,0.2081,1.5845567567567567,1.0,0.5046666666666667
261.96,6,34.0,0.1913,1.5689647058823528,1.0,0.50475
261.96,7,40.0,0.22499999999999998,1.7716574999999999,1.0,0.5
261.96,8,38.0,0.21380000000000002,1.5972894736842107,1.0,0.50475
262.47,6,35.0,0.1969,1.60068,1.0,0.5046666666666667
262.47,7,40.0,0.225,1.80216,1.0,0.5
262.47,8,38.0,0.2138,1.5896184210526316,1.0,0.5
262.98,6,32.0,0.18,1.672834375,0.9794117647058824,0.5
262.98,7,41.0,0.23070000000000002,1.6477780487804876,1.0,0.50475
262.98,8,39.0,0.2194,1.6873153846153848,1.0,0.5046666666666667
263.48,6,31.0,0.1744,1.6917612903225807,0.9488954248366013,0.48444444444444446
263.48,7,40.0,0.22499999999999998,1.718795,1.0,0.5
263.48,8,40.0,0.225,1.62487,1.0,0.5046666666666667
263.98,6,32.0,0.18,1.75425,0.9794117647058824,0.5046666666666667
263.98,7,41.0,0.2306,1.7733853658536585,1.0,0.5046666666666667
263.98,8,37.0,0.20809999999999998,1.5332918918918919,1.0,0.5
264.48,6,29.0,0.1632,1.7110862068965516,0.8878627450980392,0.45333333333333337
264.48,7,42.0,0.2362,1.7581190476190478,1.0,0.5046666666666667
264.48,8,38.0,0.2138,1.7289684210526317,1.0,0.50475
264.98,6,29.0,0.1632,1.654837931034483,0.8878627450980392,0.45333333333333337
264.98,7,43.0,0.2419,1.7186511627906977,1.0,0.50475
264.98,8,38.0,0.21380000000000002,1.5805631578947368,1.0,0.5
265.49,6,29.0,0.16310000000000002,1.4623310344827587,0.8875016339869282,0.45305555555555566
265.49,7,41.0,0.23070000000000002,1.6337780487804876,1.0,0.5
265.49,8,38.0,0.2137,1.5635552631578946,1.0,0.5
265.99,6,34.0,0.1913,1.6182970588235295,1.0,0.5235
265.99,7,40.0,0.22510000000000002,1.6752950000000002,1.0,0.5
265.99,8,36.0,0.2025,1.5655,1.0,0.5
266.49,6,35.0,0.1969,1.71228,1.0,0.5046666666666667
266.49,7,41.0,0.23070000000000002,1.5807073170731707,1.0,0.5046666666666667
266.49,8,37.0,0.2081,1.6303,1.0,0.5046666666666667
266.99,6,35.0,0.19690000000000002,1.6921257142857145,1.0,0.5
266.99,7,40.0,0.225,1.465275,1.0,0.5
266.99,8,37.0,0.2081,1.5461,1.0,0.5
267.49,6,35.0,0.1969,1.5747542857142858,1.0,0.5
267.49,7,39.0,0.2194,1.5264384615384614,1.0,0.5
267.49,8,37.0,0.2081,1.5515,1.0,0.5
267.99,6,35.0,0.19690000000000002,1.5318,1.0,0.5
267.99,7,38.0,0.2138,1.6441868421052632,1.0,0.5
267.99,8,37.0,0.2081,1.5039,1.0,0.5
268.49,6,39.0,0.21939999999999998,1.6573153846153847,1.0,0.5187499999999999
268.49,7,38.0,0.2138,1.5283947368421054,1.0,0.5
268.49,8,35.0,0.1969,1.6237,1.0,0.5
269.0,6,37.0,0.2082,1.510243243243243,1.0,0.5
269.0,7,38.0,0.21380000000000002,1.5105684210526316,1.0,0.5
269.0,8,38.0,0.2138,1.5789,1.0,0.5140833333333333
269.5,6,38.0,0.2138,1.475,1.0,0.5046666666666667
269.5,7,36.0,0.2026,1.6893333333333331,1.0,0.5
269.5,8,40.0,0.225,1.5483,1.0,0.5093333333333333
270.0,6,40.0,0.225,1.5207000000000002,1.0,0.5093333333333333
270.0,7,36.0,0.2025,1.5319250000000002,1.0,0.5
270.0,8,38.0,0.2138,1.5184,1.0,0.5
270.5,6,40.0,0.22499999999999998,1.57049,1.0,0.5
270.5,7,31.0,0.1744,1.5873129032258064,0.9488954248366013,0.48444444444444446
270.5,8,41.0,0.2306,1.5651,1.0,0.514
271.0,6,41.0,0.2307,1.7104634146341464,1.0,0.50475
271.0,7,33.0,0.1856,1.6725333333333332,0.9897058823529412,0.5093333333333333
271.0,8,40.0,0.225,1.582,1.0,0.5
271.5,6,43.0,0.2419,1.8756953488372092,1.0,0.5093333333333333
271.5,7,31.0,0.1744,1.5746999999999998,0.9488954248366013,0.48444444444444446
271.5,8,41.0,0.2306,1.7052,1.0,0.5046666666666667
272.0,6,41.0,0.2307,1.5907731707317072,1.0,0.5
272.0,7,31.0,0.1744,1.5983483870967743,0.9488954248366013,0.48444444444444446
272.0,8,41.0,0.2306,1.6541731707317073,1.0,0.5
272.5,6,42.0,0.2363,1.677552380952381,1.0,0.5046666666666667
272.5,7,29.0,0.1631,1.715858620689655,0.8875016339869282,0.45305555555555554
272.5,8,40.0,0.2251,1.678165,1.0,0.5
273.05,6,40.0,0.2251,1.484055,1.0,0.5
273.05,7,31.0,0.1744,1.6398645161290324,0.9488954248366013,0.49386111111111114
273.05,8,40.0,0.2251,1.65015,1.0,0.5
273.56,6,39.0,0.21939999999999998,1.5193179487179487,1.0,0.5
273.56,7,31.0,0.1744,1.6882096774193547,0.9488954248366013,0.48444444444444446
273.56,8,43.0,0.2419,1.7413674418604654,1.0,0.514
274.07,6,39.0,0.21939999999999998,1.5462461538461538,1.0,0.5
274.07,7,29.0,0.16310000000000002,1.7968793103448275,0.8875016339869282,0.45305555555555566
274.07,8,41.0,0.23070000000000002,1.7909243902439023,1.0,0.5
274.57,6,40.0,0.225,1.59894,1.0,0.5046666666666667
274.57,7,33.0,0.1856,1.7694848484848484,0.9897058823529412,0.5187499999999999
274.57,8,38.0,0.2137,1.6626736842105263,1.0,0.5
275.08,6,40.0,0.22499999999999998,1.7149124999999998,1.0,0.5
275.08,7,34.0,0.1913,1.7626352941176469,1.0,0.50475
275.08,8,38.0,0.2138,1.6237,1.0,0.5000833333333333
275.58,6,39.0,0.2194,1.6691153846153846,1.0,0.5
275.58,7,35.0,0.1969,1.7152571428571428,1.0,0.5046666666666667
275.58,8,38.0,0.2138,1.6724,1.0,0.5
276.08,6,39.0,0.2194,1.4112384615384617,1.0,0.5
276.08,7,35.0,0.1969,1.7237,1.0,0.5
276.08,8,39.0,0.2194,1.5803,1.0,0.5046666666666667
276.58,6,38.0,0.2138,1.4810868421052632,1.0,0.5
276.58,7,35.0,0.1969,1.8441800000000002,1.0,0.5
276.58,8,40.0,0.225,1.6216000000000002,1.0,0.5046666666666667
277.08,6,35.0,0.1969,1.5618400000000001,1.0,0.5
277.08,7,37.0,0.2082,1.8573270270270272,1.0,0.5094166666666666
277.08,8,38.0,0.2138,1.7177999999999998,1.0,0.5
277.58,6,36.0,0.20249999999999999,1.6528333333333334,1.0,0.5046666666666667
277.58,7,36.0,0.2025,1.7853666666666668,1.0,0.5
277.58,8,40.0,0.225,1.5972,1.0,0.5093333333333333
278.08,6,36.0,0.20249999999999999,1.7879833333333335,1.0,0.5
278.08,7,37.0,0.2082,1.7844837837837837,1.0,0.50475
278.08,8,38.0,0.2138,1.594,1.0,0.5
278.59,6,36.0,0.2026,1.595633333333333,1.0,0.5000833333333333
278.59,7,35.0,0.1969,1.60716,1.0,0.5
278.59,8,40.0,0.225,1.5159,1.0,0.5093333333333333
279.09,6,32.0,0.18,1.8788468749999998,0.9794117647058824,0.5
279.09,7,36.0,0.20249999999999999,1.6386500000000002,1.0,0.5046666666666667
279.09,8,41.0,0.2306,1.4523,1.0,0.5046666666666667
279.59,6,31.0,0.1744,1.5653741935483871,0.9488954248366013,0.48444444444444446
279.59,7,36.0,0.20249999999999999,1.634722222222222,1.0,0.5
279.59,8,40.0,0.225,1.5653,1.0,0.5
280.09,6,32.0,0.18,2.006753125,0.9794117647058824,0.5046666666666667
280.09,7,36.0,0.2025,1.6894444444444445,1.0,0.5
280.09,8,41.0,0.2306,1.542,1.0,0.5046666666666667
280.59,6,29.0,0.16310000000000002,1.4817793103448273,0.8875016339869282,0.45305555555555566
280.59,7,35.0,0.1969,1.7433599999999998,1.0,0.5
280.59,8,42.0,0.2363,1.5741,1.0,0.50475
281.09,6,30.0,0.1688,1.39575,0.9183790849673203,0.4736388888888889
281.09,7,33.0,0.1857,1.639681818181818,0.9897058823529412,0.5
281.09,8,40.0,0.225,1.5295,1.0,0.5
281.59,6,30.0,0.1688,1.38562,0.9183790849673203,0.4688888888888889
281.59,7,35.0,0.1969,1.6131400000000002,1.0,0.5093333333333333
281.59,8,41.0,0.2306,1.594,1.0,0.5046666666666667
282.09,6,30.0,0.1688,1.3637000000000001,0.9183790849673203,0.4688888888888889
282.09,7,36.0,0.2026,1.6023,1.0,0.50475
282.09,8,40.0,0.225,1.6767800000000002,1.0,0.5
282.59,6,29.0,0.1631,1.3312689655172414,0.8875016339869282,0.45305555555555554
282.59,7,36.0,0.2026,1.5334666666666665,1.0,0.5
282.59,8,41.0,0.23070000000000002,1.6526853658536584,1.0,0.50475
283.1,6,32.0,0.18,1.4452500000000001,0.9794117647058824,0.5140833333333333
283.1,7,34.0,0.19119999999999998,1.601508823529412,1.0,0.5
283.1,8,41.0,0.23070000000000002,1.5896,1.0,0.5
283.6,6,33.0,0.1856,1.5307515151515152,0.9897058823529412,0.5046666666666667
283.6,7,36.0,0.2026,1.5703333333333331,1.0,0.5095000000000001
283.6,8,41.0,0.2306,1.599258536585366,1.0,0.5
284.1,6,32.0,0.18,1.533253125,0.9794117647058824,0.5
284.1,7,37.0,0.20809999999999998,1.6202918918918918,1.0,0.5045833333333333
284.1,8,39.0,0.2194,1.6376897435897437,1.0,0.5
284.6,6,35.0,0.1969,1.5748057142857144,1.0,0.5140833333333333
284.6,7,36.0,0.2025,1.6079444444444446,1.0,0.5
284.6,8,38.0,0.2137,1.5887789473684208,1.0,0.5
285.1,6,35.0,0.1969,1.674437142857143,1.0,0.5
285.1,7,36.0,0.2026,1.6005833333333332,1.0,0.5000833333333333
285.1,8,38.0,0.2137,1.6077789473684212,1.0,0.5
285.6,6,34.0,0.1912,1.76555,1.0,0.5
285.6,7,38.0,0.2138,1.5942947368421054,1.0,0.5093333333333333
285.6,8,38.0,0.2137,1.5129868421052632,1.0,0.5
286.1,6,33.0,0.1856,1.7531575757575757,0.9897058823529412,0.5
286.1,7,40.0,0.22510000000000002,1.6522750000000002,1.0,0.5094166666666667
286.1,8,38.0,0.2137,1.6312421052631578,1.0,0.5
286.6,6,32.0,0.18,1.692625,0.9794117647058824,0.5
286.6,7,43.0,0.2419,1.5423162790697675,1.0,0.514
286.6,8,36.0,0.20249999999999999,1.6503944444444447,1.0,0.5
287.16,6,31.0,0.1744,1.698425806451613,0.9488954248366013,0.48444444444444446
287.16,7,45.0,0.2532,1.6079822222222222,1.0,0.5094166666666666
287.16,8,35.0,0.1969,1.5728457142857142,1.0,0.5
287.67,6,30.0,0.1688,2.07896,0.9183790849673203,0.4688888888888889
287.67,7,43.0,0.2419,1.6538348837209305,1.0,0.5
287.67,8,37.0,0.2082,1.7282297297297298,1.0,0.5094166666666666
288.17,6,27.0,0.1519,1.9099666666666668,0.8264689542483661,0.42194444444444446
288.17,7,43.0,0.2419,1.5280000000000002,1.0,0.5
288.17,8,37.0,0.2082,1.600418918918919,1.0,0.5
288.68,7,42.0,0.2363,1.5860666666666667,1.0,0.5
288.68,8,41.0,0.23070000000000002,1.6678731707317074,1.0,0.51875
289.18,7,43.0,0.2419,1.6529860465116277,1.0,0.5046666666666667
289.18,8,38.0,0.2138,1.7217,1.0,0.5
289.69,7,46.0,0.2587,1.6721260869565218,1.0,0.514
289.69,8,36.0,0.20249999999999999,1.6505472222222222,1.0,0.5
290.19,7,45.0,0.2532,1.6832022222222223,1.0,0.5
290.19,8,38.0,0.2137,1.584607894736842,1.0,0.5093333333333333
290.69,6,26.0,0.14629999999999999,1.6633076923076922,0.7959526143790849,0.40638888888888886
290.69,7,45.0,0.2532,1.5823666666666667,1.0,0.5
290.69,8,37.0,0.2081,1.5069,1.0,0.5
291.19,6,26.0,0.14629999999999999,1.6099730769230771,0.7959526143790849,0.40638888888888886
291.19,7,43.0,0.2419,1.5623813953488372,1.0,0.5
291.19,8,38.0,0.2138,1.6247,1.0,0.50475
291.69,6,27.0,0.15189999999999998,1.627925925925926,0.8264689542483659,0.42661111111111105
291.69,7,41.0,0.23070000000000002,1.5906560975609756,1.0,0.5
291.69,8,40.0,0.225,1.6733449999999999,1.0,0.5093333333333333
292.19,6,28.0,0.15760000000000002,1.6130071428571429,0.8573464052287583,0.44252777777777785
292.19,7,42.0,0.2363,1.6679642857142858,1.0,0.5046666666666667
292.19,8,39.0,0.2194,1.6361923076923075,1.0,0.5
292.69,6,30.0,0.1688,1.7902200000000001,0.9183790849673203,0.4782222222222222
292.69,7,40.0,0.22510000000000002,1.7439,1.0,0.5
292.69,8,40.0,0.2251,1.66086,1.0,0.50475
293.19,6,31.0,0.1744,1.6837258064516127,0.9488954248366013,0.4891111111111111
293.19,7,42.0,0.2363,1.6745333333333332,1.0,0.5093333333333333
293.19,8,38.0,0.21380000000000002,1.5020473684210525,1.0,0.5
293.7,6,33.0,0.18569999999999998,1.7234606060606061,0.9897058823529412,0.5094166666666666
293.7,7,37.0,0.2082,1.6386324324324326,1.0,0.5
293.7,8,38.0,0.21380000000000002,1.5515,1.0,0.5
294.2,6,35.0,0.19690000000000002,1.6785514285714285,1.0,0.5093333333333334
294.2,7,37.0,0.2082,1.6970648648648647,1.0,0.5
294.2,8,38.0,0.2138,1.4496,1.0,0.5
294.7,6,34.0,0.1913,1.7196529411764705,1.0,0.5
294.7,7,40.0,0.22499999999999998,1.6430150000000001,1.0,0.514
294.7,8,39.0,0.2194,1.4795,1.0,0.5046666666666667
295.2,6,31.0,0.1744,1.610732258064516,0.9488954248366013,0.48444444444444446
295.2,7,41.0,0.23070000000000002,1.7203463414634146,1.0,0.50475
295.2,8,40.0,0.225,1.6382,1.0,0.5046666666666667
295.7,6,29.0,0.1631,2.0323413793103446,0.8875016339869282,0.45305555555555554
295.7,7,41.0,0.23070000000000002,1.752519512195122,1.0,0.5
295.7,8,40.0,0.225,1.6048000000000002,1.0,0.5
296.2,6,28.0,0.1575,1.5884178571428573,0.856985294117647,0.4375
296.2,7,42.0,0.2363,1.736047619047619,1.0,0.5046666666666667
296.2,8,42.0,0.2363,1.5509,1.0,0.5094166666666666
296.7,6,27.0,0.1519,1.6525703703703702,0.8264689542483661,0.42194444444444446
296.7,7,41.0,0.2306,1.5746365853658537,1.0,0.5
296.7,8,41.0,0.2306,1.5461024390243903,1.0,0.5
297.2,6,28.0,0.1575,1.5708464285714285,0.856985294117647,0.44216666666666665
297.2,7,38.0,0.2138,1.6410526315789473,1.0,0.5
297.2,8,43.0,0.2419,1.5853418604651164,1.0,0.5094166666666666
297.7,6,32.0,0.18,1.7834343750000001,0.9794117647058824,0.51875
297.7,7,36.0,0.2025,1.7129166666666669,1.0,0.5
297.7,8,42.0,0.2362,1.720783333333333,1.0,0.5
298.2,6,30.0,0.1688,1.5619,0.9183790849673203,0.4688888888888889
298.2,7,37.0,0.2082,1.6109783783783784,1.0,0.50475
298.2,8,43.0,0.2419,1.557972093023256,1.0,0.50475
298.7,6,32.0,0.18009999999999998,1.63686875,0.9794117647058824,0.5094166666666666
298.7,7,38.0,0.2138,1.5896368421052631,1.0,0.5046666666666667
298.7,8,41.0,0.2306,1.4921536585365853,1.0,0.5
299.26,6,27.0,0.15189999999999998,1.595637037037037,0.8264689542483659,0.4219444444444444
299.26,7,40.0,0.22510000000000002,1.55745,1.0,0.5094166666666667
299.26,8,40.0,0.225,1.466165,1.0,0.5
299.76,6,28.0,0.1575,1.641142857142857,0.856985294117647,0.4421666666666667
299.76,7,42.0,0.2363,1.5074571428571428,1.0,0.5093333333333333
299.76,8,38.0,0.2138,1.5344,1.0,0.5
300.27,6,25.0,0.1407,1.4560400000000002,0.765436274509804,0.3908333333333333
300.27,7,44.0,0.2476,1.6075318181818181,1.0,0.5094166666666666
300.27,8,38.0,0.2137,1.5699631578947368,1.0,0.5
300.77,6,28.0,0.1575,1.4601857142857144,0.856985294117647,0.4515
300.77,7,42.0,0.2363,1.450507142857143,1.0,0.5
300.77,8,39.0,0.21939999999999998,1.5409564102564102,1.0,0.50475
301.28,6,32.0,0.18009999999999998,1.7024000000000001,0.9794117647058824,0.5188333333333334
301.28,7,41.0,0.2306,1.4804951219512195,1.0,0.5
301.28,8,38.0,0.2137,1.5138157894736841,1.0,0.5
301.78,6,32.0,0.18009999999999998,1.60925,0.9794117647058824,0.5
301.78,7,39.0,0.2194,1.5104000000000002,1.0,0.5
301.78,8,39.0,0.21939999999999998,1.467753846153846,1.0,0.50475
302.29,6,33.0,0.1856,1.5410181818181818,0.9897058823529412,0.5045833333333334
302.29,7,39.0,0.2194,1.4781,1.0,0.5
302.29,8,39.0,0.2194,1.6035,1.0,0.5
302.79,6,34.0,0.1913,1.6069382352941175,1.0,0.50475
302.79,7,39.0,0.21939999999999998,1.5246307692307692,1.0,0.5
302.79,8,39.0,0.2194,1.5833,1.0,0.5
303.29,6,36.0,0.2025,1.8781583333333332,1.0,0.5093333333333333
303.29,7,35.0,0.1969,1.6715314285714284,1.0,0.5
303.29,8,42.0,0.2363,1.5096,1.0,0.5140833333333333
303.79,6,32.0,0.18,1.992721875,0.9794117647058824,0.5
303.79,7,39.0,0.21939999999999998,1.6498743589743587,1.0,0.51875
303.79,8,39.0,0.2194,1.643,1.0,0.5
304.29,6,30.0,0.1688,1.7493200000000002,0.9183790849673203,0.4688888888888889
304.29,7,40.0,0.22510000000000002,1.587875,1.0,0.50475
304.29,8,40.0,0.225,1.4798,1.0,0.5046666666666667
304.79,6,31.0,0.1744,1.5253096774193549,0.9488954248366013,0.4891111111111111
304.79,7,38.0,0.2137,1.650371052631579,1.0,0.5
304.79,8,41.0,0.2306,1.5667073170731707,1.0,0.5046666666666667
305.3,6,33.0,0.1856,1.578881818181818,0.9897058823529412,0.5093333333333333
305.3,7,38.0,0.2138,1.684057894736842,1.0,0.5000833333333333
305.3,8,42.0,0.2362,1.5395261904761905,1.0,0.5046666666666667
305.8,6,31.0,0.1744,1.9115032258064515,0.9488954248366013,0.48444444444444446
305.8,7,39.0,0.2194,1.6571230769230767,1.0,0.5046666666666667
305.8,8,43.0,0.2419,1.6238697674418603,1.0,0.50475
306.3,6,31.0,0.1744,1.6746967741935483,0.9488954248366013,0.48444444444444446
306.3,7,37.0,0.2082,1.6700972972972972,1.0,0.5
306.3,8,43.0,0.2419,1.674332558139535,1.0,0.5
306.8,6,30.0,0.1687,1.5955800000000002,0.9180179738562091,0.4686111111111111
306.8,7,38.0,0.2138,1.6560894736842104,1.0,0.5046666666666667
306.8,8,45.0,0.2532,1.6807044444444443,1.0,0.5094166666666666
307.3,6,31.0,0.1744,1.6842967741935484,0.9488954248366013,0.4891944444444445
307.3,7,40.0,0.225,1.64906,1.0,0.5093333333333333
307.3,8,44.0,0.2475,1.6446000000000003,1.0,0.5
307.8,6,30.0,0.1688,1.61507,0.9183790849673203,0.4688888888888889
307.8,7,41.0,0.23070000000000002,1.7085731707317071,1.0,0.50475
307.8,8,43.0,0.2419,1.5537,1.0,0.5
308.3,6,31.0,0.1744,1.5843612903225808,0.9488954248366013,0.4891111111111111
308.3,7,42.0,0.2363,1.7982928571428571,1.0,0.5046666666666667
308.3,8,43.0,0.2419,1.5614,1.0,0.5
308.8,6,31.0,0.1744,1.5633483870967744,0.9488954248366013,0.48444444444444446
308.8,7,43.0,0.2419,1.863079069767442,1.0,0.5046666666666667
308.8,8,43.0,0.2419,1.6890000000000003,1.0,0.5
309.36,6,32.0,0.18,1.712675,0.9794117647058824,0.5046666666666667
309.36,7,41.0,0.23070000000000002,1.6255634146341462,1.0,0.5
309.36,8,42.0,0.2362,1.5402642857142859,1.0,0.5
309.87,6,33.0,0.1856,1.5392000000000001,0.9897058823529412,0.5046666666666667
309.87,7,39.0,0.2194,1.669153846153846,1.0,0.5
309.87,8,42.0,0.2362,1.725066666666667,1.0,0.5
310.37,6,34.0,0.1913,1.5474294117647058,1.0,0.50475
310.37,7,38.0,0.2137,1.6617026315789474,1.0,0.5
310.37,8,42.0,0.2363,1.7080214285714284,1.0,0.5000833333333333
310.88,6,34.0,0.1913,1.5220882352941179,1.0,0.5
310.88,7,38.0,0.2138,1.5451894736842107,1.0,0.5000833333333333
310.88,8,41.0,0.2307,1.6461243902439024,1.0,0.5
311.38,6,36.0,0.2026,1.6490611111111113,1.0,0.5094166666666666
311.38,7,36.0,0.20249999999999999,1.6293499999999999,1.0,0.5
311.38,8,42.0,0.2363,1.7258857142857142,1.0,0.5046666666666667
311.88,6,32.0,0.18,1.4978625,0.9794117647058824,0.5
311.88,7,38.0,0.2138,1.6674815789473685,1.0,0.5094166666666666
311.88,8,40.0,0.225,1.6948174999999999,1.0,0.5
312.39,6,30.0,0.1688,1.44372,0.9183790849673203,0.4688888888888889
312.39,7,40.0,0.22499999999999998,1.5382225000000003,1.0,0.5093333333333333
312.39,8,40.0,0.225,1.713465,1.0,0.5
312.89,6,32.0,0.18,1.6029875,0.9794117647058824,0.5093333333333333
312.89,7,38.0,0.2138,1.5966684210526316,1.0,0.5
312.89,8,41.0,0.2307,1.6717731707317076,1.0,0.50475
313.39,6,31.0,0.1744,1.5123419354838712,0.9488954248366013,0.48444444444444446
313.39,7,40.0,0.22499999999999998,1.5523525,1.0,0.5093333333333333
313.39,8,39.0,0.2194,1.6462,1.0,0.5
313.89,6,32.0,0.18,1.550284375,0.9794117647058824,0.5046666666666667
313.89,7,40.0,0.22499999999999998,1.59532,1.0,0.5
313.89,8,37.0,0.2081,1.595937837837838,1.0,0.5
314.39,6,29.0,0.16310000000000002,1.747603448275862,0.8875016339869282,0.45305555555555566
314.39,7,42.0,0.2362,1.5644857142857143,1.0,0.5093333333333333
314.39,8,39.0,0.21939999999999998,1.5908384615384616,1.0,0.5094166666666666
314.89,6,27.0,0.1519,1.5418888888888889,0.8264689542483661,0.42194444444444446
314.89,7,43.0,0.2419,1.5824953488372095,1.0,0.50475
314.89,8,40.0,0.2251,1.5475400000000001,1.0,0.50475
315.39,6,26.0,0.14629999999999999,1.4301153846153847,0.7959526143790849,0.40638888888888886
315.39,7,43.0,0.2419,1.5001697674418606,1.0,0.5
315.39,8,41.0,0.23070000000000002,1.5098073170731707,1.0,0.5046666666666667
315.9,6,27.0,0.1519,1.4975222222222224,0.8264689542483661,0.42661111111111116
315.9,7,42.0,0.2363,1.456257142857143,1.0,0.5
315.9,8,42.0,0.2363,1.5966047619047619,1.0,0.5046666666666667
316.4,6,25.0,0.1406,1.784852,0.765075163398693,0.3905555555555556
316.4,7,43.0,0.2419,1.4405581395348839,1.0,0.5046666666666667
316.4,8,42.0,0.2362,1.6132595238095238,1.0,0.5
316.9,6,29.0,0.1632,1.5455275862068967,0.8878627450980392,0.47216666666666673
316.9,7,41.0,0.2306,1.5126317073170732,1.0,0.5
316.9,8,43.0,0.2419,1.5741348837209301,1.0,0.50475
317.4,6,27.0,0.1519,1.822,0.8264689542483661,0.42194444444444446
317.4,7,41.0,0.23070000000000002,1.6035097560975609,1.0,0.5000833333333333
317.4,8,45.0,0.2532,1.5675755555555557,1.0,0.5094166666666666
317.9,6,26.0,0.1462,1.4843999999999997,0.7955915032679738,0.4061111111111111
317.9,7,42.0,0.2363,1.604095238095238,1.0,0.5046666666666667
317.9,8,44.0,0.24760000000000001,1.634290909090909,1.0,0.5
318.4,6,26.0,0.14629999999999999,1.381546153846154,0.7959526143790849,0.4064722222222222
318.4,7,44.0,0.2475,1.5573499999999998,1.0,0.5093333333333333
318.4,8,41.0,0.2307,1.625453658536585,1.0,0.5
318.9,6,28.0,0.1575,1.4993,0.856985294117647,0.44683333333333336
318.9,7,43.0,0.2419,1.6960372093023255,1.0,0.5
318.9,8,41.0,0.2307,1.6969146341463412,1.0,0.5
319.46,6,29.0,0.1631,1.4940068965517241,0.8875016339869282,0.4577222222222222
319.46,7,43.0,0.2419,1.5891116279069768,1.0,0.5
319.46,8,42.0,0.2363,1.5587642857142856,1.0,0.5046666666666667
319.97,6,33.0,0.1856,1.7163939393939391,0.9897058823529412,0.51875
319.97,7,41.0,0.2306,1.6882121951219513,1.0,0.5
319.97,8,42.0,0.2363,1.5626238095238096,1.0,0.5
320.47,6,33.0,0.1856,1.5677636363636362,0.9897058823529412,0.5
320.47,7,41.0,0.2306,1.679034146341463,1.0,0.5
320.47,8,41.0,0.2306,1.463990243902439,1.0,0.5
320.98,6,34.0,0.1912,1.5328,1.0,0.5046666666666667
320.98,7,39.0,0.21939999999999998,1.7176435897435898,1.0,0.5
320.98,8,40.0,0.2251,1.520545,1.0,0.5
321.48,6,35.0,0.1969,1.555257142857143,1.0,0.50475
321.48,7,39.0,0.21939999999999998,1.7701076923076922,1.0,0.5
321.48,8,41.0,0.2306,1.5666170731707314,1.0,0.5045833333333334
321.98,6,35.0,0.19690000000000002,1.9390542857142858,1.0,0.5
321.98,7,38.0,0.2138,1.7717052631578947,1.0,0.5
321.98,8,44.0,0.2475,1.6872136363636363,1.0,0.5140833333333333
322.48,6,36.0,0.2025,2.134027777777778,1.0,0.5046666666666667
322.48,7,38.0,0.2138,1.7878684210526317,1.0,0.5
322.48,8,42.0,0.2362,1.7271357142857142,1.0,0.5
322.99,6,34.0,0.1913,1.7270058823529413,1.0,0.5
322.99,7,39.0,0.2194,1.7801999999999998,1.0,0.5046666666666667
322.99,8,42.0,0.2362,1.6193904761904765,1.0,0.5
323.49,6,37.0,0.2081,1.8214675675675676,1.0,0.514
323.49,7,38.0,0.2138,1.709552631578947,1.0,0.5
323.49,8,42.0,0.2362,1.5677047619047617,1.0,0.5
323.99,6,36.0,0.2025,1.5516361111111112,1.0,0.5
323.99,7,36.0,0.2026,1.5083,1.0,0.5
323.99,8,42.0,0.2363,1.6330380952380952,1.0,0.5000833333333333
324.49,6,38.0,0.2138,1.45775,1.0,0.5094166666666666
324.49,7,36.0,0.2025,1.6117249999999999,1.0,0.5
324.49,8,41.0,0.2307,1.6594146341463416,1.0,0.5
324.99,6,39.0,0.21939999999999998,1.497625641025641,1.0,0.5046666666666667
324.99,7,34.0,0.19130000000000003,1.6390823529411767,1.0,0.5
324.99,8,42.0,0.2363,1.5182785714285714,1.0,0.5046666666666667
325.49,6,38.0,0.2138,1.4519684210526318,1.0,0.5
325.49,7,33.0,0.1856,1.7771363636363635,0.9897058823529412,0.5
325.49,8,44.0,0.2475,1.6591727272727275,1.0,0.5093333333333333
325.99,6,35.0,0.19690000000000002,1.5929285714285715,1.0,0.5
325.99,7,36.0,0.2025,1.708722222222222,1.0,0.5140833333333333
325.99,8,41.0,0.2307,1.655131707317073,1.0,0.5
326.5,6,37.0,0.2082,1.591335135135135,1.0,0.5094166666666666
326.5,7,37.0,0.2081,1.6723000000000001,1.0,0.5046666666666667
326.5,8,40.0,0.2251,1.65913,1.0,0.5
327.0,6,39.0,0.21939999999999998,1.5630076923076923,1.0,0.5093333333333333
327.0,7,37.0,0.2081,1.5783405405405406,1.0,0.5
327.0,8,39.0,0.2194,1.7192923076923075,1.0,0.5
327.5,6,39.0,0.21939999999999998,1.6156307692307692,1.0,0.5
327.5,7,40.0,0.225,1.615605,1.0,0.5140833333333333
327.5,8,39.0,0.21939999999999998,1.6616538461538464,1.0,0.5
328.0,6,39.0,0.21939999999999998,1.7381384615384614,1.0,0.5
328.0,7,41.0,0.23070000000000002,1.6689975609756098,1.0,0.50475
328.0,8,39.0,0.21939999999999998,1.6266435897435896,1.0,0.5
328.5,6,40.0,0.22499999999999998,1.6315300000000001,1.0,0.5046666666666667
328.5,7,37.0,0.2082,1.7033594594594597,1.0,0.5
328.5,8,41.0,0.2306,1.6414975609756097,1.0,0.5093333333333333
329.0,6,39.0,0.21939999999999998,1.685374358974359,1.0,0.5
329.0,7,39.0,0.2194,1.7658769230769233,1.0,0.5093333333333333
329.0,8,41.0,0.2306,1.6269414634146342,1.0,0.5
329.5,6,38.0,0.2138,1.5274,1.0,0.5
329.5,7,41.0,0.2306,1.7456146341463414,1.0,0.5093333333333333
329.5,8,41.0,0.2306,1.6281536585365854,1.0,0.5
330.06,6,40.0,0.2251,1.52517,1.0,0.5094166666666666
330.06,7,41.0,0.2306,1.7563146341463418,1.0,0.5
330.06,8,41.0,0.23070000000000002,1.5923024390243903,1.0,0.5000833333333333
330.58,6,40.0,0.22499999999999998,1.5361049999999998,1.0,0.5
330.58,7,40.0,0.22499999999999998,1.6900425000000001,1.0,0.5
330.58,8,42.0,0.2363,1.525552380952381,1.0,0.5046666666666667
331.08,6,39.0,0.21939999999999998,1.6684923076923077,1.0,0.5
331.08,7,39.0,0.21939999999999998,1.6495999999999997,1.0,0.5
331.08,8,42.0,0.2363,1.5770476190476188,1.0,0.5
331.58,6,41.0,0.23070000000000002,1.9645146341463413,1.0,0.5094166666666667
331.58,7,38.0,0.2137,1.7524763157894736,1.0,0.5
331.58,8,44.0,0.2475,1.5760545454545456,1.0,0.5093333333333333
332.09,6,41.0,0.23070000000000002,1.5802439024390242,1.0,0.5
332.09,7,37.0,0.2081,1.7461702702702702,1.0,0.5
332.09,8,42.0,0.2363,1.5228571428571427,1.0,0.5
332.59,6,39.0,0.21939999999999998,1.6274666666666666,1.0,0.5
332.59,7,37.0,0.2081,1.8437432432432435,1.0,0.5
332.59,8,43.0,0.2419,1.6125372093023256,1.0,0.5046666666666667
333.09,6,36.0,0.20249999999999999,1.5538249999999998,1.0,0.5
333.09,7,38.0,0.2137,1.6365500000000002,1.0,0.5046666666666667
333.09,8,42.0,0.2362,1.561895238095238,1.0,0.5
333.59,6,37.0,0.2082,1.5988594594594594,1.0,0.50475
333.59,7,36.0,0.20249999999999999,1.7542,1.0,0.5
333.59,8,41.0,0.2306,1.4835,1.0,0.5
334.09,6,39.0,0.2194,1.7407692307692308,1.0,0.5093333333333333
334.09,7,38.0,0.21380000000000002,1.7102631578947367,1.0,0.5094166666666667
334.09,8,37.0,0.2081,1.6149135135135135,1.0,0.5
334.59,6,39.0,0.2194,1.5374076923076923,1.0,0.5
334.59,7,36.0,0.2025,1.7847305555555555,1.0,0.5
334.59,8,39.0,0.21939999999999998,1.6069512820512821,1.0,0.5094166666666666
335.09,6,39.0,0.21939999999999998,1.4845538461538461,1.0,0.5
335.09,7,37.0,0.2082,1.625972972972973,1.0,0.50475
335.09,8,38.0,0.2137,1.582492105263158,1.0,0.5
335.59,6,41.0,0.2307,1.483778048780488,1.0,0.5094166666666666
335.59,7,33.0,0.18569999999999998,1.7084969696969698,0.9897058823529412,0.5
335.59,8,41.0,0.2306,1.6464682926829268,1.0,0.5140833333333333
336.09,6,42.0,0.2363,1.6462857142857144,1.0,0.5046666666666667
336.09,7,32.0,0.18,1.7209249999999998,0.9794117647058824,0.5
336.09,8,40.0,0.225,1.718105,1.0,0.5
336.59,6,39.0,0.21939999999999998,1.6366897435897436,1.0,0.5
336.59,7,34.0,0.1912,1.759179411764706,1.0,0.5093333333333333
336.59,8,41.0,0.2306,1.6204853658536587,1.0,0.5046666666666667
337.09,6,41.0,0.2306,1.6808024390243905,1.0,0.5093333333333333
337.09,7,33.0,0.18560000000000001,1.8195636363636365,0.9897058823529412,0.5
337.09,8,41.0,0.2306,1.632019512195122,1.0,0.5
337.59,6,40.0,0.225,1.5439500000000002,1.0,0.5
337.59,7,32.0,0.18,1.79731875,0.9794117647058824,0.5
337.59,8,41.0,0.2306,1.5452,1.0,0.5
338.1,6,39.0,0.21939999999999998,1.6381,1.0,0.5
338.1,7,34.0,0.1912,1.6788470588235294,1.0,0.5093333333333333
338.1,8,39.0,0.2194,1.4172,1.0,0.5
338.6,6,36.0,0.2025,1.7332333333333334,1.0,0.5
338.6,7,36.0,0.2025,1.723525,1.0,0.5094166666666666
338.6,8,40.0,0.225,1.4297,1.0,0.5046666666666667
339.1,6,34.0,0.1913,1.591835294117647,1.0,0.5
339.1,7,35.0,0.1969,1.7946000000000002,1.0,0.5
339.1,8,41.0,0.2306,1.5166390243902437,1.0,0.5046666666666667
339.6,6,36.0,0.2025,1.531488888888889,1.0,0.5093333333333333
339.6,7,32.0,0.18,1.5938937499999999,0.9794117647058824,0.5
339.6,8,42.0,0.2362,1.5276142857142858,1.0,0.5046666666666667
340.1,6,35.0,0.1969,1.5418657142857142,1.0,0.5
340.1,7,34.0,0.1913,1.751979411764706,1.0,0.5094166666666666
340.1,8,41.0,0.23070000000000002,1.637909756097561,1.0,0.5
340.6,6,34.0,0.19129999999999997,1.581055882352941,1.0,0.5
340.6,7,34.0,0.19130000000000003,1.8098470588235294,1.0,0.5
340.6,8,41.0,0.2306,1.6800268292682927,1.0,0.5
341.1,6,35.0,0.1969,2.09242,1.0,0.5046666666666667
341.1,7,33.0,0.1857,1.917009090909091,0.9897058823529412,0.5
341.1,8,41.0,0.2306,1.6791243902439024,1.0,0.5
341.6,6,34.0,0.19119999999999998,2.202347058823529,1.0,0.5
341.6,7,34.0,0.1913,1.7528235294117647,1.0,0.5046666666666667
341.6,8,39.0,0.21939999999999998,1.5771205128205128,1.0,0.5
342.16,6,33.0,0.1856,1.8254545454545452,0.9897058823529412,0.5
342.16,7,34.0,0.1913,1.6084411764705882,1.0,0.5
342.16,8,40.0,0.2251,1.6755300000000002,1.0,0.50475
342.66,6,29.0,0.1632,1.59728275862069,0.8878627450980392,0.45333333333333337
342.66,7,34.0,0.1913,1.6644705882352944,1.0,0.5
342.66,8,42.0,0.2363,1.6235476190476192,1.0,0.5093333333333333
343.16,6,31.0,0.1744,1.7620032258064517,0.9488954248366013,0.49377777777777776
343.16,7,33.0,0.1857,1.6531121212121214,0.9897058823529412,0.5
343.16,8,41.0,0.2306,1.7323975609756097,1.0,0.5
343.67,6,32.0,0.18,1.74689375,0.9794117647058824,0.5046666666666667
343.67,7,33.0,0.1857,1.5389818181818182,0.9897058823529412,0.5
343.67,8,40.0,0.225,1.5888,1.0,0.5
344.18,6,30.0,0.16870000000000002,1.5677233333333334,0.9180179738562093,0.4686111111111112
344.18,7,36.0,0.20249999999999999,1.6588444444444446,1.0,0.514
344.18,8,40.0,0.225,1.5289,1.0,0.5
344.68,6,30.0,0.16870000000000002,1.6664733333333335,0.9180179738562093,0.4686111111111112
344.68,7,35.0,0.1969,1.7202,1.0,0.5
344.68,8,42.0,0.2363,1.5182,1.0,0.5094166666666666
345.18,6,32.0,0.18,1.6894156249999999,0.9794117647058824,0.5094166666666666
345.18,7,33.0,0.1857,1.6899363636363636,0.9897058823529412,0.5
345.18,8,44.0,0.2475,1.5321999999999998,1.0,0.5093333333333333
345.68,6,31.0,0.1744,1.6585548387096773,0.9488954248366013,0.48444444444444446
345.68,7,35.0,0.1969,1.6209,1.0,0.5093333333333333
345.68,8,44.0,0.24760000000000001,1.5697454545454546,1.0,0.5000833333333333
346.18,6,29.0,0.1632,1.5655827586206896,0.8878627450980392,0.45333333333333337
346.18,7,39.0,0.21939999999999998,1.7159948717948719,1.0,0.51875
346.18,8,41.0,0.23070000000000002,1.456529268292683,1.0,0.5
346.69,6,30.0,0.16870000000000002,1.50369,0.9180179738562093,0.47319444444444453
346.69,7,36.0,0.20249999999999999,1.7056777777777776,1.0,0.5
346.69,8,45.0,0.2532,1.4901844444444445,1.0,0.5187499999999999
347.19,6,29.0,0.1632,1.600248275862069,0.8878627450980392,0.45333333333333337
347.19,7,36.0,0.2025,1.7083555555555556,1.0,0.5
347.19,8,45.0,0.2532,1.5903866666666668,1.0,0.5
347.7,6,29.0,0.1631,1.6063862068965518,0.8875016339869282,0.45305555555555554
347.7,7,34.0,0.1913,1.7790000000000001,1.0,0.5
347.7,8,48.0,0.27009999999999995,1.6202916666666667,1.0,0.5140833333333333
348.26,6,29.0,0.1632,1.5255758620689652,0.8878627450980392,0.4534166666666667
348.26,7,35.0,0.19690000000000002,1.6574714285714285,1.0,0.5046666666666667
348.26,8,47.0,0.26439999999999997,1.478106382978723,1.0,0.5
348.76,6,28.0,0.15760000000000002,1.8440142857142858,0.8573464052287583,0.4377777777777778
348.76,7,32.0,0.18,1.666325,0.9794117647058824,0.5
348.76,8,51.0,0.2869,1.5237549019607843,1.0,0.51875
349.27,6,28.0,0.15760000000000002,1.7235285714285715,0.8573464052287583,0.4377777777777778
349.27,7,32.0,0.18,1.6769500000000002,0.9794117647058824,0.5
349.27,8,50.0,0.2812,1.547434,1.0,0.5
349.77,6,28.0,0.1575,1.7256714285714287,0.856985294117647,0.4375
349.77,7,34.0,0.1913,1.7148088235294117,1.0,0.5094166666666666
349.77,8,49.0,0.2756,1.5500489795918366,1.0,0.5
350.27,6,28.0,0.1575,1.7402857142857147,0.856985294117647,0.4375
350.27,7,37.0,0.2081,1.726237837837838,1.0,0.514
350.27,8,48.0,0.27,1.5857,1.0,0.5
350.77,6,29.0,0.1631,1.9093103448275863,0.8875016339869282,0.4577222222222222
350.77,7,37.0,0.2081,1.671945945945946,1.0,0.5
350.77,8,49.0,0.2756,1.53,1.0,0.5046666666666667
351.28,6,30.0,0.1687,1.8390799999999998,0.9180179738562091,0.47327777777777774
351.28,7,36.0,0.20249999999999999,1.5752416666666664,1.0,0.5
351.28,8,49.0,0.2756,1.4562285714285714,1.0,0.5
351.78,6,26.0,0.1462,1.7396615384615386,0.7955915032679738,0.4061111111111111
351.78,7,38.0,0.2137,1.5718815789473684,1.0,0.5093333333333333
351.78,8,49.0,0.2757,1.4420816326530614,1.0,0.5000833333333333
352.28,6,26.0,0.14629999999999999,2.0955,0.7959526143790849,0.4064722222222222
352.28,7,39.0,0.2194,1.6463461538461537,1.0,0.50475
352.28,8,48.0,0.27,1.5128125000000001,1.0,0.5
352.78,6,25.0,0.1407,1.835588,0.765436274509804,0.3908333333333333
352.78,7,39.0,0.2194,1.6752307692307693,1.0,0.5
352.78,8,48.0,0.27,1.574175,1.0,0.5
353.28,7,40.0,0.22510000000000002,1.6808,1.0,0.50475
353.28,8,47.0,0.2644,1.5824170212765956,1.0,0.5
353.78,7,40.0,0.22510000000000002,1.6957,1.0,0.5
353.78,8,45.0,0.2532,1.6546400000000003,1.0,0.5
354.29,7,38.0,0.2138,1.634978947368421,1.0,0.5
354.29,8,42.0,0.2363,1.5049761904761905,1.0,0.5
354.79,7,37.0,0.2082,1.6560324324324325,1.0,0.5
354.79,8,45.0,0.2532,1.52904,1.0,0.5140833333333333
355.29,6,31.0,0.1744,1.706883870967742,0.9488954248366013,0.48444444444444446
355.29,7,38.0,0.2138,1.684386842105263,1.0,0.5046666666666667
355.29,8,46.0,0.25880000000000003,1.4863478260869565,1.0,0.5046666666666667
355.79,6,29.0,0.1632,1.5314862068965518,0.8878627450980392,0.45333333333333337
355.79,7,38.0,0.2137,1.6573736842105262,1.0,0.5
355.79,8,47.0,0.26439999999999997,1.532372340425532,1.0,0.5046666666666666
356.29,6,30.0,0.1688,1.794873333333333,0.9183790849673203,0.47355555555555556
356.29,7,38.0,0.2138,1.6443473684210526,1.0,0.5000833333333333
356.29,8,46.0,0.25880000000000003,1.43965,1.0,0.5
356.79,6,27.0,0.15189999999999998,1.7809925925925927,0.8264689542483659,0.4219444444444444
356.79,7,39.0,0.21939999999999998,1.8101435897435896,1.0,0.5046666666666667
356.79,8,45.0,0.2532,1.4349399999999999,1.0,0.5
357.29,6,27.0,0.15189999999999998,1.6633703703703704,0.8264689542483659,0.4219444444444444
357.29,7,39.0,0.21939999999999998,1.7145794871794873,1.0,0.5
357.29,8,45.0,0.2531,1.5057,1.0,0.5
357.79,6,26.0,0.14629999999999999,2.1352846153846157,0.7959526143790849,0.40638888888888886
357.79,7,39.0,0.21939999999999998,1.6113564102564102,1.0,0.5
357.79,8,46.0,0.2588,1.3291,1.0,0.50475
358.29,6,26.0,0.1462,1.7492000000000003,0.7955915032679738,0.4061111111111111
358.29,7,39.0,0.2194,1.6394615384615387,1.0,0.5
358.29,8,47.0,0.2644,1.3069,1.0,0.5046666666666667
358.79,6,25.0,0.1406,1.699692,0.765075163398693,0.3905555555555556
358.79,7,40.0,0.225,1.6730125,1.0,0.5046666666666667
358.79,8,47.0,0.2644,1.4591,1.0,0.5
359.3,6,27.0,0.15189999999999998,1.6383962962962964,0.8264689542483659,0.43136111111111103
359.3,7,40.0,0.22499999999999998,1.7599399999999998,1.0,0.5
359.3,8,47.0,0.2644,1.4666,1.0,0.5
359.8,6,28.0,0.1576,1.5563,0.8573464052287582,0.4425277777777778
359.8,7,38.0,0.2138,1.7841736842105262,1.0,0.5
359.8,8,48.0,0.27,1.4334916666666668,1.0,0.5046666666666667
360.3,6,28.0,0.1576,1.53125,0.8573464052287582,0.43777777777777777
360.3,7,37.0,0.2082,1.7661756756756757,1.0,0.5
360.3,8,48.0,0.27009999999999995,1.5705625,1.0,0.5000833333333333
360.86,6,31.0,0.1744,1.4777,0.9488954248366013,0.49844444444444447
360.86,7,35.0,0.19690000000000002,1.599222857142857,1.0,0.5
360.86,8,48.0,0.27,1.4729500000000002,1.0,0.5
361.36,6,31.0,0.1744,1.6780161290322582,0.9488954248366013,0.48444444444444446
361.36,7,34.0,0.1913,1.5512382352941174,1.0,0.5
361.36,8,48.0,0.27,1.6103250000000002,1.0,0.5
361.87,6,31.0,0.1744,1.712341935483871,0.9488954248366013,0.48444444444444446
361.87,7,35.0,0.19690000000000002,1.6190399999999998,1.0,0.5046666666666667
361.87,8,48.0,0.27,1.6639583333333334,1.0,0.5
362.38,6,31.0,0.1744,1.5897806451612901,0.9488954248366013,0.48444444444444446
362.38,7,36.0,0.2025,1.60485,1.0,0.5046666666666667
362.38,8,46.0,0.25880000000000003,1.5042326086956521,1.0,0.5
362.88,6,31.0,0.1744,1.6575645161290324,0.9488954248366013,0.48444444444444446
362.88,7,38.0,0.2138,1.718578947368421,1.0,0.5094166666666666
362.88,8,45.0,0.2531,1.5405111111111114,1.0,0.5
363.38,6,34.0,0.1913,1.7208882352941175,1.0,0.5140833333333333
363.38,7,35.0,0.19690000000000002,1.7145714285714284,1.0,0.5
363.38,8,43.0,0.2419,1.6340651162790696,1.0,0.5
363.89,6,35.0,0.19690000000000002,1.6215657142857143,1.0,0.5046666666666667
363.89,7,35.0,0.19690000000000002,1.6297514285714287,1.0,0.5
363.89,8,43.0,0.2419,1.6205697674418604,1.0,0.5
364.39,6,35.0,0.1969,1.8400571428571428,1.0,0.5
364.39,7,36.0,0.2026,1.6108777777777776,1.0,0.50475
364.39,8,43.0,0.2419,1.588720930232558,1.0,0.5
364.89,6,34.0,0.1913,1.7262147058823532,1.0,0.5
364.89,7,38.0,0.2138,1.6025315789473684,1.0,0.5093333333333333
364.89,8,42.0,0.2362,1.6272476190476193,1.0,0.5
365.39,6,32.0,0.18,1.588859375,0.9794117647058824,0.5
365.39,7,39.0,0.21939999999999998,1.5987717948717948,1.0,0.5046666666666667
365.39,8,40.0,0.225,1.5865625,1.0,0.5
365.89,6,32.0,0.18,1.64514375,0.9794117647058824,0.5
365.89,7,40.0,0.225,1.6003699999999998,1.0,0.5046666666666667
365.89,8,41.0,0.2306,1.5667073170731707,1.0,0.5046666666666667
366.4,6,31.0,0.1744,1.7429258064516129,0.9488954248366013,0.48444444444444446
366.4,7,45.0,0.2531,1.5946066666666667,1.0,0.5234166666666666
366.4,8,37.0,0.2081,1.6691594594594596,1.0,0.5
366.9,6,27.0,0.15189999999999998,1.686488888888889,0.8264689542483659,0.4219444444444444
366.9,7,47.0,0.26439999999999997,1.6426148936170213,1.0,0.5094166666666666
366.9,8,39.0,0.21939999999999998,1.5971717948717947,1.0,0.5094166666666666
367.4,6,30.0,0.1688,1.6631066666666667,0.9183790849673203,0.48297222222222225
367.4,7,48.0,0.27,1.6301958333333335,1.0,0.5046666666666667
367.4,8,36.0,0.20249999999999999,1.5854749999999997,1.0,0.5
367.9,6,32.0,0.18,1.42971875,0.9794117647058824,0.5093333333333333
367.9,7,45.0,0.2531,1.636313333333333,1.0,0.5
367.9,8,36.0,0.20249999999999999,1.498988888888889,1.0,0.5
368.4,6,30.0,0.1688,1.4122733333333335,0.9183790849673203,0.4688888888888889
368.4,7,48.0,0.2701,1.6787,1.0,0.5141666666666667
368.4,8,36.0,0.2025,1.4822,1.0,0.5
368.9,6,29.0,0.1631,1.4512379310344827,0.8875016339869282,0.45305555555555554
368.9,7,50.0,0.2813,1.5035919999999998,1.0,0.5093333333333333
368.9,8,35.0,0.1969,1.5861,1.0,0.5
369.4,6,29.0,0.1631,1.9251344827586205,0.8875016339869282,0.45305555555555554
369.4,7,49.0,0.27559999999999996,1.4764244897959182,1.0,0.5
369.4,8,37.0,0.2081,1.617989189189189,1.0,0.5093333333333333
369.9,6,30.0,0.1688,1.5917533333333334,0.9183790849673203,0.47363888888888894
369.9,7,48.0,0.27,1.4905229166666665,1.0,0.5
369.9,8,36.0,0.20249999999999999,1.5959305555555554,1.0,0.5
370.4,6,33.0,0.1856,1.6834878787878786,0.9897058823529412,0.514
370.4,7,43.0,0.2419,1.574446511627907,1.0,0.5
370.4,8,38.0,0.2137,1.6949210526315788,1.0,0.5093333333333333
370.9,6,32.0,0.18,1.772353125,0.9794117647058824,0.5
370.9,7,40.0,0.22499999999999998,1.5768974999999998,1.0,0.5
370.9,8,42.0,0.2362,1.7422809523809524,1.0,0.51875
371.4,6,32.0,0.18,1.800978125,0.9794117647058824,0.5
371.4,7,37.0,0.2081,1.4619243243243243,1.0,0.5
371.4,8,43.0,0.2419,1.6166767441860466,1.0,0.50475
371.96,6,32.0,0.18,1.7031718749999998,0.9794117647058824,0.5
371.96,7,38.0,0.2138,1.5911236842105263,1.0,0.50475
371.96,8,41.0,0.2307,1.6235682926829271,1.0,0.5
372.47,6,31.0,0.1744,1.5944677419354838,0.9488954248366013,0.48444444444444446
372.47,7,38.0,0.2138,1.5896631578947367,1.0,0.5
372.47,8,42.0,0.2363,1.570757142857143,1.0,0.5046666666666667
372.97,6,32.0,0.18009999999999998,1.66155,0.9794117647058824,0.50475
372.97,7,41.0,0.2306,1.5906658536585365,1.0,0.514
372.97,8,39.0,0.2194,1.6013,1.0,0.5
373.48,6,34.0,0.1913,1.743070588235294,1.0,0.5093333333333333
373.48,7,41.0,0.23059999999999997,1.5958999999999999,1.0,0.5
373.48,8,40.0,0.225,1.566,1.0,0.5046666666666667
373.98,6,34.0,0.19119999999999998,2.0528735294117646,1.0,0.5
373.98,7,42.0,0.2363,1.6818523809523809,1.0,0.50475
373.98,8,42.0,0.2363,1.5739,1.0,0.5094166666666666
374.49,6,31.0,0.1744,1.5932064516129032,0.9488954248366013,0.48444444444444446
374.49,7,47.0,0.2644,1.607695744680851,1.0,0.5234166666666666
374.49,8,38.0,0.2137,1.5619342105263159,1.0,0.5
374.99,6,31.0,0.1744,1.7791806451612904,0.9488954248366013,0.48444444444444446
374.99,7,44.0,0.2475,1.5847250000000002,1.0,0.5
374.99,8,39.0,0.21939999999999998,1.5087333333333333,1.0,0.50475
375.49,6,33.0,0.18569999999999998,1.7876333333333334,0.9897058823529412,0.5094166666666666
375.49,7,44.0,0.2475,1.6475159090909093,1.0,0.5
375.49,8,38.0,0.21380000000000002,1.6456526315789473,1.0,0.5
375.99,6,34.0,0.19129999999999997,1.685520588235294,1.0,0.5046666666666667
375.99,7,45.0,0.2531,1.64258,1.0,0.5046666666666667
375.99,8,38.0,0.2137,1.6454026315789472,1.0,0.5
376.49,6,35.0,0.1969,1.55224,1.0,0.5046666666666667
376.49,7,47.0,0.2644,1.694004255319149,1.0,0.5094166666666667
376.49,8,36.0,0.20249999999999999,1.6597250000000001,1.0,0.5
377.0,6,35.0,0.19690000000000002,1.7282,1.0,0.5
377.0,7,47.0,0.2644,1.586212765957447,1.0,0.5
377.0,8,35.0,0.1969,1.6950571428571426,1.0,0.5
377.5,6,37.0,0.2081,1.5896297297297297,1.0,0.5093333333333333
377.5,7,45.0,0.2531,1.6365355555555559,1.0,0.5
377.5,8,36.0,0.20249999999999999,1.5890777777777778,1.0,0.5046666666666667
378.0,6,39.0,0.21939999999999998,1.5966589743589743,1.0,0.5094166666666666
378.0,7,43.0,0.2419,1.5117441860465115,1.0,0.5
378.0,8,36.0,0.2026,1.6825277777777776,1.0,0.5000833333333333
378.5,6,34.0,0.1913,1.7428176470588235,1.0,0.5
378.5,7,44.0,0.2475,1.6971454545454543,1.0,0.5046666666666667
378.5,8,36.0,0.2026,1.599811111111111,1.0,0.5
379.0,6,32.0,0.18009999999999998,1.5365125000000002,0.9794117647058824,0.5
379.0,7,43.0,0.2419,1.5715534883720932,1.0,0.5
379.0,8,38.0,0.21380000000000002,1.5931894736842107,1.0,0.5093333333333333
379.56,6,36.0,0.2026,1.5675499999999998,1.0,0.51875
379.56,7,40.0,0.22499999999999998,1.5121425000000002,1.0,0.5
379.56,8,36.0,0.2025,1.5218,1.0,0.5
380.07,6,36.0,0.2026,1.65585,1.0,0.5
380.07,7,38.0,0.21380000000000002,1.582157894736842,1.0,0.5
380.07,8,38.0,0.2138,1.5834,1.0,0.5094166666666666
380.58,6,35.0,0.19690000000000002,1.48724,1.0,0.5
380.58,7,38.0,0.21380000000000002,1.4853684210526317,1.0,0.5
380.58,8,39.0,0.21939999999999998,1.5242051282051283,1.0,0.5046666666666667
381.08,6,32.0,0.18009999999999998,1.54924375,0.9794117647058824,0.5
381.08,7,41.0,0.2306,1.6464463414634147,1.0,0.514
381.08,8,40.0,0.225,1.6100124999999998,1.0,0.5046666666666667
381.58,6,34.0,0.1913,1.5929852941176472,1.0,0.5093333333333333
381.58,7,37.0,0.2081,1.5133324324324327,1.0,0.5
381.58,8,41.0,0.23070000000000002,1.5255829268292684,1.0,0.50475
382.09,6,32.0,0.18009999999999998,1.5092375,0.9794117647058824,0.5
382.09,7,38.0,0.21380000000000002,1.4603368421052632,1.0,0.50475
382.09,8,40.0,0.225,1.5330475,1.0,0.5
382.59,6,30.0,0.1688,1.5516466666666666,0.9183790849673203,0.4688888888888889
382.59,7,40.0,0.225,1.46148,1.0,0.5093333333333333
382.59,8,41.0,0.23070000000000002,1.591519512195122,1.0,0.50475
383.09,6,33.0,0.18569999999999998,1.6964848484848485,0.9897058823529412,0.5140833333333333
383.09,7,40.0,0.225,1.5571000000000002,1.0,0.5
383.09,8,40.0,0.225,1.63291,1.0,0.5
383.59,6,32.0,0.18,1.6598375,0.9794117647058824,0.5
383.59,7,41.0,0.23070000000000002,1.4099268292682925,1.0,0.50475
383.59,8,39.0,0.2194,1.5082923076923076,1.0,0.5
384.09,6,31.0,0.1744,1.6614677419354837,0.9488954248366013,0.48444444444444446
384.09,7,42.0,0.2363,1.4669285714285714,1.0,0.5046666666666667
384.09,8,38.0,0.2138,1.4868,1.0,0.5
384.6,6,31.0,0.1744,1.6467,0.9488954248366013,0.48444444444444446
384.6,7,42.0,0.2363,1.4837357142857144,1.0,0.5
384.6,8,37.0,0.2081,1.5579702702702702,1.0,0.5
385.1,6,33.0,0.1856,1.6956272727272728,0.9897058823529412,0.5093333333333333
385.1,7,39.0,0.2194,1.6029307692307693,1.0,0.5
385.1,8,39.0,0.2194,1.6939564102564104,1.0,0.5094166666666666
385.6,6,34.0,0.1913,1.6601705882352942,1.0,0.50475
385.6,7,39.0,0.21939999999999998,1.5606871794871795,1.0,0.5
385.6,8,39.0,0.2194,1.5844820512820514,1.0,0.5
386.1,6,38.0,0.21380000000000002,1.698457894736842,1.0,0.51875
386.1,7,37.0,0.2082,1.6628324324324324,1.0,0.5
386.1,8,38.0,0.21380000000000002,1.5120947368421054,1.0,0.5
386.6,6,40.0,0.225,1.728725,1.0,0.5093333333333333
386.6,7,35.0,0.1969,1.6218371428571428,1.0,0.5
386.6,8,38.0,0.21380000000000002,1.6175315789473685,1.0,0.5
387.1,6,40.0,0.225,1.6786999999999999,1.0,0.5
387.1,7,35.0,0.1969,1.5926200000000001,1.0,0.5
387.1,8,40.0,0.2251,1.78306,1.0,0.5094166666666666
387.66,6,38.0,0.2138,1.7519078947368418,1.0,0.5
387.66,7,38.0,0.2137,1.572807894736842,1.0,0.514
387.66,8,37.0,0.2081,1.5856,1.0,0.5
388.16,6,37.0,0.2081,1.538010810810811,1.0,0.5
388.16,7,39.0,0.2194,1.6043538461538462,1.0,0.50475
388.16,8,38.0,0.2138,1.6065,1.0,0.50475
388.67,6,32.0,0.18009999999999998,1.45825625,0.9794117647058824,0.5
388.67,7,42.0,0.2362,1.5897571428571429,1.0,0.514
388.67,8,36.0,0.2025,1.595,1.0,0.5
389.17,6,31.0,0.1744,1.5242806451612905,0.9488954248366013,0.48444444444444446
389.17,7,40.0,0.225,1.630895,1.0,0.5
389.17,8,39.0,0.2194,1.5279,1.0,0.5140833333333333
389.67,6,31.0,0.1744,1.4306225806451613,0.9488954248366013,0.48444444444444446
389.67,7,40.0,0.22499999999999998,1.62498,1.0,0.5
389.67,8,39.0,0.2194,1.575,1.0,0.5
390.18,6,30.0,0.1688,1.4872,0.9183790849673203,0.4688888888888889
390.18,7,40.0,0.22499999999999998,1.59522,1.0,0.5
390.18,8,38.0,0.2137,1.5242894736842105,1.0,0.5
390.68,6,30.0,0.1688,1.5308599999999999,0.9183790849673203,0.4688888888888889
390.68,7,38.0,0.2138,1.5076894736842104,1.0,0.5
390.68,8,40.0,0.225,1.5632025,1.0,0.5094166666666666
391.18,6,29.0,0.1632,1.5685655172413793,0.8878627450980392,0.45333333333333337
391.18,7,39.0,0.21939999999999998,1.5437923076923075,1.0,0.5046666666666667
391.18,8,40.0,0.225,1.5956000000000001,1.0,0.5
391.68,6,27.0,0.1519,1.7380444444444445,0.8264689542483661,0.42194444444444446
391.68,7,40.0,0.2251,1.6803899999999998,1.0,0.50475
391.68,8,39.0,0.21939999999999998,1.6063230769230772,1.0,0.5
392.19,6,25.0,0.1407,1.4630360000000002,0.765436274509804,0.3908333333333333
392.19,7,42.0,0.23629999999999998,1.6637833333333334,1.0,0.5093333333333333
392.19,8,40.0,0.225,1.4608,1.0,0.5046666666666667
392.69,6,26.0,0.1462,1.4983,0.7955915032679738,0.4106944444444444
392.69,7,43.0,0.2419,1.633993023255814,1.0,0.5046666666666667
392.69,8,38.0,0.2138,1.5322,1.0,0.5
393.19,6,27.0,0.15189999999999998,1.5159333333333334,0.8264689542483659,0.4266944444444444
393.19,7,42.0,0.2363,1.5159142857142858,1.0,0.5
393.19,8,36.0,0.2025,1.5293,1.0,0.5
393.69,6,29.0,0.16310000000000002,1.5478758620689654,0.8875016339869282,0.462388888888889
393.69,7,41.0,0.23060000000000003,1.5757780487804878,1.0,0.5
393.69,8,38.0,0.2138,1.5065,1.0,0.5094166666666666
394.19,6,29.0,0.16310000000000002,1.6165103448275862,0.8875016339869282,0.45305555555555566
394.19,7,42.0,0.2363,1.497957142857143,1.0,0.50475
394.19,8,38.0,0.2138,1.4832,1.0,0.5
394.69,6,28.0,0.1575,1.575314285714286,0.856985294117647,0.4375
394.69,7,42.0,0.2363,1.5958428571428573,1.0,0.5
394.69,8,39.0,0.2194,1.5884,1.0,0.5046666666666667
395.19,6,30.0,0.1688,1.5569966666666666,0.9183790849673203,0.4783055555555556
395.19,7,42.0,0.23629999999999998,1.6079095238095238,1.0,0.5
395.19,8,40.0,0.225,1.6016475,1.0,0.5046666666666667
395.69,6,30.0,0.1688,1.4550933333333333,0.9183790849673203,0.4688888888888889
395.69,7,41.0,0.23060000000000003,1.6044829268292682,1.0,0.5
395.69,8,39.0,0.21939999999999998,1.5349358974358975,1.0,0.5
396.19,6,31.0,0.1744,1.4161354838709677,0.9488954248366013,0.4891111111111111
396.19,7,40.0,0.2251,1.63745,1.0,0.5
396.19,8,42.0,0.2362,1.5231380952380953,1.0,0.514
396.69,6,31.0,0.1744,1.7556709677419355,0.9488954248366013,0.48444444444444446
396.69,7,41.0,0.23059999999999997,1.6339414634146343,1.0,0.5045833333333333
396.69,8,40.0,0.225,1.5805,1.0,0.5
397.19,6,31.0,0.1744,1.7285451612903227,0.9488954248366013,0.48444444444444446
397.19,7,40.0,0.22499999999999998,1.6260999999999999,1.0,0.5
397.19,8,40.0,0.225,1.6220724999999998,1.0,0.5
397.69,6,30.0,0.1688,1.4530500000000002,0.9183790849673203,0.4688888888888889
397.69,7,39.0,0.2194,1.5861230769230767,1.0,0.5
397.69,8,41.0,0.2306,1.6495658536585365,1.0,0.5046666666666667
398.2,6,30.0,0.16870000000000002,1.55481,0.9180179738562093,0.4686111111111112
398.2,7,38.0,0.2138,1.6798473684210529,1.0,0.5
398.2,8,42.0,0.2362,1.6079499999999998,1.0,0.5046666666666667
398.7,6,28.0,0.1575,1.4949000000000001,0.856985294117647,0.4375
398.7,7,39.0,0.21939999999999998,1.6141871794871796,1.0,0.5046666666666667
398.7,8,45.0,0.2531,1.6499822222222222,1.0,0.5140833333333333
399.2,6,29.0,0.1632,1.5293862068965516,0.8878627450980392,0.4580833333333334
399.2,7,38.0,0.2138,1.5920000000000003,1.0,0.5
399.2,8,44.0,0.2475,1.5574045454545455,1.0,0.5
399.7,6,33.0,0.18569999999999998,1.9445909090909093,0.9897058823529412,0.5187499999999999
399.7,7,35.0,0.19690000000000002,1.6932114285714286,1.0,0.5
399.7,8,44.0,0.2475,1.5622954545454546,1.0,0.5
400.2,6,29.0,0.1632,1.4143793103448274,0.8878627450980392,0.45333333333333337
400.2,7,37.0,0.2082,1.7385270270270268,1.0,0.5094166666666666
400.2,8,45.0,0.2531,1.5952422222222222,1.0,0.5046666666666667
400.7,6,30.0,0.1688,1.4756500000000001,0.9183790849673203,0.47355555555555556
400.7,7,37.0,0.2082,1.629881081081081,1.0,0.5
400.7,8,45.0,0.2531,1.5766222222222224,1.0,0.5
401.2,6,31.0,0.1744,1.4772387096774193,0.9488954248366013,0.4891111111111111
401.2,7,39.0,0.21939999999999998,1.775523076923077,1.0,0.5093333333333333
401.2,8,43.0,0.2419,1.5341953488372093,1.0,0.5
401.7,6,32.0,0.18,1.552625,0.9794117647058824,0.5046666666666667
401.7,7,39.0,0.2194,1.7191615384615386,1.0,0.5
401.7,8,45.0,0.2531,1.5182399999999998,1.0,0.5093333333333333
402.2,6,31.0,0.1744,1.5992032258064515,0.9488954248366013,0.48444444444444446
402.2,7,39.0,0.2194,1.7040615384615383,1.0,0.5
402.2,8,45.0,0.2531,1.6457088888888889,1.0,0.5
402.76,6,32.0,0.18,1.8390187500000001,0.9794117647058824,0.5046666666666667
402.76,7,41.0,0.23070000000000002,1.6615902439024388,1.0,0.5094166666666666
402.76,8,42.0,0.2363,1.509,1.0,0.5
403.26,6,30.0,0.1688,1.4976999999999998,0.9183790849673203,0.4688888888888889
403.26,7,41.0,0.23070000000000002,1.7552390243902438,1.0,0.5
403.26,8,44.0,0.2475,1.6342,1.0,0.5093333333333333
403.78,6,33.0,0.1856,1.502060606060606,0.9897058823529412,0.514
403.78,7,38.0,0.2138,1.6720315789473683,1.0,0.5
403.78,8,45.0,0.2531,1.5598,1.0,0.5046666666666667
404.28,6,33.0,0.1857,1.6994454545454547,0.9897058823529412,0.5000833333333333
404.28,7,37.0,0.2081,1.715827027027027,1.0,0.5
404.28,8,46.0,0.2588,1.5127,1.0,0.50475
404.79,6,32.0,0.18,1.4116499999999998,0.9794117647058824,0.5
404.79,7,36.0,0.2025,1.6046444444444445,1.0,0.5
404.79,8,45.0,0.2531,1.5221,1.0,0.5
405.3,6,30.0,0.1688,1.6052000000000002,0.9183790849673203,0.4688888888888889
405.3,7,39.0,0.21939999999999998,1.6367974358974358,1.0,0.5140833333333333
405.3,8,45.0,0.2531,1.5577822222222226,1.0,0.5
405.8,6,33.0,0.1857,1.8271909090909089,0.9897058823529412,0.5140833333333333
405.8,7,36.0,0.2026,1.6451333333333333,1.0,0.5
405.8,8,46.0,0.2587,1.594991304347826,1.0,0.5046666666666667
406.3,6,30.0,0.1688,1.5989,0.9183790849673203,0.4688888888888889
406.3,7,35.0,0.1969,1.5202971428571426,1.0,0.5
406.3,8,46.0,0.2587,1.6086304347826086,1.0,0.5
406.8,6,30.0,0.1688,1.7411,0.9183790849673203,0.4688888888888889
406.8,7,38.0,0.2138,1.4757026315789472,1.0,0.5140833333333333
406.8,8,46.0,0.2588,1.5358,1.0,0.5000833333333333
407.3,6,29.0,0.1631,1.6618517241379307,0.8875016339869282,0.45305555555555554
407.3,7,37.0,0.2082,1.4677621621621622,1.0,0.5
407.3,8,47.0,0.2644,1.4667999999999999,1.0,0.5046666666666667
407.8,6,31.0,0.1744,1.7543870967741937,0.9488954248366013,0.49386111111111114
407.8,7,35.0,0.1969,1.4333,1.0,0.5
407.8,8,45.0,0.2531,1.474,1.0,0.5
408.3,6,29.0,0.1631,1.709813793103448,0.8875016339869282,0.45305555555555554
408.3,7,38.0,0.2137,1.5688184210526315,1.0,0.514
408.3,8,46.0,0.2588,1.3578,1.0,0.50475
408.8,6,27.0,0.1519,1.6861111111111111,0.8264689542483661,0.42194444444444446
408.8,7,39.0,0.21939999999999998,1.699948717948718,1.0,0.50475
408.8,8,47.0,0.2644,1.4898,1.0,0.5046666666666667
409.36,6,29.0,0.1631,1.5619862068965518,0.8875016339869282,0.46238888888888885
409.36,7,37.0,0.2081,1.5304405405405406,1.0,0.5
409.36,8,45.0,0.2531,1.4135,1.0,0.5
409.36,19,25.0,0.1407,1.8785759999999998,0.765436274509804,0.3908333333333333
409.86,6,30.0,0.1688,1.60965,0.9183790849673203,0.47363888888888894
409.86,7,38.0,0.2137,1.5197710526315789,1.0,0.5046666666666667
409.86,8,45.0,0.2531,1.4434,1.0,0.5
409.86,19,25.0,0.1407,1.882944,0.765436274509804,0.3908333333333333
410.37,6,30.0,0.1688,1.7504,0.9183790849673203,0.4688888888888889
410.37,7,40.0,0.2251,1.603145,1.0,0.5095
410.37,8,45.0,0.2531,1.5119,1.0,0.5
410.88,6,30.0,0.1688,1.593273333333333,0.9183790849673203,0.4688888888888889
410.88,7,39.0,0.21939999999999998,1.6084153846153846,1.0,0.5
410.88,8,46.0,0.2588,1.4272,1.0,0.50475
411.38,6,32.0,0.18,1.5216625000000001,0.9794117647058824,0.5093333333333333
411.38,7,38.0,0.2138,1.5418763157894737,1.0,0.5
411.38,8,47.0,0.2644,1.4187,1.0,0.5046666666666667
411.88,6,31.0,0.1744,1.6393838709677417,0.9488954248366013,0.48444444444444446
411.88,7,39.0,0.21939999999999998,1.6066923076923076,1.0,0.5046666666666667
411.88,8,47.0,0.2644,1.6245,1.0,0.5
412.38,6,30.0,0.1688,1.47794,0.9183790849673203,0.4688888888888889
412.38,7,40.0,0.22499999999999998,1.59768,1.0,0.5046666666666667
412.38,8,46.0,0.2587,1.5056717391304346,1.0,0.5
412.89,6,33.0,0.1857,1.512981818181818,0.9897058823529412,0.5140833333333333
412.89,7,39.0,0.21939999999999998,1.4735307692307693,1.0,0.5
412.89,8,45.0,0.2531,1.455942222222222,1.0,0.5
413.39,6,29.0,0.1632,1.457655172413793,0.8878627450980392,0.45333333333333337
413.39,7,40.0,0.22499999999999998,1.4937925,1.0,0.5046666666666667
413.39,8,45.0,0.2531,1.6304533333333333,1.0,0.5
413.89,6,30.0,0.1687,1.5189166666666665,0.9180179738562091,0.4731944444444444
413.89,7,40.0,0.22499999999999998,1.4938175,1.0,0.5
413.89,8,47.0,0.26439999999999997,1.6545553191489364,1.0,0.5094166666666666
414.39,6,31.0,0.1744,1.612190322580645,0.9488954248366013,0.4891944444444445
414.39,7,37.0,0.2081,1.5957324324324322,1.0,0.5
414.39,8,46.0,0.2587,1.5496521739130433,1.0,0.5
414.89,6,32.0,0.18,1.63945625,0.9794117647058824,0.5046666666666667
414.89,7,37.0,0.2082,1.6989054054054054,1.0,0.5000833333333333
414.89,8,46.0,0.2587,1.5505391304347824,1.0,0.5
415.39,6,32.0,0.18009999999999998,1.4752375,0.9794117647058824,0.5000833333333333
415.39,7,37.0,0.2081,1.657091891891892,1.0,0.5
415.39,8,47.0,0.2644,1.4349,1.0,0.50475
415.89,6,31.0,0.1744,1.4059193548387097,0.9488954248366013,0.48444444444444446
415.89,7,38.0,0.2137,1.715028947368421,1.0,0.5046666666666667
415.89,8,46.0,0.2588,1.4648,1.0,0.5
416.4,6,31.0,0.1744,1.3642838709677418,0.9488954248366013,0.48444444444444446
416.4,7,38.0,0.2138,1.6479842105263158,1.0,0.5000833333333333
416.4,8,47.0,0.2644,1.5927,1.0,0.5046666666666667
416.9,6,33.0,0.1857,1.3619454545454546,0.9897058823529412,0.5094166666666666
416.9,7,36.0,0.2025,1.6216555555555554,1.0,0.5
416.9,8,49.0,0.2756,1.7498,1.0,0.5093333333333333
417.4,6,31.0,0.1744,1.313383870967742,0.9488954248366013,0.48444444444444446
417.4,7,37.0,0.2082,1.5725081081081078,1.0,0.50475
417.4,8,46.0,0.2587,1.5665108695652175,1.0,0.5
417.9,6,32.0,0.18009999999999998,1.30990625,0.9794117647058824,0.50475
417.9,7,39.0,0.21939999999999998,1.5616076923076925,1.0,0.5093333333333333
417.9,8,44.0,0.2475,1.6932818181818179,1.0,0.5
418.4,6,34.0,0.1913,1.4118470588235292,1.0,0.5093333333333333
418.4,7,41.0,0.23059999999999997,1.568558536585366,1.0,0.5093333333333333
418.4,8,43.0,0.2419,1.6006395348837206,1.0,0.5
418.9,6,34.0,0.1912,1.4316000000000002,1.0,0.5
418.9,7,41.0,0.23059999999999997,1.6226951219512193,1.0,0.5
418.9,8,43.0,0.2419,1.7060325581395348,1.0,0.5
419.4,6,34.0,0.1912,1.42025,1.0,0.5
419.4,7,41.0,0.2307,1.590580487804878,1.0,0.5000833333333333
419.4,8,43.0,0.2419,1.6442232558139536,1.0,0.5
419.9,6,35.0,0.19690000000000002,1.4378485714285714,1.0,0.50475
419.9,7,40.0,0.2251,1.54941,1.0,0.5
419.9,8,44.0,0.2475,1.59535,1.0,0.5046666666666667
420.46,6,34.0,0.1913,1.3620764705882353,1.0,0.5
420.46,7,42.0,0.2363,1.4441,1.0,0.5093333333333333
420.46,8,43.0,0.2419,1.5782627906976745,1.0,0.5
420.97,6,35.0,0.19690000000000002,1.4840142857142857,1.0,0.5046666666666667
420.97,7,41.0,0.2306,1.6429073170731707,1.0,0.5
420.97,8,43.0,0.2419,1.5852813953488374,1.0,0.5
421.47,6,39.0,0.21939999999999998,1.620397435897436,1.0,0.5187499999999999
421.47,7,36.0,0.2026,1.5893388888888889,1.0,0.5
421.47,8,44.0,0.24760000000000001,1.5915772727272726,1.0,0.50475
421.98,6,38.0,0.2138,1.7429105263157894,1.0,0.5
421.98,7,40.0,0.225,1.5915599999999999,1.0,0.5186666666666667
421.98,8,42.0,0.2363,1.5437,1.0,0.5
422.48,6,36.0,0.2025,1.5181083333333332,1.0,0.5
422.48,7,39.0,0.21939999999999998,1.6131410256410257,1.0,0.5
422.48,8,42.0,0.2362,1.5011214285714285,1.0,0.5
422.98,6,37.0,0.2081,1.4521540540540538,1.0,0.5046666666666667
422.98,7,39.0,0.21939999999999998,1.6282615384615384,1.0,0.5
422.98,8,44.0,0.2475,1.4122477272727272,1.0,0.5094166666666666
423.48,6,40.0,0.22499999999999998,1.5222425000000002,1.0,0.5140833333333333
423.48,7,36.0,0.2025,1.6892777777777779,1.0,0.5
423.48,8,44.0,0.2475,1.6358590909090909,1.0,0.5
423.98,6,38.0,0.2137,1.5045026315789471,1.0,0.5
423.98,7,36.0,0.2025,1.643736111111111,1.0,0.5
423.98,8,46.0,0.2588,1.6279434782608697,1.0,0.5094166666666666
424.48,6,39.0,0.21939999999999998,1.475897435897436,1.0,0.50475
424.48,7,34.0,0.1913,1.5652470588235294,1.0,0.5
424.48,8,46.0,0.25880000000000003,1.5883304347826086,1.0,0.5
424.99,6,37.0,0.2081,1.4384405405405407,1.0,0.5
424.99,7,37.0,0.2081,1.4885675675675676,1.0,0.514
424.99,8,43.0,0.2419,1.6532627906976745,1.0,0.5
425.49,6,38.0,0.2137,1.48825,1.0,0.5046666666666667
425.49,7,37.0,0.20809999999999998,1.451783783783784,1.0,0.5
425.49,8,43.0,0.2419,1.7011999999999998,1.0,0.5
425.99,6,37.0,0.2082,1.541454054054054,1.0,0.5
425.99,7,38.0,0.2137,1.4715394736842105,1.0,0.5046666666666667
425.99,8,42.0,0.23629999999999998,1.6440095238095238,1.0,0.5
426.49,6,38.0,0.2138,1.5041,1.0,0.5046666666666667
426.49,7,38.0,0.2137,1.6524394736842105,1.0,0.5
426.49,8,41.0,0.23060000000000003,1.60569756097561,1.0,0.5
426.99,6,37.0,0.2082,1.4554648648648647,1.0,0.5
426.99,7,39.0,0.21939999999999998,1.5348538461538463,1.0,0.50475
426.99,8,42.0,0.2363,1.6800571428571427,1.0,0.50475
427.5,6,39.0,0.21939999999999998,1.4445512820512822,1.0,0.5093333333333333
427.5,7,40.0,0.22510000000000002,1.5663,1.0,0.50475
427.5,8,41.0,0.2307,1.6139926829268292,1.0,0.5
428.0,6,42.0,0.2362,1.5242,1.0,0.514
428.0,7,39.0,0.2194,1.6174615384615385,1.0,0.5
428.0,8,41.0,0.2307,1.6718048780487804,1.0,0.5
428.5,6,43.0,0.2419,1.5701279069767442,1.0,0.50475
428.5,7,40.0,0.22499999999999998,1.58746,1.0,0.5046666666666666
428.5,8,39.0,0.21939999999999998,1.5557666666666667,1.0,0.5
429.0,6,40.0,0.225,1.4962500000000003,1.0,0.5
429.0,7,44.0,0.2475,1.6429113636363637,1.0,0.51875
429.0,8,38.0,0.2138,1.6668,1.0,0.5
429.5,6,37.0,0.2082,1.453089189189189,1.0,0.5
429.5,7,47.0,0.26439999999999997,1.6321936170212765,1.0,0.5140833333333333
429.5,8,37.0,0.2081,1.6791,1.0,0.5
430.0,6,37.0,0.2082,1.4417135135135135,1.0,0.5
430.0,7,49.0,0.27559999999999996,1.6002673469387756,1.0,0.5093333333333333
430.0,8,37.0,0.2081,1.607,1.0,0.5
430.5,6,36.0,0.2025,1.587988888888889,1.0,0.5
430.5,7,48.0,0.27,1.6638333333333335,1.0,0.5
430.5,8,37.0,0.2081,1.5373,1.0,0.5
431.0,6,35.0,0.1969,1.509542857142857,1.0,0.5
431.0,7,47.0,0.26439999999999997,1.671023404255319,1.0,0.5
431.0,8,36.0,0.2025,1.5787,1.0,0.5
431.56,6,36.0,0.2025,1.4005444444444446,1.0,0.5046666666666667
431.56,7,47.0,0.26439999999999997,1.659217021276596,1.0,0.5
431.56,8,37.0,0.2081,1.5522,1.0,0.5046666666666667
432.06,6,41.0,0.23060000000000003,1.4779341463414633,1.0,0.5234166666666666
432.06,7,41.0,0.2306,1.6073024390243902,1.0,0.5
432.06,8,39.0,0.21939999999999998,1.4236102564102564,1.0,0.5094166666666666
432.57,6,41.0,0.2306,1.5483,1.0,0.5
432.57,7,42.0,0.2363,1.7179285714285712,1.0,0.50475
432.57,8,38.0,0.2137,1.4643210526315789,1.0,0.5
433.08,6,43.0,0.2419,1.4673348837209301,1.0,0.5094166666666666
433.08,7,43.0,0.2419,1.6444139534883722,1.0,0.5046666666666667
433.08,8,36.0,0.20249999999999999,1.4838166666666666,1.0,0.5
433.58,6,42.0,0.2363,1.446985714285714,1.0,0.5
433.58,7,45.0,0.2532,1.628077777777778,1.0,0.5094166666666666
433.58,8,34.0,0.1913,1.5936,1.0,0.5
434.08,6,42.0,0.2363,1.6077666666666668,1.0,0.5
434.08,7,46.0,0.2588,1.6235739130434785,1.0,0.5046666666666667
434.08,8,35.0,0.1969,1.6431,1.0,0.5046666666666667
434.58,6,42.0,0.2363,1.4765333333333333,1.0,0.5
434.58,7,42.0,0.2363,1.5852333333333335,1.0,0.5
434.58,8,37.0,0.2081,1.5083,1.0,0.5093333333333333
435.09,6,39.0,0.21939999999999998,1.5223102564102562,1.0,0.5
435.09,7,44.0,0.2475,1.588925,1.0,0.5093333333333333
435.09,8,38.0,0.2138,1.4246,1.0,0.50475
435.59,6,41.0,0.2306,1.8762463414634145,1.0,0.5093333333333333
435.59,7,43.0,0.2419,1.6118000000000001,1.0,0.5
435.59,8,39.0,0.2194,1.5166,1.0,0.5046666666666667
436.09,6,41.0,0.2306,1.5598463414634145,1.0,0.5
436.09,7,41.0,0.23070000000000002,1.5693268292682927,1.0,0.5
436.09,8,39.0,0.2194,1.514,1.0,0.5
436.6,6,44.0,0.2475,1.669368181818182,1.0,0.5140833333333333
436.6,7,40.0,0.22499999999999998,1.5534675,1.0,0.5
436.6,8,36.0,0.2025,1.4952,1.0,0.5
437.1,6,45.0,0.2531,1.5087088888888887,1.0,0.5046666666666667
437.1,7,38.0,0.2138,1.4978315789473684,1.0,0.5
437.1,8,38.0,0.2138,1.5358,1.0,0.5094166666666666
437.6,6,43.0,0.2419,1.5186465116279069,1.0,0.5
437.6,7,37.0,0.2082,1.582108108108108,1.0,0.5
437.6,8,38.0,0.2138,1.5798,1.0,0.5
438.1,6,42.0,0.2363,1.5037,1.0,0.5
438.1,7,38.0,0.2137,1.6589947368421054,1.0,0.5045833333333334
438.1,8,38.0,0.2137,1.6365473684210528,1.0,0.5
438.6,6,42.0,0.23620000000000002,1.528390476190476,1.0,0.5
438.6,7,38.0,0.2138,1.6630315789473684,1.0,0.5000833333333333
438.6,8,37.0,0.2081,1.5446459459459458,1.0,0.5
439.16,6,39.0,0.21939999999999998,1.3815256410256411,1.0,0.5
439.16,7,40.0,0.22499999999999998,1.60717,1.0,0.5093333333333333
439.16,8,38.0,0.2138,1.5697,1.0,0.50475
439.67,6,43.0,0.2419,1.6858558139534887,1.0,0.51875
439.67,7,36.0,0.2026,1.6862333333333335,1.0,0.5
439.67,8,40.0,0.225,1.661025,1.0,0.5093333333333333
440.17,6,41.0,0.2307,1.4969512195121952,1.0,0.5
440.17,7,36.0,0.2026,1.5976,1.0,0.5
440.17,8,41.0,0.2306,1.561641463414634,1.0,0.5046666666666667
440.68,6,41.0,0.2306,1.527360975609756,1.0,0.5
440.68,7,37.0,0.2082,1.636610810810811,1.0,0.5046666666666667
440.68,8,41.0,0.2306,1.5482292682926828,1.0,0.5
441.18,6,38.0,0.2138,1.4397894736842105,1.0,0.5
441.18,7,39.0,0.21939999999999998,1.7851128205128204,1.0,0.5093333333333333
441.18,8,40.0,0.225,1.54314,1.0,0.5
441.68,6,36.0,0.2025,1.462988888888889,1.0,0.5
441.68,7,40.0,0.225,1.8009499999999998,1.0,0.5046666666666667
441.68,8,41.0,0.2306,1.547329268292683,1.0,0.5046666666666667
442.18,6,36.0,0.2025,1.5574000000000001,1.0,0.5
442.18,7,40.0,0.22510000000000002,1.845425,1.0,0.5000833333333333
442.18,8,42.0,0.2362,1.524902380952381,1.0,0.5046666666666667
442.68,6,33.0,0.18569999999999998,1.4960333333333333,0.9897058823529412,0.5
442.68,7,41.0,0.23070000000000002,1.7063097560975609,1.0,0.5046666666666667
442.68,8,41.0,0.2306,1.4615756097560975,1.0,0.5
443.18,6,34.0,0.1913,1.5597235294117646,1.0,0.5046666666666667
443.18,7,40.0,0.22510000000000002,1.855075,1.0,0.5
443.18,8,42.0,0.2362,1.6267333333333336,1.0,0.5046666666666667
443.69,6,37.0,0.2082,1.535291891891892,1.0,0.5140833333333333
443.69,7,36.0,0.2025,1.7107,1.0,0.5
443.69,8,43.0,0.2419,1.480625581395349,1.0,0.50475
444.19,6,33.0,0.1856,1.5146666666666666,0.9897058823529412,0.5
444.19,7,37.0,0.2081,1.6661729729729728,1.0,0.5046666666666667
444.19,8,44.0,0.24760000000000001,1.6384181818181818,1.0,0.50475
444.69,6,34.0,0.1912,1.8067000000000002,1.0,0.5046666666666667
444.69,7,38.0,0.2137,1.7498500000000003,1.0,0.5046666666666667
444.69,8,42.0,0.2362,1.5806976190476192,1.0,0.5
445.19,6,35.0,0.19690000000000002,1.7881914285714287,1.0,0.50475
445.19,7,36.0,0.2025,1.689311111111111,1.0,0.5
445.19,8,43.0,0.2419,1.509946511627907,1.0,0.50475
445.69,6,34.0,0.1913,1.5401588235294117,1.0,0.5
445.69,7,36.0,0.2025,1.7374999999999998,1.0,0.5
445.69,8,44.0,0.2475,1.5385613636363635,1.0,0.5046666666666667
446.19,6,31.0,0.1744,1.7431129032258066,0.9488954248366013,0.48444444444444446
446.19,7,39.0,0.21939999999999998,1.6672820512820512,1.0,0.5140833333333333
446.19,8,42.0,0.2362,1.6952690476190477,1.0,0.5
446.7,6,28.0,0.1575,1.5515214285714285,0.856985294117647,0.4375
446.7,7,42.0,0.2363,1.709285714285714,1.0,0.5140833333333333
446.7,8,40.0,0.225,1.6545099999999997,1.0,0.5
447.2,6,32.0,0.18,1.46225,0.9794117647058824,0.51875
447.2,7,40.0,0.22499999999999998,1.6003525,1.0,0.5
447.2,8,38.0,0.2137,1.4656710526315788,1.0,0.5
447.7,6,32.0,0.18,1.4168656249999998,0.9794117647058824,0.5
447.7,7,38.0,0.2138,1.5569052631578948,1.0,0.5
447.7,8,41.0,0.2306,1.553919512195122,1.0,0.5140833333333333
448.2,6,34.0,0.1912,1.4716,1.0,0.5093333333333333
448.2,7,37.0,0.2081,1.469972972972973,1.0,0.5
448.2,8,39.0,0.2194,1.620669230769231,1.0,0.5
448.7,6,35.0,0.19690000000000002,1.5022914285714286,1.0,0.50475
448.7,7,39.0,0.21939999999999998,1.4822487179487178,1.0,0.5094166666666666
448.7,8,40.0,0.225,1.65976,1.0,0.5046666666666667
449.2,6,38.0,0.2137,1.6507315789473684,1.0,0.514
449.2,7,38.0,0.2138,1.5083315789473684,1.0,0.5
449.2,8,37.0,0.2082,1.5738108108108109,1.0,0.5
449.7,6,39.0,0.2194,1.6968846153846153,1.0,0.50475
449.7,7,40.0,0.22499999999999998,1.4380400000000002,1.0,0.5093333333333333
449.7,8,35.0,0.1969,1.7115085714285714,1.0,0.5
450.2,6,38.0,0.2137,1.810178947368421,1.0,0.5
450.2,7,42.0,0.2363,1.6222428571428569,1.0,0.5094166666666667
450.2,8,35.0,0.1969,1.718057142857143,1.0,0.5
450.2,9,25.0,0.1406,1.7375,0.765075163398693,0.3905555555555556
450.7,6,37.0,0.2081,1.761927027027027,1.0,0.5
450.7,7,44.0,0.2476,1.6193954545454545,1.0,0.5094166666666666
450.7,8,35.0,0.1969,1.661217142857143,1.0,0.5
451.2,6,37.0,0.2081,1.815545945945946,1.0,0.5
451.2,7,46.0,0.2588,1.5500021739130434,1.0,0.5093333333333333
451.2,8,34.0,0.19119999999999998,1.7260000000000002,1.0,0.5
451.76,6,38.0,0.2138,1.6449236842105261,1.0,0.50475
451.76,7,44.0,0.2475,1.553609090909091,1.0,0.5
451.76,8,35.0,0.1969,1.5628,1.0,0.50475
452.27,6,39.0,0.2194,1.753476923076923,1.0,0.5046666666666667
452.27,7,43.0,0.2419,1.6341023255813953,1.0,0.5
452.27,8,36.0,0.2025,1.6165,1.0,0.5046666666666667
452.27,9,25.0,0.1406,1.771,0.765075163398693,0.3905555555555556
452.77,6,38.0,0.2138,1.6766526315789474,1.0,0.5
452.77,7,44.0,0.2476,1.5319000000000003,1.0,0.50475
452.77,8,35.0,0.1969,1.5263,1.0,0.5
452.77,9,26.0,0.1463,1.9912,0.795952614379085,0.411138888888889
453.28,6,39.0,0.2194,1.6230923076923076,1.0,0.5046666666666667
453.28,7,42.0,0.2363,1.5256309523809526,1.0,0.5
453.28,8,35.0,0.1969,1.49,1.0,0.5
453.28,9,27.0,0.1519,1.733,0.8264689542483661,0.4266111111111111
453.78,6,38.0,0.21380000000000002,1.7652947368421052,1.0,0.5
453.78,7,44.0,0.2475,1.5816636363636363,1.0,0.5093333333333333
453.78,8,36.0,0.2025,1.5241,1.0,0.5046666666666667
453.78,9,25.0,0.1406,1.8444999999999998,0.765075163398693,0.3905555555555556
454.28,6,36.0,0.2025,1.5948333333333333,1.0,0.5
454.28,7,43.0,0.2419,1.587393023255814,1.0,0.5
454.28,8,35.0,0.1969,1.6256,1.0,0.5
454.28,9,25.0,0.1406,1.8033999999999997,0.765075163398693,0.3905555555555556
454.78,6,37.0,0.2081,1.6861486486486488,1.0,0.5046666666666667
454.78,7,39.0,0.2194,1.6938,1.0,0.5
454.78,8,39.0,0.2194,1.6699,1.0,0.51875
455.28,6,35.0,0.19690000000000002,1.7190057142857142,1.0,0.5
455.28,7,43.0,0.2419,1.6214023255813952,1.0,0.51875
455.28,8,38.0,0.2138,1.6322,1.0,0.5
455.78,6,34.0,0.19129999999999997,1.6972235294117646,1.0,0.5
455.78,7,41.0,0.2306,1.546651219512195,1.0,0.5
455.78,8,40.0,0.225,1.56,1.0,0.5093333333333333
456.29,6,37.0,0.2081,1.7078486486486486,1.0,0.514
456.29,7,39.0,0.21939999999999998,1.663502564102564,1.0,0.5
456.29,8,40.0,0.225,1.5155,1.0,0.5
456.79,6,38.0,0.2138,1.7917894736842104,1.0,0.50475
456.79,7,38.0,0.2138,1.6720263157894737,1.0,0.5
456.79,8,39.0,0.2194,1.6774,1.0,0.5
457.29,6,35.0,0.1969,1.8231600000000001,1.0,0.5
457.29,7,38.0,0.2138,1.705663157894737,1.0,0.5
457.29,8,39.0,0.21939999999999998,1.6484051282051284,1.0,0.5
457.79,6,34.0,0.19119999999999998,1.3806058823529412,1.0,0.5
457.79,7,36.0,0.2025,1.6615,1.0,0.5
457.79,8,41.0,0.23070000000000002,1.6482756097560973,1.0,0.5094166666666667
458.29,6,33.0,0.1856,1.3916242424242422,0.9897058823529412,0.5
458.29,7,34.0,0.1913,1.763970588235294,1.0,0.5
458.29,8,45.0,0.2532,1.6140333333333334,1.0,0.5187499999999999
458.79,6,36.0,0.2026,1.4132777777777779,1.0,0.5141666666666667
458.79,7,33.0,0.1857,1.6812636363636362,0.9897058823529412,0.5
458.79,8,44.0,0.24760000000000001,1.6542909090909093,1.0,0.5
459.29,6,38.0,0.2138,1.4777894736842105,1.0,0.5093333333333333
459.29,7,31.0,0.1744,1.7409419354838709,0.9488954248366013,0.48444444444444446
459.29,8,45.0,0.2532,1.610977777777778,1.0,0.5046666666666666
459.79,6,37.0,0.2082,1.5966135135135133,1.0,0.5
459.79,7,33.0,0.1857,1.6813636363636364,0.9897058823529412,0.5094166666666666
459.79,8,43.0,0.2419,1.6072023255813954,1.0,0.5
460.29,6,36.0,0.2025,1.5154555555555556,1.0,0.5
460.29,7,33.0,0.1856,1.6913303030303029,0.9897058823529412,0.5
460.29,8,42.0,0.2363,1.6329,1.0,0.5
460.79,6,36.0,0.2026,1.5955500000000002,1.0,0.5000833333333333
460.79,7,33.0,0.1857,1.671839393939394,0.9897058823529412,0.5000833333333333
460.79,8,43.0,0.2419,1.4811,1.0,0.5046666666666667
461.29,6,36.0,0.2025,1.7176555555555555,1.0,0.5
461.29,7,34.0,0.1913,1.652894117647059,1.0,0.5046666666666667
461.29,8,43.0,0.2419,1.5842999999999998,1.0,0.5
461.79,6,32.0,0.18009999999999998,1.4062875000000001,0.9794117647058824,0.5
461.79,7,33.0,0.1857,1.7920545454545453,0.9897058823529412,0.5
461.79,8,44.0,0.2475,1.6141386363636363,1.0,0.5046666666666667
462.29,6,32.0,0.18,1.31324375,0.9794117647058824,0.5
462.29,7,34.0,0.19130000000000003,1.7794411764705884,1.0,0.5046666666666667
462.29,8,46.0,0.2588,1.6267434782608694,1.0,0.5094166666666666
462.8,6,33.0,0.1856,1.4823363636363638,0.9897058823529412,0.5046666666666667
462.8,7,35.0,0.1969,1.65088,1.0,0.5046666666666666
462.8,8,44.0,0.24760000000000001,1.6153863636363637,1.0,0.5
463.3,6,31.0,0.1744,1.7076967741935485,0.9488954248366013,0.48444444444444446
463.3,7,35.0,0.1969,1.7088799999999997,1.0,0.5
463.3,8,45.0,0.2532,1.5615088888888888,1.0,0.5046666666666666
463.8,6,30.0,0.1688,1.7882199999999997,0.9183790849673203,0.4688888888888889
463.8,7,33.0,0.1857,1.6240939393939395,0.9897058823529412,0.5
463.8,8,48.0,0.27009999999999995,1.5395,1.0,0.5140833333333333
464.3,6,30.0,0.16870000000000002,1.6494099999999998,0.9180179738562093,0.4686111111111112
464.3,7,36.0,0.2025,1.5419500000000002,1.0,0.514
464.3,8,46.0,0.2587,1.5991608695652173,1.0,0.5
464.8,6,29.0,0.1631,1.596634482758621,0.8875016339869282,0.45305555555555554
464.8,7,36.0,0.2025,1.5108000000000001,1.0,0.5
464.8,8,46.0,0.2587,1.564658695652174,1.0,0.5
465.3,6,30.0,0.1688,1.68755,0.9183790849673203,0.47363888888888894
465.3,7,35.0,0.19690000000000002,1.5827114285714288,1.0,0.5
465.3,8,46.0,0.2588,1.4786,1.0,0.5000833333333333
465.8,6,31.0,0.1744,1.6672709677419355,0.9488954248366013,0.4891111111111111
465.8,7,36.0,0.2025,1.71095,1.0,0.5046666666666667
465.8,8,47.0,0.2644,1.6185,1.0,0.5046666666666667
466.3,6,29.0,0.16310000000000002,1.6647551724137932,0.8875016339869282,0.45305555555555566
466.3,7,35.0,0.19690000000000002,1.582817142857143,1.0,0.5
466.3,8,48.0,0.27,1.5218999999999998,1.0,0.5046666666666667
466.86,6,30.0,0.16870000000000002,1.6526966666666667,0.9180179738562093,0.47327777777777785
466.86,7,35.0,0.19690000000000002,1.6394857142857144,1.0,0.5
466.86,8,49.0,0.2756,1.493048979591837,1.0,0.5046666666666667
467.36,6,30.0,0.1688,1.8571,0.9183790849673203,0.46897222222222223
467.36,7,37.0,0.2082,1.6621108108108111,1.0,0.5094166666666666
467.36,8,47.0,0.26439999999999997,1.562312765957447,1.0,0.5
467.87,6,29.0,0.1632,1.8957862068965519,0.8878627450980392,0.45333333333333337
467.87,7,39.0,0.21939999999999998,1.7749948717948716,1.0,0.5093333333333333
467.87,8,44.0,0.2475,1.5379000000000003,1.0,0.5
468.37,6,30.0,0.1688,1.80733,0.9183790849673203,0.47355555555555556
468.37,7,39.0,0.21939999999999998,1.6285410256410258,1.0,0.5
468.37,8,44.0,0.2475,1.4265,1.0,0.5
468.87,6,27.0,0.15189999999999998,1.6949962962962961,0.8264689542483659,0.4219444444444444
468.87,7,38.0,0.2138,1.6684894736842104,1.0,0.5
468.87,8,47.0,0.2644,1.4751,1.0,0.5140833333333333
469.38,6,28.0,0.15760000000000002,2.008528571428571,0.8573464052287583,0.44252777777777785
469.38,7,38.0,0.2137,1.6277236842105265,1.0,0.5
469.38,8,47.0,0.2644,1.535,1.0,0.5
469.88,7,40.0,0.22510000000000002,1.6756249999999997,1.0,0.5095000000000001
469.88,8,47.0,0.2644,1.5697,1.0,0.5
470.38,7,39.0,0.21939999999999998,1.614346153846154,1.0,0.5
470.38,8,46.0,0.2588,1.4531,1.0,0.5
470.89,7,37.0,0.2082,1.539,1.0,0.5
470.89,8,47.0,0.26439999999999997,1.5765702127659578,1.0,0.5046666666666667
471.39,6,27.0,0.1519,1.8903074074074073,0.8264689542483661,0.42661111111111116
471.39,7,40.0,0.22499999999999998,1.6022624999999997,1.0,0.514
471.39,8,44.0,0.24760000000000001,1.6051954545454543,1.0,0.5
471.89,7,38.0,0.2138,1.5022421052631578,1.0,0.5
471.89,8,46.0,0.25880000000000003,1.5908521739130437,1.0,0.5093333333333333
472.39,7,39.0,0.21939999999999998,1.480674358974359,1.0,0.5046666666666667
472.39,8,45.0,0.2531,1.621671111111111,1.0,0.5
472.89,7,38.0,0.2138,1.354078947368421,1.0,0.5
472.89,8,45.0,0.2532,1.5872266666666663,1.0,0.5000833333333333
473.39,6,29.0,0.1632,1.6528896551724137,0.8878627450980392,0.458
473.39,7,36.0,0.20249999999999999,1.5188666666666668,1.0,0.5
473.39,8,45.0,0.2532,1.56786,1.0,0.5
473.89,6,27.0,0.15189999999999998,1.7000481481481482,0.8264689542483659,0.4219444444444444
473.89,7,36.0,0.2025,1.4745027777777777,1.0,0.5
473.89,8,47.0,0.26439999999999997,1.6029021276595745,1.0,0.5093333333333333
474.39,6,27.0,0.15189999999999998,1.4310555555555555,0.8264689542483659,0.4219444444444444
474.39,7,38.0,0.2137,1.5368236842105263,1.0,0.5093333333333333
474.39,8,43.0,0.2419,1.583990697674419,1.0,0.5
474.89,6,26.0,0.14629999999999999,1.4839384615384614,0.7959526143790849,0.40638888888888886
474.89,7,40.0,0.22499999999999998,1.5195725000000002,1.0,0.5094166666666666
474.89,8,43.0,0.2419,1.4812139534883721,1.0,0.5
475.4,6,26.0,0.14629999999999999,1.374969230769231,0.7959526143790849,0.40638888888888886
475.4,7,39.0,0.21939999999999998,1.6277871794871794,1.0,0.5
475.4,8,45.0,0.2532,1.6667377777777777,1.0,0.5094166666666666
475.9,6,27.0,0.15189999999999998,1.3843777777777775,0.8264689542483659,0.42661111111111105
475.9,7,38.0,0.2138,1.6511315789473684,1.0,0.5
475.9,8,45.0,0.2531,1.5405266666666668,1.0,0.5
476.4,6,28.0,0.1576,1.4988499999999998,0.8573464052287582,0.4425277777777778
476.4,7,37.0,0.2082,1.6684648648648648,1.0,0.5
476.4,8,46.0,0.2587,1.500582608695652,1.0,0.5046666666666667
476.9,7,42.0,0.2362,1.7658142857142856,1.0,0.5233333333333333
476.9,8,45.0,0.2531,1.5362755555555554,1.0,0.5
477.4,7,42.0,0.2362,1.6510857142857145,1.0,0.5
477.4,8,44.0,0.2475,1.5450636363636363,1.0,0.5
477.9,7,43.0,0.2419,1.6400837209302326,1.0,0.50475
477.9,8,46.0,0.2588,1.6043000000000003,1.0,0.5094166666666666
478.4,6,30.0,0.1688,1.5697800000000002,0.9183790849673203,0.4923055555555556
478.4,7,41.0,0.23070000000000002,1.658187804878049,1.0,0.5
478.4,8,45.0,0.2532,1.5386066666666667,1.0,0.5
478.9,6,28.0,0.1575,1.5981285714285713,0.856985294117647,0.4375
478.9,7,42.0,0.2363,1.6020476190476192,1.0,0.5046666666666667
478.9,8,43.0,0.2419,1.6334209302325582,1.0,0.5
479.4,6,29.0,0.1631,1.5164344827586207,0.8875016339869282,0.4577222222222222
479.4,7,42.0,0.2363,1.5427285714285714,1.0,0.5
479.4,8,43.0,0.2419,1.658527906976744,1.0,0.5
479.9,6,30.0,0.16870000000000002,1.74484,0.9180179738562093,0.4732777777777779
479.9,7,42.0,0.2363,1.4952166666666666,1.0,0.5
479.9,8,42.0,0.2363,1.6080999999999999,1.0,0.5
480.45,6,31.0,0.1744,1.6237161290322581,0.9488954248366013,0.48919444444444443
480.45,7,41.0,0.2306,1.5791048780487806,1.0,0.5
480.45,8,42.0,0.2363,1.6168000000000002,1.0,0.5
480.97,6,33.0,0.1856,1.7001969696969697,0.9897058823529412,0.5093333333333333
480.97,7,39.0,0.21939999999999998,1.6410384615384612,1.0,0.5
480.97,8,42.0,0.2363,1.7007999999999999,1.0,0.5
481.47,6,33.0,0.1856,1.9111727272727272,0.9897058823529412,0.5
481.47,7,42.0,0.2363,1.5700761904761906,1.0,0.5140833333333333
481.47,8,39.0,0.2194,1.5162,1.0,0.5
481.97,6,32.0,0.18009999999999998,1.5378,0.9794117647058824,0.5
481.97,7,42.0,0.2363,1.5968047619047618,1.0,0.5
481.97,8,42.0,0.2363,1.5903000000000003,1.0,0.5140833333333333
482.48,6,31.0,0.1744,1.556474193548387,0.9488954248366013,0.48444444444444446
482.48,7,44.0,0.2475,1.5990499999999999,1.0,0.5093333333333333
482.48,8,41.0,0.2306,1.5218,1.0,0.5
482.98,6,32.0,0.18009999999999998,1.59258125,0.9794117647058824,0.50475
482.98,7,43.0,0.2419,1.553813953488372,1.0,0.5
482.98,8,43.0,0.2419,1.6115,1.0,0.5094166666666666
483.48,6,33.0,0.1857,1.528709090909091,0.9897058823529412,0.5046666666666667
483.48,7,43.0,0.2419,1.524102325581395,1.0,0.5
483.48,8,42.0,0.2362,1.6672547619047622,1.0,0.5
483.98,6,35.0,0.19690000000000002,1.4949285714285716,1.0,0.5093333333333333
483.98,7,41.0,0.23070000000000002,1.607121951219512,1.0,0.5
483.98,8,42.0,0.2362,1.6616595238095238,1.0,0.5
484.48,6,40.0,0.22499999999999998,1.7155724999999997,1.0,0.5234166666666666
484.48,7,39.0,0.21939999999999998,1.6087051282051281,1.0,0.5
484.48,8,42.0,0.2362,1.6930309523809524,1.0,0.5
484.99,6,38.0,0.2138,1.4674421052631579,1.0,0.5
484.99,7,40.0,0.225,1.6052174999999997,1.0,0.5046666666666667
484.99,8,39.0,0.21939999999999998,1.5813871794871797,1.0,0.5
485.49,6,37.0,0.2081,1.6218216216216217,1.0,0.5
485.49,7,40.0,0.22510000000000002,1.6362,1.0,0.5000833333333333
485.49,8,40.0,0.225,1.5246175,1.0,0.5046666666666667
485.99,6,38.0,0.2137,1.6881921052631577,1.0,0.5046666666666667
485.99,7,40.0,0.22510000000000002,1.589,1.0,0.5
485.99,8,40.0,0.225,1.5839,1.0,0.5
486.49,6,39.0,0.21939999999999998,1.670492307692308,1.0,0.50475
486.49,7,38.0,0.2138,1.5446947368421051,1.0,0.5
486.49,8,40.0,0.225,1.5926525,1.0,0.5
486.99,6,36.0,0.2025,1.6775333333333335,1.0,0.5
486.99,7,41.0,0.23070000000000002,1.591282926829268,1.0,0.5140833333333333
486.99,8,40.0,0.225,1.567995,1.0,0.5
487.49,6,35.0,0.1969,1.7565542857142857,1.0,0.5
487.49,7,41.0,0.2306,1.583529268292683,1.0,0.5
487.49,8,40.0,0.225,1.4866,1.0,0.5
487.99,6,36.0,0.2026,1.5374555555555556,1.0,0.50475
487.99,7,38.0,0.2138,1.491,1.0,0.5
487.99,8,41.0,0.2306,1.4827975609756099,1.0,0.5046666666666667
488.49,6,35.0,0.1969,1.5209085714285715,1.0,0.5
488.49,7,44.0,0.2476,1.5939136363636364,1.0,0.5281666666666667
488.49,8,37.0,0.2081,1.5238756756756757,1.0,0.5
489.0,6,35.0,0.1969,1.5789485714285714,1.0,0.5
489.0,7,43.0,0.2419,1.5679255813953488,1.0,0.5
489.0,8,39.0,0.21939999999999998,1.527153846153846,1.0,0.5094166666666666
489.5,6,35.0,0.19690000000000002,1.518877142857143,1.0,0.5
489.5,7,43.0,0.2419,1.672097674418605,1.0,0.5
489.5,8,39.0,0.2194,1.5192,1.0,0.5
490.0,6,37.0,0.2082,1.6292135135135135,1.0,0.5094166666666666
490.0,7,40.0,0.225,1.6952624999999997,1.0,0.5
490.0,8,41.0,0.2306,1.4954,1.0,0.5093333333333333
490.5,6,38.0,0.2138,1.8525736842105265,1.0,0.5046666666666667
490.5,7,40.0,0.22510000000000002,1.6516350000000002,1.0,0.5000833333333333
490.5,8,41.0,0.2306,1.5044,1.0,0.5
491.0,6,34.0,0.1913,1.5775411764705884,1.0,0.5
491.0,7,40.0,0.225,1.6096149999999998,1.0,0.5
491.0,8,45.0,0.2531,1.4492933333333333,1.0,0.51875
491.5,6,34.0,0.1913,1.752323529411765,1.0,0.5
491.5,7,40.0,0.22510000000000002,1.8228449999999998,1.0,0.5000833333333333
491.5,8,44.0,0.2475,1.6306772727272725,1.0,0.5
492.0,6,33.0,0.18569999999999998,1.4708878787878787,0.9897058823529412,0.5
492.0,7,39.0,0.2194,1.7002538461538461,1.0,0.5
492.0,8,43.0,0.2419,1.4607976744186046,1.0,0.5
492.56,6,33.0,0.1856,1.5440272727272728,0.9897058823529412,0.5
492.56,7,40.0,0.22510000000000002,1.59996,1.0,0.50475
492.56,8,40.0,0.225,1.428185,1.0,0.5
493.07,6,34.0,0.1913,1.5906647058823529,1.0,0.50475
493.07,7,39.0,0.2194,1.7652666666666665,1.0,0.5
493.07,8,43.0,0.2419,1.658039534883721,1.0,0.5140833333333333
493.57,6,33.0,0.1856,1.460148484848485,0.9897058823529412,0.5
493.57,7,38.0,0.2137,1.7034368421052635,1.0,0.5
493.57,8,44.0,0.24760000000000001,1.6140727272727275,1.0,0.50475
494.07,6,35.0,0.19690000000000002,1.7017,1.0,0.5094166666666667
494.07,7,37.0,0.2081,1.799827027027027,1.0,0.5
494.07,8,43.0,0.2419,1.5438069767441862,1.0,0.5
494.57,6,36.0,0.2025,1.6177333333333332,1.0,0.5046666666666667
494.57,7,34.0,0.19129999999999997,1.7513705882352943,1.0,0.5
494.57,8,44.0,0.24760000000000001,1.5823772727272725,1.0,0.50475
495.08,6,34.0,0.1913,1.2482764705882354,1.0,0.5139255656108597
495.08,7,32.0,0.18,1.7986125,0.9794117647058824,0.5
495.08,8,45.0,0.2532,1.5499377777777779,1.0,0.5046666666666666
495.58,6,38.0,0.2137,1.461784210526316,1.0,0.5186666666666667
495.58,7,32.0,0.18009999999999998,1.88405,0.9794117647058824,0.5000833333333333
495.58,8,42.0,0.2362,1.7149261904761903,1.0,0.5
496.09,6,41.0,0.2307,1.3431048780487806,1.0,0.5141666666666667
496.09,7,31.0,0.1744,1.8084806451612903,0.9488954248366013,0.48444444444444446
496.09,8,43.0,0.2419,1.5601930232558137,1.0,0.50475
496.59,6,40.0,0.22499999999999998,1.3219825,1.0,0.5
496.59,7,30.0,0.1688,1.81078,0.9183790849673203,0.4688888888888889
496.59,8,43.0,0.2419,1.504672093023256,1.0,0.5
497.09,6,41.0,0.23060000000000003,1.3820975609756097,1.0,0.5046666666666667
497.09,7,29.0,0.16319999999999998,1.6605275862068964,0.8878627450980392,0.4533333333333333
497.09,8,44.0,0.2475,1.5961340909090909,1.0,0.5046666666666667
497.59,6,44.0,0.24760000000000001,1.3204636363636362,1.0,0.5141666666666667
497.59,7,27.0,0.15189999999999998,1.7606555555555556,0.8264689542483659,0.4219444444444444
497.59,8,45.0,0.2531,1.4683622222222223,1.0,0.5046666666666667
498.09,6,45.0,0.2531,1.3837555555555556,1.0,0.5045833333333333
498.09,7,26.0,0.14629999999999999,1.7123538461538461,0.7959526143790849,0.40638888888888886
498.09,8,47.0,0.26439999999999997,1.5435638297872343,1.0,0.5094166666666666
498.59,6,46.0,0.25880000000000003,1.5751,1.0,0.50475
498.59,7,27.0,0.15189999999999998,1.8238962962962961,0.8264689542483659,0.42661111111111105
498.59,8,45.0,0.2532,1.4307444444444444,1.0,0.5
499.09,6,46.0,0.25880000000000003,1.7543456521739134,1.0,0.5
499.09,7,29.0,0.16310000000000002,1.8098344827586208,0.8875016339869282,0.462388888888889
499.09,8,43.0,0.2419,1.4817395348837208,1.0,0.5
499.59,6,43.0,0.2419,1.7785744186046513,1.0,0.5
499.59,7,31.0,0.1744,1.6937709677419355,0.9488954248366013,0.4938611111111111
499.59,8,43.0,0.2419,1.5871627906976742,1.0,0.5
500.09,6,43.0,0.24180000000000001,1.4499261904761904,1.0,0.5
500.09,7,30.0,0.16879999999999998,1.7393800000000001,0.9183790849673201,0.46888888888888886
500.09,8,44.0,0.2475,1.6154000000000002,1.0,0.5046666666666667
500.59,6,43.0,0.2419,1.5246441860465119,1.0,0.5000833333333333
500.59,7,31.0,0.1744,1.7284741935483872,0.9488954248366013,0.48911111111111116
500.59,8,43.0,0.2419,1.6191139534883723,1.0,0.5
501.1,6,40.0,0.2251,1.55493,1.0,0.5
501.1,7,32.0,0.18,1.7259499999999999,0.9794117647058824,0.5046666666666667
501.1,8,42.0,0.2362,1.5661166666666666,1.0,0.5
501.6,6,40.0,0.22499999999999998,1.5707125000000002,1.0,0.5
501.6,7,32.0,0.18,1.7908250000000001,0.9794117647058824,0.5
501.6,8,42.0,0.2362,1.6378499999999998,1.0,0.5
502.1,6,40.0,0.22499999999999998,1.5353425,1.0,0.5
502.1,7,31.0,0.1744,1.7084612903225807,0.9488954248366013,0.48444444444444446
502.1,8,44.0,0.2475,1.6240363636363637,1.0,0.5094166666666666
502.6,6,40.0,0.22499999999999998,1.5694424999999999,1.0,0.5
502.6,7,31.0,0.1744,1.7274064516129033,0.9488954248366013,0.48444444444444446
502.6,8,44.0,0.2475,1.5618,1.0,0.5
503.1,6,40.0,0.22499999999999998,1.7324525000000002,1.0,0.5
503.1,7,34.0,0.19129999999999997,1.7140882352941178,1.0,0.5140833333333333
503.1,8,43.0,0.2419,1.5186000000000002,1.0,0.5
503.6,6,35.0,0.19690000000000002,1.4504885714285713,1.0,0.5
503.6,7,35.0,0.1969,1.846462857142857,1.0,0.5046666666666667
503.6,8,42.0,0.2363,1.6065,1.0,0.5
504.1,6,39.0,0.21939999999999998,1.3941205128205127,1.0,0.5187499999999999
504.1,7,32.0,0.18009999999999998,1.7178937499999998,0.9794117647058824,0.5
504.1,8,42.0,0.2363,1.5159,1.0,0.5
504.66,6,38.0,0.2137,1.4468736842105263,1.0,0.5
504.66,7,31.0,0.1744,1.6317516129032257,0.9488954248366013,0.48444444444444446
504.66,8,46.0,0.2588,1.543,1.0,0.5187499999999999
505.17,6,36.0,0.2025,1.4786222222222223,1.0,0.5
505.17,7,31.0,0.1744,1.8160129032258066,0.9488954248366013,0.48444444444444446
505.17,8,45.0,0.2532,1.6946199999999998,1.0,0.5
505.68,6,33.0,0.1856,1.4302848484848485,0.9897058823529412,0.5
505.68,7,33.0,0.18560000000000001,1.6478727272727274,0.9897058823529412,0.5093333333333333
505.68,8,45.0,0.2532,1.6174800000000003,1.0,0.5
506.18,6,33.0,0.1857,1.5546727272727272,0.9897058823529412,0.5000833333333333
506.18,7,35.0,0.19690000000000002,1.634077142857143,1.0,0.5094166666666666
506.18,8,41.0,0.23070000000000002,1.6834853658536586,1.0,0.5
506.68,6,33.0,0.1857,1.4802909090909089,0.9897058823529412,0.5
506.68,7,35.0,0.19690000000000002,1.7103714285714287,1.0,0.5
506.68,8,43.0,0.2419,1.6313813953488372,1.0,0.5093333333333333
507.18,6,35.0,0.19690000000000002,1.5660571428571428,1.0,0.5093333333333333
507.18,7,34.0,0.19129999999999997,1.6452470588235295,1.0,0.5
507.18,8,42.0,0.2362,1.658192857142857,1.0,0.5
507.68,6,35.0,0.1969,1.607542857142857,1.0,0.5
507.68,7,38.0,0.21380000000000002,1.791315789473684,1.0,0.51875
507.68,8,40.0,0.225,1.704,1.0,0.5
508.18,6,35.0,0.19690000000000002,1.5040885714285714,1.0,0.5
508.18,7,38.0,0.2137,1.7096973684210528,1.0,0.5
508.18,8,41.0,0.2306,1.5232,1.0,0.5046666666666667
508.69,6,36.0,0.2025,1.5533277777777776,1.0,0.5046666666666667
508.69,7,37.0,0.2082,1.7374864864864867,1.0,0.5
508.69,8,43.0,0.2419,1.4615,1.0,0.5094166666666666
509.19,6,38.0,0.2138,1.6350210526315787,1.0,0.5094166666666666
509.19,7,36.0,0.2025,1.679633333333333,1.0,0.5
509.19,8,41.0,0.2306,1.4763,1.0,0.5
509.69,6,38.0,0.2137,1.7535289473684212,1.0,0.5
509.69,7,34.0,0.1913,1.6862911764705881,1.0,0.5
509.69,8,44.0,0.2475,1.5427,1.0,0.5140833333333333
510.19,6,37.0,0.2081,1.9423513513513515,1.0,0.5
510.19,7,36.0,0.2025,1.628775,1.0,0.5093333333333333
510.19,8,42.0,0.2363,1.5943,1.0,0.5
510.7,6,34.0,0.19129999999999997,1.597,1.0,0.5
510.7,7,38.0,0.2137,1.663207894736842,1.0,0.5093333333333333
510.7,8,43.0,0.2419,1.6548,1.0,0.5046666666666667
511.2,6,33.0,0.18569999999999998,1.4776757575757575,0.9897058823529412,0.5
511.2,7,39.0,0.21939999999999998,1.4866589743589744,1.0,0.50475
511.2,8,43.0,0.2419,1.7306999999999997,1.0,0.5
511.7,6,35.0,0.19690000000000002,1.5762371428571427,1.0,0.5093333333333334
511.7,7,37.0,0.2081,1.569935135135135,1.0,0.5
511.7,8,44.0,0.2475,1.6406999999999998,1.0,0.5046666666666667
512.2,6,34.0,0.19129999999999997,1.6437764705882352,1.0,0.5
512.2,7,38.0,0.2138,1.6337631578947367,1.0,0.50475
512.2,8,43.0,0.2419,1.5648,1.0,0.5
512.7,6,34.0,0.19130000000000003,1.7434058823529412,1.0,0.5
512.7,7,40.0,0.2251,1.75019,1.0,0.5094166666666666
512.7,8,42.0,0.2363,1.5930000000000002,1.0,0.5
513.2,6,36.0,0.2025,1.4164472222222222,1.0,0.5093333333333333
513.2,7,36.0,0.2025,1.6248777777777776,1.0,0.5
513.2,8,44.0,0.2475,1.5410000000000001,1.0,0.5093333333333333
513.7,6,36.0,0.2025,1.4497499999999999,1.0,0.5
513.7,7,36.0,0.2026,1.6685500000000002,1.0,0.5000833333333333
513.7,8,44.0,0.2475,1.4940999999999998,1.0,0.5
514.2,6,32.0,0.18,1.51565,0.9794117647058824,0.5
514.2,7,33.0,0.1857,1.7942090909090909,0.9897058823529412,0.5
514.2,8,45.0,0.2531,1.6031,1.0,0.5046666666666667
514.76,6,33.0,0.18569999999999998,1.3831181818181817,0.9897058823529412,0.50475
514.76,7,33.0,0.1857,1.6188636363636364,0.9897058823529412,0.5
514.76,8,44.0,0.2475,1.3932954545454546,1.0,0.5
515.26,6,33.0,0.18569999999999998,1.4558878787878788,0.9897058823529412,0.5
515.26,7,34.0,0.1913,1.7423117647058823,1.0,0.5046666666666667
515.26,8,43.0,0.2419,1.4757906976744186,1.0,0.5
515.76,6,32.0,0.18,1.45199375,0.9794117647058824,0.5
515.76,7,33.0,0.18569999999999998,1.7747393939393938,0.9897058823529412,0.5
515.76,8,44.0,0.2475,1.5197,1.0,0.5046666666666667
516.27,6,31.0,0.1744,1.4850645161290321,0.9488954248366013,0.48444444444444446
516.27,7,36.0,0.2026,1.8245722222222223,1.0,0.5140833333333333
516.27,8,44.0,0.2475,1.6078000000000001,1.0,0.5
516.77,6,34.0,0.1913,1.6206941176470588,1.0,0.5140833333333333
516.77,7,33.0,0.1856,1.711378787878788,0.9897058823529412,0.5
516.77,8,44.0,0.2475,1.5944,1.0,0.5
517.28,6,31.0,0.1744,1.5015483870967743,0.9488954248366013,0.48444444444444446
517.28,7,32.0,0.18,1.6385812499999999,0.9794117647058824,0.5
517.28,8,46.0,0.2588,1.6524,1.0,0.5094166666666666
517.78,6,31.0,0.1744,1.5376225806451616,0.9488954248366013,0.48444444444444446
517.78,7,33.0,0.1857,1.642218181818182,0.9897058823529412,0.50475
517.78,8,45.0,0.2531,1.7300133333333334,1.0,0.5
518.28,6,33.0,0.1856,1.632751515151515,0.9897058823529412,0.5093333333333333
518.28,7,33.0,0.1857,1.7391272727272726,0.9897058823529412,0.5
518.28,8,45.0,0.2532,1.6929622222222223,1.0,0.5000833333333333
518.78,6,35.0,0.1969,1.6067799999999999,1.0,0.5094166666666666
518.78,7,33.0,0.1857,1.8016818181818182,0.9897058823529412,0.5
518.78,8,45.0,0.2532,1.7063666666666668,1.0,0.5
519.28,6,37.0,0.2081,1.7416432432432432,1.0,0.5093333333333333
519.28,7,32.0,0.18,1.65576875,0.9794117647058824,0.5
519.28,8,46.0,0.25880000000000003,1.5655065217391304,1.0,0.5046666666666667
519.79,6,36.0,0.2025,1.5173333333333334,1.0,0.5
519.79,7,32.0,0.18,1.7016624999999999,0.9794117647058824,0.5
519.79,8,45.0,0.2531,1.46072,1.0,0.5
520.29,6,35.0,0.19690000000000002,1.5105828571428572,1.0,0.5
520.29,7,34.0,0.19130000000000003,1.6205176470588236,1.0,0.5094166666666667
520.29,8,47.0,0.26439999999999997,1.5445191489361703,1.0,0.5094166666666666
520.79,6,37.0,0.2081,1.685635135135135,1.0,0.5093333333333333
520.79,7,30.0,0.1688,1.7557533333333335,0.9183790849673203,0.4688888888888889
520.79,8,49.0,0.2757,1.4955612244897962,1.0,0.5094166666666667
521.29,6,37.0,0.2081,1.7415108108108108,1.0,0.5
521.29,7,31.0,0.1744,1.7403838709677417,0.9488954248366013,0.4891111111111111
521.29,8,47.0,0.26439999999999997,1.3793744680851066,1.0,0.5
521.79,6,36.0,0.2025,1.7656888888888889,1.0,0.5
521.79,7,32.0,0.18,1.802925,0.9794117647058824,0.5046666666666667
521.79,8,47.0,0.26439999999999997,1.4982446808510637,1.0,0.5
522.29,6,34.0,0.1913,1.561764705882353,1.0,0.5
522.29,7,31.0,0.1744,1.654074193548387,0.9488954248366013,0.48444444444444446
522.29,8,48.0,0.27009999999999995,1.5520041666666664,1.0,0.50475
522.79,6,35.0,0.19690000000000002,1.74782,1.0,0.5046666666666667
522.79,7,29.0,0.1631,1.739855172413793,0.8875016339869282,0.45305555555555554
522.79,8,50.0,0.2813,1.6477519999999999,1.0,0.5093333333333334
523.29,6,33.0,0.1856,1.5175363636363635,0.9897058823529412,0.5
523.29,7,30.0,0.16879999999999998,1.6794933333333333,0.9183790849673201,0.47363888888888883
523.29,8,49.0,0.2756,1.5946204081632656,1.0,0.5
523.8,6,31.0,0.1744,1.4649935483870968,0.9488954248366013,0.48444444444444446
523.8,7,33.0,0.18569999999999998,1.776521212121212,0.9897058823529412,0.5140833333333333
523.8,8,49.0,0.2757,1.611022448979592,1.0,0.5000833333333333
524.3,6,32.0,0.18,1.4706406250000001,0.9794117647058824,0.5046666666666667
524.3,7,35.0,0.19690000000000002,1.9194,1.0,0.5093333333333334
524.3,8,47.0,0.26439999999999997,1.582468085106383,1.0,0.5
524.8,6,35.0,0.19690000000000002,1.5552371428571428,1.0,0.5140833333333333
524.8,7,35.0,0.1969,1.8265314285714287,1.0,0.5
524.8,8,44.0,0.24760000000000001,1.4407954545454544,1.0,0.5
525.3,6,35.0,0.1969,1.6103485714285715,1.0,0.5
525.3,7,36.0,0.2025,1.8318666666666665,1.0,0.5046666666666667
525.3,8,46.0,0.2588,1.5350086956521742,1.0,0.5093333333333333
525.3,19,25.0,0.1406,1.7987,0.765075163398693,0.3905555555555556
525.8,6,33.0,0.1857,1.8055727272727273,0.9897058823529412,0.5
525.8,7,36.0,0.20249999999999999,1.744013888888889,1.0,0.5
525.8,8,47.0,0.26439999999999997,1.6031127659574471,1.0,0.5046666666666667
525.8,19,25.0,0.1406,1.6946,0.765075163398693,0.3905555555555556
526.3,6,32.0,0.18,1.489034375,0.9794117647058824,0.5
526.3,7,37.0,0.2081,1.8265729729729732,1.0,0.5046666666666667
526.3,8,46.0,0.2587,1.6777695652173914,1.0,0.5
526.3,19,25.0,0.1406,1.9043999999999999,0.765075163398693,0.3905555555555556
526.8,6,31.0,0.1744,1.4702870967741937,0.9488954248366013,0.48444444444444446
526.8,7,38.0,0.21380000000000002,1.6938842105263157,1.0,0.50475
526.8,8,45.0,0.2531,1.4693133333333335,1.0,0.5
526.8,19,26.0,0.1463,1.7761,0.795952614379085,0.411138888888889
527.3,6,36.0,0.2025,1.6519333333333333,1.0,0.5234166666666666
527.3,7,33.0,0.18560000000000001,1.6578727272727274,0.9897058823529412,0.5
527.3,8,47.0,0.26439999999999997,1.4671297872340425,1.0,0.5094166666666666
527.3,19,26.0,0.1463,1.708,0.795952614379085,0.40638888888888897
527.8,6,35.0,0.1969,1.60652,1.0,0.5
527.8,7,36.0,0.2025,1.6381,1.0,0.5140833333333333
527.8,8,46.0,0.2588,1.4634,1.0,0.5
527.8,19,27.0,0.1519,1.9393,0.8264689542483661,0.4266111111111111
528.3,6,36.0,0.2025,1.580091666666667,1.0,0.5046666666666667
528.3,7,35.0,0.19690000000000002,1.8024085714285714,1.0,0.5
528.3,8,47.0,0.2644,1.5696,1.0,0.5046666666666667
528.3,19,28.0,0.1575,2.020725,0.856985294117647,0.44216666666666665
528.8,6,37.0,0.2082,1.6027,1.0,0.50475
528.8,7,37.0,0.2082,1.7322675675675674,1.0,0.5094166666666666
528.8,8,46.0,0.2588,1.4828,1.0,0.5
528.8,19,26.0,0.1463,1.789,0.795952614379085,0.40638888888888897
529.3,6,37.0,0.2081,1.593927027027027,1.0,0.5
529.3,7,37.0,0.2082,1.674972972972973,1.0,0.5
529.3,8,47.0,0.26439999999999997,1.568368085106383,1.0,0.5046666666666667
529.3,19,26.0,0.1463,1.9619,0.795952614379085,0.40638888888888897
529.86,6,36.0,0.2025,1.5140444444444445,1.0,0.5
529.86,7,38.0,0.2137,1.7127289473684209,1.0,0.5045833333333334
529.86,8,46.0,0.2588,1.554578260869565,1.0,0.5
529.86,19,26.0,0.1462,1.8986692307692306,0.7955915032679738,0.4061111111111111
530.36,6,35.0,0.19690000000000002,1.5514114285714287,1.0,0.5
530.36,7,40.0,0.22510000000000002,1.6300999999999999,1.0,0.5095000000000001
530.36,8,45.0,0.2532,1.5474333333333334,1.0,0.5
530.36,19,26.0,0.1463,1.9471,0.795952614379085,0.4064722222222223
530.86,6,34.0,0.1913,1.6104558823529411,1.0,0.5
530.86,7,43.0,0.2419,1.6123976744186046,1.0,0.514
530.86,8,44.0,0.24760000000000001,1.4811818181818182,1.0,0.5
530.86,19,25.0,0.1406,1.8725999999999998,0.765075163398693,0.3905555555555556
531.36,6,34.0,0.19119999999999998,1.7310882352941177,1.0,0.5
531.36,7,44.0,0.2475,1.5970727272727272,1.0,0.5046666666666667
531.36,8,43.0,0.2419,1.5133813953488373,1.0,0.5
531.36,19,25.0,0.1406,1.8304319999999998,0.765075163398693,0.3905555555555556
531.86,6,34.0,0.1913,1.7555058823529412,1.0,0.5000833333333333
531.86,7,43.0,0.2419,1.6100488372093025,1.0,0.5
531.86,8,44.0,0.2475,1.5097840909090907,1.0,0.5046666666666667
531.86,19,25.0,0.1407,1.768844,0.765436274509804,0.39091666666666663
532.37,6,35.0,0.1969,1.6404085714285714,1.0,0.5046666666666667
532.37,7,41.0,0.2306,1.6546609756097561,1.0,0.5
532.37,8,45.0,0.2531,1.5141311111111113,1.0,0.5046666666666667
532.88,6,35.0,0.1969,1.57438,1.0,0.5
532.88,7,39.0,0.21939999999999998,1.6668282051282053,1.0,0.5
532.88,8,47.0,0.26439999999999997,1.5608021276595743,1.0,0.5094166666666666
533.38,6,32.0,0.18,1.6255843749999999,0.9794117647058824,0.5
533.38,7,44.0,0.2475,1.7410613636363637,1.0,0.5234166666666666
533.38,8,42.0,0.2363,1.465,1.0,0.5
533.88,6,35.0,0.19690000000000002,1.8452285714285714,1.0,0.5140833333333333
533.88,7,41.0,0.23059999999999997,1.776180487804878,1.0,0.5
533.88,8,43.0,0.2419,1.6475,1.0,0.5046666666666667
534.38,6,36.0,0.2026,1.5801611111111111,1.0,0.50475
534.38,7,41.0,0.2307,1.7297560975609756,1.0,0.5000833333333333
534.38,8,42.0,0.2363,1.6732428571428573,1.0,0.5
534.89,6,37.0,0.2081,1.5258702702702702,1.0,0.5045833333333334
534.89,7,43.0,0.2419,1.5434,1.0,0.5093333333333333
534.89,8,39.0,0.2194,1.5820102564102563,1.0,0.5
535.39,6,38.0,0.2138,1.5586315789473684,1.0,0.50475
535.39,7,40.0,0.22499999999999998,1.5903199999999997,1.0,0.5
535.39,8,42.0,0.2363,1.6131857142857142,1.0,0.5140833333333333
535.89,6,37.0,0.2081,1.6321000000000003,1.0,0.5
535.89,7,42.0,0.23629999999999998,1.5929000000000002,1.0,0.5094166666666666
535.89,8,42.0,0.2363,1.699757142857143,1.0,0.5
536.39,6,33.0,0.1856,1.5821939393939395,0.9897058823529412,0.5
536.39,7,44.0,0.2475,1.5814636363636365,1.0,0.5093333333333333
536.39,8,42.0,0.2363,1.660742857142857,1.0,0.5
536.89,6,32.0,0.18009999999999998,1.55761875,0.9794117647058824,0.5
536.89,7,44.0,0.2476,1.5714090909090908,1.0,0.5000833333333333
536.89,8,43.0,0.2419,1.7027116279069767,1.0,0.5046666666666667
537.39,6,32.0,0.18,1.5945,0.9794117647058824,0.5
537.39,7,45.0,0.2531,1.6438800000000002,1.0,0.5045833333333334
537.39,8,41.0,0.2307,1.7034536585365854,1.0,0.5
537.89,6,32.0,0.18009999999999998,1.49899375,0.9794117647058824,0.5000833333333333
537.89,7,46.0,0.25880000000000003,1.5861434782608697,1.0,0.50475
537.89,8,41.0,0.2306,1.6838512195121953,1.0,0.5
538.4,6,32.0,0.18009999999999998,1.5999875000000001,0.9794117647058824,0.5
538.4,7,47.0,0.26439999999999997,1.512408510638298,1.0,0.5046666666666666
538.4,8,43.0,0.2419,1.6246,1.0,0.5094166666666666
538.9,6,34.0,0.1913,1.6531411764705883,1.0,0.5093333333333333
538.9,7,44.0,0.2476,1.5975090909090908,1.0,0.5
538.9,8,45.0,0.2531,1.6307,1.0,0.5093333333333333
539.4,6,32.0,0.18,1.6032625,0.9794117647058824,0.5
539.4,7,44.0,0.2476,1.572477272727273,1.0,0.5
539.4,8,47.0,0.2644,1.6642,1.0,0.5094166666666667
539.9,6,32.0,0.18,1.591803125,0.9794117647058824,0.5
539.9,7,46.0,0.2588,1.7096565217391304,1.0,0.5093333333333333
539.9,8,45.0,0.2531,1.5828,1.0,0.5
540.4,6,34.0,0.1912,1.6625500000000002,1.0,0.5093333333333333
540.4,7,43.0,0.2419,1.7811232558139536,1.0,0.5
540.4,8,46.0,0.2588,1.5730000000000002,1.0,0.50475
540.9,6,35.0,0.19690000000000002,1.484457142857143,1.0,0.50475
540.9,7,43.0,0.2419,1.760518604651163,1.0,0.5
540.9,8,45.0,0.2531,1.5646,1.0,0.5
541.4,6,36.0,0.2025,1.5392861111111111,1.0,0.5046666666666667
541.4,7,43.0,0.2419,1.6656441860465119,1.0,0.5
541.4,8,46.0,0.2588,1.5948086956521739,1.0,0.50475
541.9,6,38.0,0.2138,1.6272526315789473,1.0,0.5094166666666666
541.9,7,41.0,0.2307,1.7898365853658535,1.0,0.5
541.9,8,47.0,0.26439999999999997,1.6286787234042552,1.0,0.5046666666666667
542.46,6,37.0,0.2082,1.4875675675675675,1.0,0.5
542.46,7,44.0,0.24760000000000001,1.6414954545454543,1.0,0.5140833333333333
542.46,8,46.0,0.25880000000000003,1.4482347826086954,1.0,0.5
542.97,6,36.0,0.2025,1.5200916666666666,1.0,0.5
542.97,7,49.0,0.2756,1.7274857142857143,1.0,0.5233333333333333
542.97,8,42.0,0.2362,1.5770095238095236,1.0,0.5
543.48,6,39.0,0.21939999999999998,1.3994846153846152,1.0,0.5140833333333333
543.48,7,45.0,0.2531,1.6687222222222222,1.0,0.5
543.48,8,43.0,0.2419,1.4857023255813955,1.0,0.50475
543.98,6,38.0,0.2138,1.5201368421052632,1.0,0.5
543.98,7,45.0,0.2532,1.7519555555555555,1.0,0.5000833333333333
543.98,8,42.0,0.2362,1.5186452380952382,1.0,0.5
544.48,4,25.0,0.1407,0.756656,0.765436274509804,0.5372015897435897
544.48,6,38.0,0.2138,1.4146947368421052,1.0,0.5
544.48,7,46.0,0.25880000000000003,1.584804347826087,1.0,0.5046666666666667
544.48,8,41.0,0.23070000000000002,1.468619512195122,1.0,0.5
544.98,6,38.0,0.2138,1.7065105263157894,1.0,0.5
544.98,7,47.0,0.26439999999999997,1.6615425531914894,1.0,0.5046666666666666
544.98,8,40.0,0.2251,1.482815,1.0,0.5
545.49,6,40.0,0.225,1.7199625,1.0,0.5093333333333333
545.49,7,46.0,0.2587,1.611995652173913,1.0,0.5
545.49,8,41.0,0.23070000000000002,1.5364121951219512,1.0,0.5046666666666667
545.99,6,37.0,0.2081,1.5388297297297295,1.0,0.5
545.99,7,45.0,0.2531,1.5733888888888892,1.0,0.5
545.99,8,42.0,0.2363,1.6109095238095237,1.0,0.5046666666666667
546.5,6,41.0,0.23070000000000002,1.452919512195122,1.0,0.5188333333333334
546.5,7,44.0,0.2476,1.6856,1.0,0.5
546.5,8,39.0,0.2194,1.4975,1.0,0.5
547.0,6,41.0,0.23070000000000002,1.476509756097561,1.0,0.5
547.0,7,41.0,0.23070000000000002,1.709017073170732,1.0,0.5
547.0,8,40.0,0.225,1.4979224999999998,1.0,0.5046666666666667
547.5,6,43.0,0.2419,1.5582906976744184,1.0,0.5093333333333333
547.5,7,39.0,0.2194,1.6380692307692308,1.0,0.5
547.5,8,41.0,0.2306,1.5749341463414634,1.0,0.5046666666666667
548.0,6,41.0,0.23070000000000002,1.5357756097560977,1.0,0.5
548.0,7,38.0,0.21380000000000002,1.7888631578947367,1.0,0.5
548.0,8,43.0,0.2419,1.6608186046511628,1.0,0.5094166666666666
548.56,6,38.0,0.2138,1.4237,1.0,0.5
548.56,7,36.0,0.2026,1.7264888888888887,1.0,0.5
548.56,8,46.0,0.2587,1.5351021739130435,1.0,0.514
549.06,6,37.0,0.2081,1.467281081081081,1.0,0.5
549.06,7,38.0,0.2138,1.703357894736842,1.0,0.5093333333333333
549.06,8,45.0,0.2531,1.4982199999999999,1.0,0.5
549.56,6,39.0,0.2194,1.4690999999999999,1.0,0.5094166666666666
549.56,7,39.0,0.21939999999999998,1.6877025641025643,1.0,0.5046666666666667
549.56,8,42.0,0.2363,1.5303,1.0,0.5
550.06,6,38.0,0.2138,1.553878947368421,1.0,0.5
550.06,7,37.0,0.2081,1.6349,1.0,0.5
550.06,8,42.0,0.2363,1.4442,1.0,0.5
550.57,6,38.0,0.2138,1.5764105263157895,1.0,0.5
550.57,7,36.0,0.20249999999999999,1.6276222222222223,1.0,0.5
550.57,8,42.0,0.2363,1.5227,1.0,0.5
551.07,6,35.0,0.1969,1.5263628571428571,1.0,0.5
551.07,7,37.0,0.2081,1.6154216216216217,1.0,0.5046666666666667
551.07,8,44.0,0.2475,1.4467227272727274,1.0,0.5093333333333333
551.57,6,32.0,0.18,1.4441031249999998,0.9794117647058824,0.5
551.57,7,37.0,0.2082,1.6367351351351351,1.0,0.5000833333333333
551.57,8,44.0,0.2475,1.4272454545454547,1.0,0.5
552.08,6,34.0,0.1913,1.4728411764705882,1.0,0.5094166666666666
552.08,7,35.0,0.1969,1.6195399999999998,1.0,0.5
552.08,8,44.0,0.2475,1.5276590909090908,1.0,0.5
552.58,6,35.0,0.19690000000000002,1.5480142857142856,1.0,0.5046666666666667
552.58,7,36.0,0.20249999999999999,1.7152472222222221,1.0,0.5046666666666667
552.58,8,42.0,0.2362,1.6954666666666665,1.0,0.5
553.08,6,35.0,0.1969,1.4577542857142858,1.0,0.5
553.08,7,37.0,0.2082,1.7012216216216216,1.0,0.50475
553.08,8,42.0,0.2362,1.6010523809523811,1.0,0.5
553.59,6,33.0,0.1856,1.4603272727272727,0.9897058823529412,0.5
553.59,7,36.0,0.2025,1.6723722222222221,1.0,0.5
553.59,8,43.0,0.2419,1.6910511627906977,1.0,0.50475
554.09,6,35.0,0.19690000000000002,1.4061371428571428,1.0,0.5094166666666667
554.09,7,35.0,0.19690000000000002,1.7501285714285715,1.0,0.5
554.09,8,45.0,0.2532,1.60934,1.0,0.5094166666666666
554.59,6,35.0,0.1969,1.7298885714285714,1.0,0.5
554.59,7,37.0,0.2081,1.5568621621621623,1.0,0.5093333333333333
554.59,8,44.0,0.24760000000000001,1.6717363636363636,1.0,0.5
555.09,6,36.0,0.2025,1.5161222222222221,1.0,0.5046666666666667
555.09,7,35.0,0.19690000000000002,1.6009828571428573,1.0,0.5
555.09,8,45.0,0.2532,1.58726,1.0,0.5046666666666666
555.59,6,34.0,0.1913,1.561988235294118,1.0,0.5
555.59,7,34.0,0.19130000000000003,1.6441999999999999,1.0,0.5
555.59,8,45.0,0.2531,1.4678422222222225,1.0,0.5
556.09,6,33.0,0.1856,1.5533969696969698,0.9897058823529412,0.5
556.09,7,40.0,0.22510000000000002,1.63205,1.0,0.5281666666666667
556.09,8,41.0,0.2306,1.4091,1.0,0.5
556.59,6,33.0,0.1856,1.6468272727272728,0.9897058823529412,0.5
556.59,7,38.0,0.2137,1.7178973684210528,1.0,0.5
556.59,8,43.0,0.2419,1.500406976744186,1.0,0.5094166666666666
557.09,6,34.0,0.1912,1.4529,1.0,0.5046666666666667
557.09,7,38.0,0.2137,1.7137368421052632,1.0,0.5
557.09,8,45.0,0.2531,1.473695555555555,1.0,0.5093333333333333
557.6,6,34.0,0.1913,1.5642617647058823,1.0,0.5000833333333333
557.6,7,38.0,0.2138,1.6957157894736838,1.0,0.5000833333333333
557.6,8,44.0,0.2475,1.580218181818182,1.0,0.5
558.1,6,34.0,0.1913,1.8643882352941177,1.0,0.5
558.1,7,38.0,0.2138,1.7065315789473683,1.0,0.5
558.1,8,45.0,0.2531,1.5787999999999998,1.0,0.5046666666666667
558.6,6,34.0,0.1913,2.004773529411765,1.0,0.5
558.6,7,38.0,0.2137,1.7916921052631583,1.0,0.5
558.6,8,43.0,0.2419,1.5436,1.0,0.5
559.1,6,32.0,0.18,1.5680125,0.9794117647058824,0.5
559.1,7,37.0,0.2081,1.722645945945946,1.0,0.5
559.1,8,46.0,0.2587,1.5945891304347823,1.0,0.514
559.66,6,33.0,0.1856,1.4442212121212121,0.9897058823529412,0.5046666666666667
559.66,7,37.0,0.2081,1.7005405405405405,1.0,0.5
559.66,8,45.0,0.2531,1.6465533333333335,1.0,0.5
560.17,6,34.0,0.1913,1.3596617647058822,1.0,0.50475
560.17,7,39.0,0.21939999999999998,1.713905128205128,1.0,0.5094166666666666
560.17,8,45.0,0.2531,1.6168999999999998,1.0,0.5
560.68,6,35.0,0.1969,1.4208200000000002,1.0,0.5046666666666667
560.68,7,39.0,0.2194,1.6240307692307692,1.0,0.5
560.68,8,43.0,0.2419,1.5951,1.0,0.5
561.18,6,37.0,0.2081,1.4560891891891892,1.0,0.5093333333333333
561.18,7,38.0,0.2138,1.6496,1.0,0.5
561.18,8,42.0,0.2363,1.5265,1.0,0.5
561.68,6,33.0,0.1856,1.4866545454545455,0.9897058823529412,0.5
561.68,7,40.0,0.22510000000000002,1.7404249999999997,1.0,0.5094166666666667
561.68,8,42.0,0.2363,1.5592000000000001,1.0,0.5
562.18,6,34.0,0.1912,1.5118,1.0,0.5046666666666667
562.18,7,40.0,0.225,1.6849574999999999,1.0,0.5
562.18,8,42.0,0.2362,1.5485404761904764,1.0,0.5
562.69,6,35.0,0.19690000000000002,1.4890285714285714,1.0,0.50475
562.69,7,41.0,0.23059999999999997,1.6585609756097561,1.0,0.5046666666666666
562.69,8,42.0,0.2362,1.4759666666666666,1.0,0.5
563.19,6,34.0,0.1912,1.61785,1.0,0.5
563.19,7,40.0,0.225,1.6433825,1.0,0.5
563.19,8,42.0,0.2363,1.589357142857143,1.0,0.5000833333333333
563.69,6,33.0,0.1857,1.4932727272727273,0.9897058823529412,0.5
563.69,7,41.0,0.2306,1.6325268292682926,1.0,0.5046666666666667
563.69,8,42.0,0.2363,1.5621000000000003,1.0,0.5
564.19,6,35.0,0.19690000000000002,1.5515428571428571,1.0,0.5093333333333333
564.19,7,42.0,0.2363,1.8375666666666663,1.0,0.50475
564.19,8,40.0,0.225,1.6307000000000003,1.0,0.5
564.69,6,37.0,0.2081,1.6686513513513512,1.0,0.5093333333333333
564.69,7,43.0,0.2419,1.8031651162790698,1.0,0.5046666666666667
564.69,8,40.0,0.225,1.6210800000000003,1.0,0.5
565.19,6,37.0,0.2081,1.6121675675675675,1.0,0.5
565.19,7,43.0,0.2419,1.8302837209302327,1.0,0.5
565.19,8,39.0,0.2194,1.6106384615384615,1.0,0.5
565.7,6,36.0,0.2026,1.7857555555555555,1.0,0.5
565.7,7,44.0,0.2475,1.737525,1.0,0.5046666666666667
565.7,8,38.0,0.2138,1.6242578947368422,1.0,0.5
566.2,6,40.0,0.225,1.7642400000000003,1.0,0.5186666666666667
566.2,7,39.0,0.21939999999999998,1.8360641025641025,1.0,0.5
566.2,8,40.0,0.225,1.5935700000000002,1.0,0.5093333333333333
566.7,6,39.0,0.21939999999999998,1.7216102564102562,1.0,0.5
566.7,7,41.0,0.2306,1.760819512195122,1.0,0.5093333333333333
566.7,8,40.0,0.2251,1.58301,1.0,0.5000833333333333
567.2,6,38.0,0.2138,1.5013157894736842,1.0,0.5
567.2,7,40.0,0.225,1.76314,1.0,0.5
567.2,8,40.0,0.225,1.551035,1.0,0.5
567.7,6,39.0,0.21939999999999998,1.562020512820513,1.0,0.5046666666666667
567.7,7,40.0,0.22510000000000002,1.662875,1.0,0.5000833333333333
567.7,8,40.0,0.225,1.528235,1.0,0.5
568.2,6,41.0,0.2306,1.5310341463414636,1.0,0.5093333333333333
568.2,7,36.0,0.2025,1.7514944444444445,1.0,0.5
568.2,8,42.0,0.2362,1.627097619047619,1.0,0.5093333333333333
568.7,6,42.0,0.2362,1.75385,1.0,0.5046666666666667
568.7,7,37.0,0.2082,1.7900324324324324,1.0,0.50475
568.7,8,42.0,0.2363,1.6079,1.0,0.5000833333333333
569.2,6,39.0,0.21939999999999998,1.5393923076923077,1.0,0.5
569.2,7,36.0,0.20249999999999999,1.7493833333333333,1.0,0.5
569.2,8,42.0,0.2363,1.6799000000000002,1.0,0.5
569.2,19,26.0,0.1462,1.8225423076923077,0.7955915032679738,0.4061111111111111
569.7,6,40.0,0.2251,1.67915,1.0,0.50475
569.7,7,37.0,0.2082,1.830197297297297,1.0,0.50475
569.7,8,41.0,0.2306,1.6350902439024388,1.0,0.5
570.2,6,37.0,0.2082,1.7686162162162162,1.0,0.5
570.2,7,40.0,0.22510000000000002,1.688645,1.0,0.5140833333333333
570.2,8,39.0,0.21939999999999998,1.4958564102564105,1.0,0.5
570.76,6,38.0,0.2138,1.50905,1.0,0.5046666666666667
570.76,7,38.0,0.2138,1.657063157894737,1.0,0.5
570.76,8,40.0,0.2251,1.515665,1.0,0.50475
571.26,6,37.0,0.2082,1.4616945945945947,1.0,0.5
571.26,7,42.0,0.2362,1.6911190476190476,1.0,0.5186666666666667
571.26,8,37.0,0.2082,1.5948324324324323,1.0,0.5
571.76,6,37.0,0.2081,1.4810081081081081,1.0,0.5
571.76,7,41.0,0.23070000000000002,1.654968292682927,1.0,0.5
571.76,8,37.0,0.2082,1.6229756756756757,1.0,0.5
572.26,6,38.0,0.2138,1.510315789473684,1.0,0.50475
572.26,7,41.0,0.2306,1.7426634146341462,1.0,0.5
572.26,8,39.0,0.21939999999999998,1.7779410256410257,1.0,0.5093333333333333
572.78,6,38.0,0.2138,1.508994736842105,1.0,0.5
572.78,7,39.0,0.21939999999999998,1.5573153846153847,1.0,0.5
572.78,8,37.0,0.2081,1.5179621621621622,1.0,0.5
573.28,6,39.0,0.21939999999999998,1.5573,1.0,0.5046666666666667
573.28,7,42.0,0.2363,1.684747619047619,1.0,0.5140833333333333
573.28,8,34.0,0.1913,1.4516,1.0,0.5
573.78,6,38.0,0.2138,1.6426947368421052,1.0,0.5
573.78,7,41.0,0.23070000000000002,1.6680731707317071,1.0,0.5
573.78,8,38.0,0.2138,1.4342,1.0,0.51875
574.28,6,40.0,0.22499999999999998,1.7196500000000001,1.0,0.5093333333333333
574.28,7,38.0,0.2138,1.5738631578947366,1.0,0.5
574.28,8,39.0,0.2194,1.5533,1.0,0.5046666666666667
574.78,6,38.0,0.2138,1.7248684210526317,1.0,0.5
574.78,7,40.0,0.22499999999999998,1.5429425,1.0,0.5093333333333333
574.78,8,39.0,0.2194,1.4447,1.0,0.5
575.28,6,41.0,0.23060000000000003,1.8239536585365854,1.0,0.514
575.28,7,37.0,0.2081,1.499062162162162,1.0,0.5
575.28,8,39.0,0.2194,1.5409,1.0,0.5
575.78,4,26.0,0.1462,0.6391076923076923,0.7955915032679738,0.5840436554898093
575.78,6,40.0,0.22510000000000002,1.54454,1.0,0.5
575.78,7,38.0,0.2138,1.5601684210526316,1.0,0.50475
575.78,8,38.0,0.2138,1.5772,1.0,0.5
576.29,4,26.0,0.1463,0.6815923076923076,0.795952614379085,0.5729666009204472
576.29,6,40.0,0.225,1.515675,1.0,0.5
576.29,7,36.0,0.2025,1.666566666666667,1.0,0.5
576.29,8,39.0,0.2194,1.5296,1.0,0.5046666666666667
576.79,4,28.0,0.1575,0.7872714285714286,0.856985294117647,0.5848756410256409
576.79,6,37.0,0.2081,1.483564864864865,1.0,0.5
576.79,7,38.0,0.2137,1.6219,1.0,0.5093333333333333
576.79,8,39.0,0.2194,1.6472999999999998,1.0,0.5
577.29,4,29.0,0.1631,0.7907379310344826,0.8875016339869282,0.5948312407898615
577.29,6,41.0,0.23070000000000002,1.543341463414634,1.0,0.5188333333333334
577.29,7,36.0,0.2025,1.569475,1.0,0.5
577.29,8,40.0,0.225,1.6705,1.0,0.5046666666666667
577.79,4,27.0,0.1519,0.7220777777777777,0.8264689542483661,0.5775388888888889
577.79,6,41.0,0.23070000000000002,1.4996048780487803,1.0,0.5
577.79,7,36.0,0.2025,1.6046,1.0,0.5
577.79,8,42.0,0.2363,1.658,1.0,0.5094166666666666
578.29,4,27.0,0.15189999999999998,0.7043555555555555,0.8264689542483659,0.5823102564102564
578.29,6,38.0,0.2138,1.5362552631578947,1.0,0.5
578.29,7,37.0,0.2081,1.668627027027027,1.0,0.5046666666666667
578.29,8,39.0,0.2194,1.6238,1.0,0.5
578.79,4,27.0,0.15189999999999998,0.7573444444444445,0.8264689542483659,0.5680440170940171
578.79,6,40.0,0.225,1.61995,1.0,0.5093333333333333
578.79,7,35.0,0.19690000000000002,1.6272542857142858,1.0,0.5
578.79,8,41.0,0.2306,1.6010000000000002,1.0,0.5093333333333333
579.29,4,25.0,0.1407,0.6778759999999999,0.765436274509804,0.5583282564102564
579.29,6,40.0,0.22510000000000002,1.8042849999999997,1.0,0.5000833333333333
579.29,7,36.0,0.2025,1.5443555555555557,1.0,0.5046666666666667
579.29,8,42.0,0.2363,1.5708000000000002,1.0,0.50475
579.79,6,40.0,0.225,1.8294125,1.0,0.5
579.79,7,37.0,0.2081,1.7249027027027026,1.0,0.5046666666666667
579.79,8,41.0,0.2306,1.6104414634146345,1.0,0.5
580.29,6,39.0,0.21939999999999998,1.7108025641025641,1.0,0.5
580.29,7,37.0,0.2081,1.6015756756756758,1.0,0.5
580.29,8,40.0,0.225,1.6646250000000002,1.0,0.5
580.79,6,37.0,0.2082,1.7653324324324322,1.0,0.5
580.79,7,36.0,0.2025,1.6742444444444444,1.0,0.5
580.79,8,41.0,0.23070000000000002,1.5950024390243902,1.0,0.50475
581.29,6,37.0,0.2082,1.6794,1.0,0.5
581.29,7,37.0,0.2082,1.6606108108108109,1.0,0.50475
581.29,8,40.0,0.225,1.51799,1.0,0.5
581.29,9,28.0,0.1575,1.6687,0.856985294117647,0.44216666666666665
581.8,4,27.0,0.1519,0.6689111111111111,0.8264689542483661,0.5965196581196582
581.8,6,35.0,0.19690000000000002,1.7178285714285713,1.0,0.5
581.8,7,37.0,0.2081,1.6944405405405405,1.0,0.5
581.8,8,44.0,0.2475,1.501,1.0,0.51875
581.8,9,26.0,0.1462,1.7806230769230769,0.7955915032679738,0.4061111111111111
582.3,4,28.0,0.1575,0.7662714285714285,0.856985294117647,0.5858628205128206
582.3,6,35.0,0.1969,1.715482857142857,1.0,0.5
582.3,7,38.0,0.2138,1.6091289473684212,1.0,0.50475
582.3,8,43.0,0.2419,1.523253488372093,1.0,0.5
582.3,9,26.0,0.1462,1.7538,0.7955915032679738,0.4061111111111111
582.8,4,27.0,0.1519,0.6957777777777778,0.8264689542483661,0.5846196581196581
582.8,6,36.0,0.2025,1.6946083333333333,1.0,0.5046666666666667
582.8,7,39.0,0.2194,1.6198,1.0,0.5046666666666667
582.8,8,42.0,0.2362,1.5079690476190475,1.0,0.5
582.8,9,25.0,0.1406,1.7003,0.765075163398693,0.3905555555555556
583.3,4,28.0,0.1575,0.7155857142857143,0.856985294117647,0.5995089743589744
583.3,6,37.0,0.2082,1.8591918918918917,1.0,0.50475
583.3,7,37.0,0.2081,1.704489189189189,1.0,0.5
583.3,8,45.0,0.2531,1.5618488888888888,1.0,0.5140833333333333
583.8,4,28.0,0.1575,0.7127857142857142,0.856985294117647,0.5955961538461538
583.8,6,34.0,0.19119999999999998,1.7933147058823529,1.0,0.5
583.8,7,36.0,0.2025,1.6449111111111112,1.0,0.5
583.8,8,46.0,0.2587,1.522117391304348,1.0,0.5046666666666667
584.3,4,27.0,0.15189999999999998,0.6998370370370371,0.8264689542483659,0.5835267806267805
584.3,6,33.0,0.18569999999999998,1.7876363636363635,0.9897058823529412,0.5
584.3,7,37.0,0.2082,1.6491108108108108,1.0,0.50475
584.3,8,45.0,0.2531,1.5691,1.0,0.5
584.86,4,26.0,0.14629999999999999,0.6486923076923077,0.7959526143790849,0.581740959894806
584.86,6,30.0,0.16870000000000002,1.7154033333333334,0.9180179738562093,0.4686111111111112
584.86,7,40.0,0.225,1.54219,1.0,0.514
584.86,8,45.0,0.2531,1.3187,1.0,0.5
585.36,6,32.0,0.18,1.7395625000000001,0.9794117647058824,0.5094166666666666
585.36,7,42.0,0.2363,1.5875857142857144,1.0,0.5094166666666666
585.36,8,43.0,0.2419,1.4783,1.0,0.5
585.87,6,32.0,0.18,1.8081875,0.9794117647058824,0.5
585.87,7,42.0,0.2363,1.5934285714285716,1.0,0.5
585.87,8,41.0,0.2306,1.4961,1.0,0.5
586.38,6,33.0,0.18569999999999998,1.6983151515151516,0.9897058823529412,0.50475
586.38,7,39.0,0.21939999999999998,1.5941589743589744,1.0,0.5
586.38,8,45.0,0.2531,1.516451111111111,1.0,0.51875
586.88,6,31.0,0.1744,1.7391580645161289,0.9488954248366013,0.48444444444444446
586.88,7,39.0,0.21939999999999998,1.581876923076923,1.0,0.5
586.88,8,44.0,0.2475,1.3797727272727272,1.0,0.5
587.39,6,29.0,0.16310000000000002,1.939793103448276,0.8875016339869282,0.45305555555555566
587.39,7,40.0,0.22510000000000002,1.6275750000000002,1.0,0.50475
587.39,8,45.0,0.2532,1.4415177777777777,1.0,0.50475
587.89,6,29.0,0.16310000000000002,1.774513793103448,0.8875016339869282,0.45305555555555566
587.89,7,37.0,0.2081,1.6268432432432431,1.0,0.5
587.89,8,46.0,0.25880000000000003,1.424017391304348,1.0,0.5046666666666667
588.39,6,30.0,0.16870000000000002,1.7493566666666667,0.9180179738562093,0.47327777777777785
588.39,7,36.0,0.2025,1.7282250000000001,1.0,0.5
588.39,8,47.0,0.26439999999999997,1.4170659574468083,1.0,0.5046666666666666
588.89,4,26.0,0.1463,0.7097,0.795952614379085,0.5653991452991454
588.89,6,27.0,0.15189999999999998,2.0963185185185185,0.8264689542483659,0.4219444444444444
588.89,7,36.0,0.2025,1.572775,1.0,0.5
588.89,8,48.0,0.27,1.538164583333333,1.0,0.5046666666666667
589.39,4,26.0,0.1463,0.6732615384615385,0.795952614379085,0.5751261669953979
589.39,6,26.0,0.1462,1.9302499999999998,0.7955915032679738,0.4061111111111111
589.39,7,38.0,0.2138,1.606778947368421,1.0,0.5094166666666666
589.39,8,48.0,0.27,1.5560666666666665,1.0,0.5
589.89,4,28.0,0.15760000000000002,0.6702142857142857,0.8573464052287583,0.6167521367521368
589.89,6,28.0,0.1575,1.6908535714285715,0.856985294117647,0.4469166666666667
589.89,7,34.0,0.1913,1.6499294117647059,1.0,0.5
589.89,8,49.0,0.2756,1.6250061224489796,1.0,0.5046666666666667
590.39,4,28.0,0.15760000000000002,0.8335928571428572,0.8573464052287583,0.5633489316239316
590.39,6,28.0,0.1575,1.8003928571428571,0.856985294117647,0.4375
590.39,7,34.0,0.19130000000000003,1.585758823529412,1.0,0.5
590.39,8,50.0,0.2813,1.6047299999999998,1.0,0.50475
590.89,4,28.0,0.1575,0.7506321428571427,0.856985294117647,0.5854067307692308
590.89,6,27.0,0.1519,2.0300000000000002,0.8264689542483661,0.42194444444444446
590.89,7,34.0,0.19130000000000003,1.608935294117647,1.0,0.5
590.89,8,51.0,0.2869,1.5802176470588238,1.0,0.5046666666666667
591.39,6,27.0,0.15189999999999998,1.7726555555555559,0.8264689542483659,0.4219444444444444
591.39,7,34.0,0.19130000000000003,1.6785411764705882,1.0,0.5
591.39,8,49.0,0.2756,1.5815367346938776,1.0,0.5
591.9,6,27.0,0.15189999999999998,1.9045407407407409,0.8264689542483659,0.4219444444444444
591.9,7,34.0,0.1912,1.5822029411764706,1.0,0.5
591.9,8,47.0,0.2644,1.570287234042553,1.0,0.5
592.4,6,30.0,0.1688,1.6801666666666668,0.9183790849673203,0.48297222222222225
592.4,7,34.0,0.19130000000000003,1.625164705882353,1.0,0.5000833333333333
592.4,8,47.0,0.26439999999999997,1.5704148936170212,1.0,0.5
592.9,6,30.0,0.1688,1.6111266666666666,0.9183790849673203,0.4688888888888889
592.9,7,34.0,0.19130000000000003,1.7350117647058827,1.0,0.5
592.9,8,47.0,0.2644,1.541355319148936,1.0,0.5
593.4,6,30.0,0.1688,1.5982200000000002,0.9183790849673203,0.4688888888888889
593.4,7,35.0,0.19690000000000002,1.6966714285714286,1.0,0.5046666666666667
593.4,8,45.0,0.2531,1.5222222222222221,1.0,0.5
593.9,6,30.0,0.16870000000000002,1.5812733333333333,0.9180179738562093,0.4686111111111112
593.9,7,35.0,0.19690000000000002,1.6661714285714286,1.0,0.5
593.9,8,45.0,0.2531,1.5207066666666667,1.0,0.5
594.4,6,29.0,0.16310000000000002,1.5640758620689654,0.8875016339869282,0.45305555555555566
594.4,7,37.0,0.2081,1.6715216216216215,1.0,0.5093333333333333
594.4,8,44.0,0.2475,1.4853909090909092,1.0,0.5
594.9,6,29.0,0.16310000000000002,1.6137655172413792,0.8875016339869282,0.45305555555555566
594.9,7,36.0,0.2025,1.700972222222222,1.0,0.5
594.9,8,45.0,0.2531,1.486211111111111,1.0,0.5046666666666667
595.4,6,28.0,0.1575,1.5987749999999998,0.856985294117647,0.4375
595.4,7,37.0,0.2081,1.7268270270270272,1.0,0.5046666666666667
595.4,8,47.0,0.26439999999999997,1.639872340425532,1.0,0.5094166666666666
595.9,6,30.0,0.1688,1.5563033333333331,0.9183790849673203,0.4783055555555556
595.9,7,39.0,0.2194,1.7436384615384617,1.0,0.5094166666666666
595.9,8,44.0,0.24760000000000001,1.6021954545454546,1.0,0.5
596.46,6,29.0,0.16310000000000002,1.6203275862068964,0.8875016339869282,0.45305555555555566
596.46,7,40.0,0.225,1.7224,1.0,0.5046666666666667
596.46,8,45.0,0.2532,1.5414800000000002,1.0,0.5046666666666666
596.96,4,26.0,0.14629999999999999,0.7514307692307691,0.7959526143790849,0.558747271531887
596.96,6,29.0,0.1632,1.7422275862068966,0.8878627450980392,0.4534166666666667
596.96,7,44.0,0.2475,1.6608477272727271,1.0,0.51875
596.96,8,41.0,0.2306,1.436973170731707,1.0,0.5
597.47,4,26.0,0.1462,0.7751038461538463,0.7955915032679738,0.5474293063773832
597.47,6,27.0,0.15189999999999998,1.7166555555555556,0.8264689542483659,0.4219444444444444
597.47,7,42.0,0.2363,1.7038,1.0,0.5
597.47,8,43.0,0.2419,1.5236139534883721,1.0,0.5094166666666666
597.97,4,25.0,0.1406,0.712572,0.765075163398693,0.5487092478632479
597.97,6,28.0,0.1575,1.6466714285714288,0.856985294117647,0.4421666666666667
597.97,7,43.0,0.2419,1.6561627906976746,1.0,0.5046666666666667
597.97,8,44.0,0.2475,1.5723,1.0,0.5046666666666667
598.48,6,28.0,0.1576,1.59285,0.8573464052287582,0.4378611111111111
598.48,7,44.0,0.2475,1.8326363636363636,1.0,0.5046666666666667
598.48,8,45.0,0.2531,1.4794000000000003,1.0,0.5046666666666667
598.98,6,26.0,0.1462,1.6136923076923078,0.7955915032679738,0.4061111111111111
598.98,7,44.0,0.2475,1.8654454545454546,1.0,0.5
598.98,8,45.0,0.2531,1.5621,1.0,0.5
599.49,6,27.0,0.15189999999999998,1.5637814814814814,0.8264689542483659,0.4266944444444444
599.49,7,41.0,0.2307,1.740973170731707,1.0,0.5
599.49,8,47.0,0.2644,1.5628,1.0,0.5094166666666667
599.99,6,28.0,0.1575,1.7422142857142855,0.856985294117647,0.4421666666666667
599.99,7,42.0,0.23629999999999998,1.7182714285714282,1.0,0.5046666666666667
599.99,8,45.0,0.2531,1.5545999999999998,1.0,0.5
600.49,6,27.0,0.15189999999999998,1.6168296296296296,0.8264689542483659,0.4219444444444444
600.49,7,42.0,0.2363,1.715585714285714,1.0,0.5
600.49,8,47.0,0.2644,1.4228,1.0,0.5094166666666667
600.99,6,26.0,0.14629999999999999,1.5912153846153847,0.7959526143790849,0.40638888888888886
600.99,7,42.0,0.23620000000000002,1.670466666666667,1.0,0.5
600.99,8,45.0,0.2532,1.513828888888889,1.0,0.5
601.5,6,27.0,0.1519,2.322188888888889,0.8264689542483661,0.42661111111111116
601.5,7,43.0,0.2419,1.6095581395348837,1.0,0.50475
601.5,8,47.0,0.26439999999999997,1.5102829787234042,1.0,0.5093333333333333
602.0,6,26.0,0.1462,1.65015,0.7955915032679738,0.4061111111111111
602.0,7,42.0,0.2363,1.5678666666666665,1.0,0.5
602.0,8,46.0,0.25880000000000003,1.6153760869565217,1.0,0.5
602.5,6,27.0,0.1519,1.6666666666666667,0.8264689542483661,0.4266944444444445
602.5,7,43.0,0.2419,1.5328511627906976,1.0,0.5046666666666667
602.5,8,47.0,0.26439999999999997,1.701363829787234,1.0,0.5046666666666666
603.0,6,26.0,0.14629999999999999,1.759223076923077,0.7959526143790849,0.40638888888888886
603.0,7,44.0,0.2475,1.5755818181818184,1.0,0.5046666666666667
603.0,8,47.0,0.26439999999999997,1.7781659574468087,1.0,0.5
603.5,4,26.0,0.1462,0.7212846153846153,0.7955915032679738,0.566502432610125
603.5,6,29.0,0.1632,1.6671413793103447,0.8878627450980392,0.4674166666666667
603.5,7,44.0,0.24760000000000001,1.571790909090909,1.0,0.5000833333333333
603.5,8,43.0,0.2419,1.5933372093023255,1.0,0.5
604.0,4,25.0,0.1406,0.591696,0.765075163398693,0.5812527863247864
604.0,6,30.0,0.1688,1.6358933333333334,0.9183790849673203,0.47355555555555556
604.0,7,42.0,0.2363,1.6915761904761903,1.0,0.5
604.0,8,46.0,0.25880000000000003,1.6596739130434786,1.0,0.5140833333333333
604.5,4,25.0,0.1406,0.6743399999999999,0.765075163398693,0.5590024786324788
604.5,6,30.0,0.16870000000000002,1.567246666666667,0.9180179738562093,0.4686111111111112
604.5,7,42.0,0.2363,1.6839666666666664,1.0,0.5
604.5,8,45.0,0.2532,1.6532222222222221,1.0,0.5
605.0,6,30.0,0.1688,1.562,0.9183790849673203,0.46897222222222223
605.0,7,41.0,0.2306,1.714129268292683,1.0,0.5
605.0,8,44.0,0.24760000000000001,1.5677363636363635,1.0,0.5
605.56,6,33.0,0.1856,1.6669545454545456,0.9897058823529412,0.514
605.56,7,39.0,0.21939999999999998,1.5350641025641025,1.0,0.5
605.56,8,44.0,0.2475,1.4766863636363636,1.0,0.5
606.07,6,32.0,0.18009999999999998,1.899825,0.9794117647058824,0.5
606.07,7,40.0,0.22510000000000002,1.756175,1.0,0.50475
606.07,8,45.0,0.2532,1.636553333333333,1.0,0.50475
606.57,6,31.0,0.1744,1.6261999999999999,0.9488954248366013,0.48444444444444446
606.57,7,39.0,0.2194,1.8053615384615382,1.0,0.5
606.57,8,44.0,0.2475,1.5309772727272728,1.0,0.5
607.07,6,34.0,0.1913,1.5040235294117648,1.0,0.5140833333333333
607.07,7,37.0,0.2081,1.7668054054054056,1.0,0.5
607.07,8,42.0,0.2362,1.5892690476190474,1.0,0.5
607.58,6,33.0,0.1857,1.6019181818181816,0.9897058823529412,0.5
607.58,7,37.0,0.2082,1.801524324324324,1.0,0.5000833333333333
607.58,8,44.0,0.24760000000000001,1.5695590909090908,1.0,0.5095000000000001
608.08,6,31.0,0.1744,1.5149096774193547,0.9488954248366013,0.48444444444444446
608.08,7,38.0,0.21380000000000002,1.7634052631578947,1.0,0.5046666666666667
608.08,8,45.0,0.2532,1.6731333333333334,1.0,0.5046666666666666
608.58,6,31.0,0.1744,1.607974193548387,0.9488954248366013,0.48444444444444446
608.58,7,42.0,0.2363,1.6921857142857142,1.0,0.51875
608.58,8,41.0,0.2306,1.6750243902439026,1.0,0.5
609.08,6,36.0,0.2025,1.7564777777777776,1.0,0.5234166666666666
609.08,7,39.0,0.21939999999999998,1.6379871794871796,1.0,0.5
609.08,8,38.0,0.2138,1.6179394736842105,1.0,0.5
609.58,6,34.0,0.1913,1.6915794117647058,1.0,0.5
609.58,7,39.0,0.21939999999999998,1.6121692307692308,1.0,0.5
609.58,8,37.0,0.20809999999999998,1.6990108108108108,1.0,0.5
610.08,6,35.0,0.1969,1.7014399999999998,1.0,0.5046666666666667
610.08,7,41.0,0.23070000000000002,1.6784658536585364,1.0,0.5094166666666667
610.08,8,34.0,0.1913,1.52105,1.0,0.5
610.58,4,26.0,0.14629999999999999,0.6819461538461538,0.7959526143790849,0.5727880013149244
610.58,6,35.0,0.1969,1.9062799999999998,1.0,0.5
610.58,7,41.0,0.2306,1.7185926829268292,1.0,0.5
610.58,8,35.0,0.1969,1.6269628571428572,1.0,0.5046666666666667
611.09,4,25.0,0.1407,0.636252,0.765436274509804,0.5695347179487179
611.09,6,32.0,0.18009999999999998,1.56603125,0.9794117647058824,0.5
611.09,7,42.0,0.2363,1.6948714285714286,1.0,0.50475
611.09,8,34.0,0.1913,1.6042529411764708,1.0,0.5
611.59,4,25.0,0.1406,0.75834,0.765075163398693,0.5363870940170941
611.59,6,32.0,0.18009999999999998,1.6814624999999999,0.9794117647058824,0.5
611.59,7,43.0,0.2419,1.649932558139535,1.0,0.5046666666666667
611.59,8,34.0,0.1913,1.5128617647058824,1.0,0.5
612.09,6,33.0,0.18569999999999998,1.6183,0.9897058823529412,0.5046666666666667
612.09,7,44.0,0.2475,1.6019363636363635,1.0,0.5046666666666667
612.09,8,33.0,0.1857,1.5519939393939395,0.9897058823529412,0.5
612.59,6,32.0,0.18009999999999998,1.6482375,0.9794117647058824,0.5
612.59,7,45.0,0.2531,1.6741444444444444,1.0,0.5046666666666667
612.59,8,32.0,0.18,1.585575,0.9794117647058824,0.5
613.09,6,32.0,0.18,1.5741999999999998,0.9794117647058824,0.5
613.09,7,43.0,0.2419,1.7514906976744185,1.0,0.5
613.09,8,34.0,0.1913,1.6841176470588235,1.0,0.5094166666666666
613.59,6,35.0,0.19690000000000002,1.7261571428571427,1.0,0.5140833333333333
613.59,7,40.0,0.22510000000000002,1.7346400000000002,1.0,0.5
613.59,8,34.0,0.1913,1.6735529411764705,1.0,0.5
614.09,6,35.0,0.19690000000000002,1.692057142857143,1.0,0.5
614.09,7,39.0,0.2194,1.6393615384615383,1.0,0.5
614.09,8,34.0,0.1913,1.660120588235294,1.0,0.5
614.59,6,32.0,0.18009999999999998,1.467575,0.9794117647058824,0.5
614.59,7,39.0,0.21939999999999998,1.6411,1.0,0.5
614.59,8,34.0,0.1913,1.6652470588235293,1.0,0.5
615.09,6,31.0,0.1744,1.7486516129032257,0.9488954248366013,0.48444444444444446
615.09,7,41.0,0.23070000000000002,1.7098,1.0,0.5094166666666667
615.09,8,30.0,0.1688,1.6951199999999997,0.9183790849673203,0.4688888888888889
615.59,6,33.0,0.1856,1.842472727272727,0.9897058823529412,0.5093333333333333
615.59,7,40.0,0.22510000000000002,1.7551650000000003,1.0,0.5
615.59,8,27.0,0.1519,1.6949037037037036,0.8264689542483661,0.42194444444444446
616.09,6,32.0,0.18,1.71375,0.9794117647058824,0.5
616.09,7,40.0,0.225,1.7693750000000001,1.0,0.5
616.09,8,30.0,0.1688,1.7880533333333335,0.9183790849673203,0.48297222222222225
616.6,6,34.0,0.1912,1.71975,1.0,0.5093333333333333
616.6,7,39.0,0.21939999999999998,1.7766923076923076,1.0,0.5
616.6,8,27.0,0.1519,1.7267,0.8264689542483661,0.42194444444444446
617.1,6,36.0,0.2025,1.658411111111111,1.0,0.5094166666666666
617.1,7,37.0,0.2082,1.850891891891892,1.0,0.5
617.1,8,26.0,0.1463,1.6572999999999998,0.795952614379085,0.40638888888888897
617.6,6,38.0,0.2138,1.925463157894737,1.0,0.5094166666666666
617.6,7,34.0,0.19119999999999998,1.7544588235294118,1.0,0.5
617.6,8,27.0,0.1519,1.6899999999999997,0.8264689542483661,0.4266111111111111
618.1,6,37.0,0.2082,1.8446972972972973,1.0,0.5
618.1,7,32.0,0.18009999999999998,1.75465625,0.9794117647058824,0.5
618.1,8,26.0,0.1463,1.7133,0.795952614379085,0.40638888888888897
618.6,6,41.0,0.2307,1.756739024390244,1.0,0.51875
618.6,7,30.0,0.1688,1.7771533333333334,0.9183790849673203,0.4688888888888889
618.6,8,25.0,0.1406,1.6762040000000002,0.765075163398693,0.3905555555555556
619.1,6,37.0,0.2081,1.6245054054054056,1.0,0.5
619.1,7,31.0,0.1744,1.7398290322580647,0.9488954248366013,0.4891111111111111
619.1,8,25.0,0.1406,1.7256,0.765075163398693,0.3905555555555556
619.6,6,36.0,0.2025,1.6201249999999998,1.0,0.5
619.6,7,35.0,0.19690000000000002,1.6359457142857143,1.0,0.51875
620.14,6,35.0,0.1969,1.585405714285714,1.0,0.5
620.14,7,33.0,0.18560000000000001,1.5222454545454545,0.9897058823529412,0.5
620.65,6,35.0,0.1969,1.5736571428571429,1.0,0.5
620.65,7,34.0,0.19130000000000003,1.6172705882352942,1.0,0.50475
621.16,6,37.0,0.2081,1.8617459459459458,1.0,0.5093333333333333
621.16,7,34.0,0.1912,1.7260588235294116,1.0,0.5
621.66,4,27.0,0.1519,0.7081111111111111,0.8264689542483661,0.5812991452991453
621.66,6,37.0,0.2081,1.671291891891892,1.0,0.5
621.66,7,33.0,0.1856,1.7631878787878787,0.9897058823529412,0.5
622.16,4,27.0,0.15189999999999998,0.7384,0.8264689542483659,0.5731444444444445
622.16,6,36.0,0.2025,1.8582444444444444,1.0,0.5
622.16,7,33.0,0.1857,1.7350727272727273,0.9897058823529412,0.5000833333333333
622.66,4,25.0,0.1406,0.6380880000000001,0.765075163398693,0.5687626324786325
622.66,6,33.0,0.1857,1.8905818181818184,0.9897058823529412,0.5
622.66,7,30.0,0.16870000000000002,1.6561666666666668,0.9180179738562093,0.4686111111111112
623.16,4,26.0,0.14629999999999999,0.6785076923076923,0.7959526143790849,0.5784637409598948
623.16,6,32.0,0.18,1.73226875,0.9794117647058824,0.5
623.16,7,29.0,0.16310000000000002,1.6866034482758623,0.8875016339869282,0.45305555555555566
623.66,4,26.0,0.14629999999999999,0.7317730769230769,0.7959526143790849,0.559373060486522
623.66,6,32.0,0.18,1.5631125,0.9794117647058824,0.5
623.66,7,28.0,0.1575,1.671357142857143,0.856985294117647,0.4375
624.16,4,26.0,0.14629999999999999,0.7241846153846154,0.7959526143790849,0.5614161078238
624.16,6,32.0,0.18,1.657,0.9794117647058824,0.5
624.16,7,27.0,0.1519,1.561822222222222,0.8264689542483661,0.42194444444444446
624.66,4,25.0,0.1407,0.646648,0.765436274509804,0.5667357948717948
624.66,6,31.0,0.1744,1.6560870967741936,0.9488954248366013,0.48444444444444446
624.66,7,27.0,0.1519,1.6563333333333334,0.8264689542483661,0.42194444444444446
625.16,4,25.0,0.1406,0.7087079999999999,0.765075163398693,0.5497495555555556
625.16,6,33.0,0.18569999999999998,1.6802454545454546,0.9897058823529412,0.5094166666666666
625.16,7,26.0,0.14629999999999999,1.6780884615384615,0.7959526143790849,0.40638888888888886
625.66,6,30.0,0.1688,1.6083666666666667,0.9183790849673203,0.4688888888888889
625.66,7,31.0,0.1744,1.7109290322580646,0.9488954248366013,0.5078611111111111
626.16,6,29.0,0.1631,1.7258758620689654,0.8875016339869282,0.45305555555555554
626.16,7,31.0,0.1744,1.7726,0.9488954248366013,0.48444444444444446
626.67,6,30.0,0.1688,1.5828533333333332,0.9183790849673203,0.47363888888888894
626.67,7,32.0,0.18,1.7022093749999998,0.9794117647058824,0.5046666666666667
627.17,6,31.0,0.1744,1.6137225806451612,0.9488954248366013,0.4891111111111111
627.17,7,30.0,0.16879999999999998,1.7001766666666667,0.9183790849673201,0.46888888888888886
627.67,6,30.0,0.16870000000000002,1.5156266666666667,0.9180179738562093,0.4686111111111112
627.67,7,31.0,0.1744,1.8261838709677418,0.9488954248366013,0.48911111111111116
628.17,6,31.0,0.1744,1.4974387096774193,0.9488954248366013,0.48919444444444443
628.17,7,31.0,0.1744,1.6874967741935485,0.9488954248366013,0.48444444444444446
628.67,6,31.0,0.1744,1.4037451612903225,0.9488954248366013,0.48444444444444446
628.67,7,29.0,0.16319999999999998,1.7228310344827589,0.8878627450980392,0.4533333333333333
629.17,6,32.0,0.18,1.5812499999999998,0.9794117647058824,0.5046666666666667
629.17,7,30.0,0.1688,1.7867199999999999,0.9183790849673203,0.4735555555555556
629.67,6,31.0,0.1744,1.6643225806451611,0.9488954248366013,0.48444444444444446
629.67,7,28.0,0.15749999999999997,1.7294714285714288,0.856985294117647,0.43749999999999994
630.17,6,32.0,0.18,1.5496500000000002,0.9794117647058824,0.5046666666666667
630.17,7,28.0,0.1575,1.6444571428571426,0.856985294117647,0.4375
630.67,6,33.0,0.1857,1.5845909090909092,0.9897058823529412,0.50475
630.67,7,28.0,0.1575,1.5739035714285716,0.856985294117647,0.4375
631.17,6,32.0,0.18,1.613434375,0.9794117647058824,0.5
631.17,7,27.0,0.1519,1.5754333333333332,0.8264689542483661,0.42194444444444446
631.67,6,31.0,0.1744,1.4880354838709677,0.9488954248366013,0.48444444444444446
631.67,7,27.0,0.1519,1.6483222222222225,0.8264689542483661,0.42194444444444446
632.17,6,30.0,0.1688,1.73878,0.9183790849673203,0.4688888888888889
632.17,7,28.0,0.15749999999999997,1.610557142857143,0.856985294117647,0.4421666666666666
632.67,6,30.0,0.1688,1.8038899999999998,0.9183790849673203,0.4688888888888889
632.67,7,27.0,0.15189999999999998,1.645725925925926,0.8264689542483659,0.4219444444444444
633.17,6,31.0,0.1744,1.6800387096774194,0.9488954248366013,0.4891111111111111
633.17,7,26.0,0.14629999999999999,1.6587038461538461,0.7959526143790849,0.40638888888888886
633.68,4,26.0,0.1462,0.7387884615384616,0.7955915032679738,0.5617898586456279
633.68,6,30.0,0.16870000000000002,1.7602466666666667,0.9180179738562093,0.4686111111111112
633.68,7,26.0,0.14629999999999999,1.6947384615384615,0.7959526143790849,0.40638888888888886
634.18,6,30.0,0.1688,1.7521799999999998,0.9183790849673203,0.46897222222222223
634.18,7,25.0,0.1407,1.5205359999999999,0.765436274509804,0.3908333333333333
634.68,6,31.0,0.1744,1.7128129032258064,0.9488954248366013,0.4891111111111111
635.18,6,31.0,0.1744,1.7105935483870964,0.9488954248366013,0.48444444444444446
635.68,6,31.0,0.1744,1.6697741935483867,0.9488954248366013,0.48444444444444446
636.18,6,30.0,0.1688,1.6484500000000002,0.9183790849673203,0.4688888888888889
636.68,6,29.0,0.1632,1.6307482758620688,0.8878627450980392,0.45333333333333337
637.18,6,30.0,0.1688,1.6137000000000001,0.9183790849673203,0.47355555555555556
637.69,6,29.0,0.1632,1.4481655172413794,0.8878627450980392,0.45333333333333337
638.19,6,31.0,0.1744,2.0105096774193547,0.9488954248366013,0.49377777777777776
638.69,6,32.0,0.18,1.909525,0.9794117647058824,0.5046666666666667
639.19,6,29.0,0.1632,1.617648275862069,0.8878627450980392,0.45333333333333337
639.69,6,28.0,0.1575,1.6287142857142858,0.856985294117647,0.4375
640.19,6,27.0,0.1519,1.7946555555555557,0.8264689542483661,0.42194444444444446
640.69,6,27.0,0.15189999999999998,1.7491407407407407,0.8264689542483659,0.4219444444444444
641.19,6,26.0,0.14629999999999999,1.700446153846154,0.7959526143790849,0.40638888888888886
641.69,6,25.0,0.1406,1.9095280000000003,0.765075163398693,0.3905555555555556
650.23,4,25.0,0.1406,0.6469999999999999,0.765075163398693,0.5663632478632479
650.73,4,26.0,0.1462,0.6831153846153846,0.7955915032679738,0.5768620973044051
651.23,4,25.0,0.1406,0.614248,0.765075163398693,0.575181094017094
651.73,4,25.0,0.1406,0.685364,0.765075163398693,0.5560344786324787
652.23,4,25.0,0.1407,0.698156,0.765436274509804,0.5529515897435897
652.73,4,25.0,0.1407,0.649308,0.765436274509804,0.5660196410256411
